1776313495,,ui,say,==> control.amazon-ebs.ubuntu: Prevalidating any provided VPC information
1776313495,,ui,say,==> control.amazon-ebs.ubuntu: Prevalidating AMI Name: control-ubuntu-22.04-20260416-042453
1776313495,,ui,say,==> control.amazon-ebs.ubuntu: Found Image ID: ami-05e86b3611c60b0b4
1776313495,,ui,say,==> control.amazon-ebs.ubuntu: Setting public IP address to true on instance without a subnet ID
1776313495,,ui,say,==> control.amazon-ebs.ubuntu: No VPC ID provided%!(PACKER_COMMA) Packer will use the default VPC
1776313495,,ui,say,==> control.amazon-ebs.ubuntu: Inferring subnet from the selected VPC "vpc-0f9f395644f840ac4"
1776313496,,ui,say,==> control.amazon-ebs.ubuntu: Set subnet as "subnet-04193ba62954ee54e"
1776313496,,ui,say,==> control.amazon-ebs.ubuntu: Creating temporary keypair: packer_69e06495-9873-294f-167a-8969324e4d72
1776313496,,ui,say,==> control.amazon-ebs.ubuntu: Creating temporary security group for this instance: packer_69e06498-ef2f-bf10-d7a6-8ca4c071bef4
1776313497,,ui,say,==> control.amazon-ebs.ubuntu: Authorizing access to port 22 from [0.0.0.0/0] in the temporary security groups...
1776313497,,ui,say,==> control.amazon-ebs.ubuntu: Launching a source AWS instance...
1776313497,,ui,say,==> control.amazon-ebs.ubuntu: Adding tag: "ManagedBy": "packer"
1776313497,,ui,say,==> control.amazon-ebs.ubuntu: Adding tag: "Name": "control-ubuntu-22.04-build"
1776313497,,ui,say,==> control.amazon-ebs.ubuntu: changing public IP address config to true for instance on subnet "subnet-04193ba62954ee54e"
1776313499,,ui,say,==> control.amazon-ebs.ubuntu: Instance ID: i-0601514d42aa80d8f
1776313499,,ui,say,==> control.amazon-ebs.ubuntu: Waiting for instance (i-0601514d42aa80d8f) to become ready...
1776313514,,ui,say,==> control.amazon-ebs.ubuntu: Using SSH communicator to connect: 18.215.254.230
1776313514,,ui,say,==> control.amazon-ebs.ubuntu: Waiting for SSH to become available...
1776313521,,ui,say,==> control.amazon-ebs.ubuntu: Connected to SSH!
1776313521,,ui,say,==> control.amazon-ebs.ubuntu: Uploading files/nginx/ => /tmp/nginx
1776313521,,ui,say,==> control.amazon-ebs.ubuntu: Provisioning with shell script: scripts/update.sh
1776313522,,ui,error,==> control.amazon-ebs.ubuntu: + echo '=== Disabling broken command-not-found apt hook (Jammy bug) ==='
1776313522,,ui,error,==> control.amazon-ebs.ubuntu: + '[' -f /etc/apt/apt.conf.d/50command-not-found ']'
1776313522,,ui,say,==> control.amazon-ebs.ubuntu: === Disabling broken command-not-found apt hook (Jammy bug) ===
1776313522,,ui,error,==> control.amazon-ebs.ubuntu: + sudo mv /etc/apt/apt.conf.d/50command-not-found /etc/apt/apt.conf.d/50command-not-found.disabled
1776313522,,ui,say,==> control.amazon-ebs.ubuntu: === Updating system packages ===
1776313522,,ui,error,==> control.amazon-ebs.ubuntu: + echo '=== Updating system packages ==='
1776313522,,ui,error,==> control.amazon-ebs.ubuntu: + sudo apt-get update -y
1776313522,,ui,say,==> control.amazon-ebs.ubuntu: Hit:1 http://us-east-1.ec2.archive.ubuntu.com/ubuntu jammy InRelease
1776313522,,ui,say,==> control.amazon-ebs.ubuntu: Get:2 http://us-east-1.ec2.archive.ubuntu.com/ubuntu jammy-updates InRelease [128 kB]
1776313522,,ui,say,==> control.amazon-ebs.ubuntu: Get:3 http://us-east-1.ec2.archive.ubuntu.com/ubuntu jammy-backports InRelease [127 kB]
1776313522,,ui,say,==> control.amazon-ebs.ubuntu: Get:4 http://security.ubuntu.com/ubuntu jammy-security InRelease [129 kB]
1776313522,,ui,say,==> control.amazon-ebs.ubuntu: Get:5 http://us-east-1.ec2.archive.ubuntu.com/ubuntu jammy/universe amd64 Packages [14.1 MB]
1776313523,,ui,say,==> control.amazon-ebs.ubuntu: Get:6 http://us-east-1.ec2.archive.ubuntu.com/ubuntu jammy/universe Translation-en [5652 kB]
1776313523,,ui,say,==> control.amazon-ebs.ubuntu: Get:7 http://us-east-1.ec2.archive.ubuntu.com/ubuntu jammy/multiverse amd64 Packages [217 kB]
1776313523,,ui,say,==> control.amazon-ebs.ubuntu: Get:8 http://us-east-1.ec2.archive.ubuntu.com/ubuntu jammy/multiverse Translation-en [112 kB]
1776313523,,ui,say,==> control.amazon-ebs.ubuntu: Get:9 http://us-east-1.ec2.archive.ubuntu.com/ubuntu jammy-updates/main amd64 Packages [3400 kB]
1776313523,,ui,say,==> control.amazon-ebs.ubuntu: Get:10 http://us-east-1.ec2.archive.ubuntu.com/ubuntu jammy-updates/main Translation-en [518 kB]
1776313523,,ui,say,==> control.amazon-ebs.ubuntu: Get:11 http://us-east-1.ec2.archive.ubuntu.com/ubuntu jammy-updates/restricted amd64 Packages [5686 kB]
1776313523,,ui,say,==> control.amazon-ebs.ubuntu: Get:12 http://us-east-1.ec2.archive.ubuntu.com/ubuntu jammy-updates/restricted Translation-en [1091 kB]
1776313523,,ui,say,==> control.amazon-ebs.ubuntu: Get:13 http://us-east-1.ec2.archive.ubuntu.com/ubuntu jammy-updates/universe amd64 Packages [1262 kB]
1776313524,,ui,say,==> control.amazon-ebs.ubuntu: Get:14 http://us-east-1.ec2.archive.ubuntu.com/ubuntu jammy-updates/universe Translation-en [316 kB]
1776313524,,ui,say,==> control.amazon-ebs.ubuntu: Get:15 http://us-east-1.ec2.archive.ubuntu.com/ubuntu jammy-updates/multiverse amd64 Packages [59.0 kB]
1776313524,,ui,say,==> control.amazon-ebs.ubuntu: Get:16 http://us-east-1.ec2.archive.ubuntu.com/ubuntu jammy-updates/multiverse Translation-en [13.5 kB]
1776313524,,ui,say,==> control.amazon-ebs.ubuntu: Get:17 http://us-east-1.ec2.archive.ubuntu.com/ubuntu jammy-backports/main amd64 Packages [69.4 kB]
1776313524,,ui,say,==> control.amazon-ebs.ubuntu: Get:18 http://us-east-1.ec2.archive.ubuntu.com/ubuntu jammy-backports/main Translation-en [11.5 kB]
1776313524,,ui,say,==> control.amazon-ebs.ubuntu: Get:19 http://us-east-1.ec2.archive.ubuntu.com/ubuntu jammy-backports/universe amd64 Packages [30.6 kB]
1776313524,,ui,say,==> control.amazon-ebs.ubuntu: Get:20 http://us-east-1.ec2.archive.ubuntu.com/ubuntu jammy-backports/universe Translation-en [16.9 kB]
1776313524,,ui,say,==> control.amazon-ebs.ubuntu: Get:21 http://security.ubuntu.com/ubuntu jammy-security/main amd64 Packages [3114 kB]
1776313524,,ui,say,==> control.amazon-ebs.ubuntu: Get:22 http://security.ubuntu.com/ubuntu jammy-security/main Translation-en [445 kB]
1776313524,,ui,say,==> control.amazon-ebs.ubuntu: Get:23 http://security.ubuntu.com/ubuntu jammy-security/restricted amd64 Packages [5468 kB]
1776313524,,ui,say,==> control.amazon-ebs.ubuntu: Get:24 http://security.ubuntu.com/ubuntu jammy-security/restricted Translation-en [1051 kB]
1776313524,,ui,say,==> control.amazon-ebs.ubuntu: Get:25 http://security.ubuntu.com/ubuntu jammy-security/universe amd64 Packages [1025 kB]
1776313524,,ui,say,==> control.amazon-ebs.ubuntu: Get:26 http://security.ubuntu.com/ubuntu jammy-security/universe Translation-en [226 kB]
1776313524,,ui,say,==> control.amazon-ebs.ubuntu: Get:27 http://security.ubuntu.com/ubuntu jammy-security/multiverse amd64 Packages [51.9 kB]
1776313524,,ui,say,==> control.amazon-ebs.ubuntu: Get:28 http://security.ubuntu.com/ubuntu jammy-security/multiverse Translation-en [10.6 kB]
1776313536,,ui,say,==> control.amazon-ebs.ubuntu: Fetched 44.3 MB in 8s (5733 kB/s)
1776313539,,ui,say,==> control.amazon-ebs.ubuntu: Reading package lists...
1776313540,,ui,error,==> control.amazon-ebs.ubuntu: + sudo apt-get upgrade -y
1776313540,,ui,say,==> control.amazon-ebs.ubuntu: Reading package lists...
1776313541,,ui,say,==> control.amazon-ebs.ubuntu: Building dependency tree...
1776313541,,ui,say,==> control.amazon-ebs.ubuntu: Reading state information...
1776313541,,ui,say,==> control.amazon-ebs.ubuntu: Calculating upgrade...
1776313542,,ui,say,==> control.amazon-ebs.ubuntu: The following packages have been kept back:
1776313542,,ui,say,==> control.amazon-ebs.ubuntu:   libnetplan0 linux-aws linux-headers-aws linux-image-aws netplan.io
1776313542,,ui,say,==> control.amazon-ebs.ubuntu: The following packages will be upgraded:
1776313542,,ui,say,==> control.amazon-ebs.ubuntu:   libpolkit-agent-1-0 libpolkit-gobject-1-0 linux-tools-common pkexec
1776313542,,ui,say,==> control.amazon-ebs.ubuntu:   policykit-1 polkitd vim vim-common vim-runtime vim-tiny xxd
1776313542,,ui,say,==> control.amazon-ebs.ubuntu: 11 upgraded%!(PACKER_COMMA) 0 newly installed%!(PACKER_COMMA) 0 to remove and 5 not upgraded.
1776313542,,ui,say,==> control.amazon-ebs.ubuntu: Need to get 9850 kB of archives.
1776313542,,ui,say,==> control.amazon-ebs.ubuntu: After this operation%!(PACKER_COMMA) 10.2 kB of additional disk space will be used.
1776313542,,ui,say,==> control.amazon-ebs.ubuntu: Get:1 http://us-east-1.ec2.archive.ubuntu.com/ubuntu jammy-updates/main amd64 vim amd64 2:8.2.3995-1ubuntu2.27 [1731 kB]
1776313542,,ui,say,==> control.amazon-ebs.ubuntu: Get:2 http://us-east-1.ec2.archive.ubuntu.com/ubuntu jammy-updates/main amd64 vim-tiny amd64 2:8.2.3995-1ubuntu2.27 [706 kB]
1776313542,,ui,say,==> control.amazon-ebs.ubuntu: Get:3 http://us-east-1.ec2.archive.ubuntu.com/ubuntu jammy-updates/main amd64 vim-runtime all 2:8.2.3995-1ubuntu2.27 [6825 kB]
1776313542,,ui,say,==> control.amazon-ebs.ubuntu: Get:4 http://us-east-1.ec2.archive.ubuntu.com/ubuntu jammy-updates/main amd64 xxd amd64 2:8.2.3995-1ubuntu2.27 [51.0 kB]
1776313542,,ui,say,==> control.amazon-ebs.ubuntu: Get:5 http://us-east-1.ec2.archive.ubuntu.com/ubuntu jammy-updates/main amd64 vim-common all 2:8.2.3995-1ubuntu2.27 [81.5 kB]
1776313542,,ui,say,==> control.amazon-ebs.ubuntu: Get:6 http://us-east-1.ec2.archive.ubuntu.com/ubuntu jammy-updates/main amd64 pkexec amd64 0.105-33ubuntu0.1 [15.2 kB]
1776313542,,ui,say,==> control.amazon-ebs.ubuntu: Get:7 http://us-east-1.ec2.archive.ubuntu.com/ubuntu jammy-updates/main amd64 polkitd amd64 0.105-33ubuntu0.1 [80.1 kB]
1776313542,,ui,say,==> control.amazon-ebs.ubuntu: Get:8 http://us-east-1.ec2.archive.ubuntu.com/ubuntu jammy-updates/main amd64 policykit-1 amd64 0.105-33ubuntu0.1 [2438 B]
1776313542,,ui,say,==> control.amazon-ebs.ubuntu: Get:9 http://us-east-1.ec2.archive.ubuntu.com/ubuntu jammy-updates/main amd64 libpolkit-agent-1-0 amd64 0.105-33ubuntu0.1 [16.9 kB]
1776313542,,ui,say,==> control.amazon-ebs.ubuntu: Get:10 http://us-east-1.ec2.archive.ubuntu.com/ubuntu jammy-updates/main amd64 libpolkit-gobject-1-0 amd64 0.105-33ubuntu0.1 [43.3 kB]
1776313542,,ui,say,==> control.amazon-ebs.ubuntu: Get:11 http://us-east-1.ec2.archive.ubuntu.com/ubuntu jammy-updates/main amd64 linux-tools-common all 5.15.0-176.186 [297 kB]
1776313543,,ui,error,==> control.amazon-ebs.ubuntu: debconf: unable to initialize frontend: Dialog
1776313543,,ui,error,==> control.amazon-ebs.ubuntu: debconf: (Dialog frontend will not work on a dumb terminal%!(PACKER_COMMA) an emacs shell buffer%!(PACKER_COMMA) or without a controlling terminal.)
1776313543,,ui,error,==> control.amazon-ebs.ubuntu: debconf: falling back to frontend: Readline
1776313543,,ui,error,==> control.amazon-ebs.ubuntu: debconf: unable to initialize frontend: Readline
1776313543,,ui,error,==> control.amazon-ebs.ubuntu: debconf: (This frontend requires a controlling tty.)
1776313543,,ui,error,==> control.amazon-ebs.ubuntu: debconf: falling back to frontend: Teletype
1776313543,,ui,error,==> control.amazon-ebs.ubuntu: dpkg-preconfigure: unable to re-open stdin:
1776313543,,ui,say,==> control.amazon-ebs.ubuntu: Fetched 9850 kB in 0s (30.6 MB/s)
1776313544,,ui,say,==> control.amazon-ebs.ubuntu: (Reading database ... 66072 files and directories currently installed.)
1776313544,,ui,say,==> control.amazon-ebs.ubuntu: Preparing to unpack .../00-vim_2%3a8.2.3995-1ubuntu2.27_amd64.deb ...
1776313544,,ui,say,==> control.amazon-ebs.ubuntu: Unpacking vim (2:8.2.3995-1ubuntu2.27) over (2:8.2.3995-1ubuntu2.26) ...
1776313544,,ui,say,==> control.amazon-ebs.ubuntu: Preparing to unpack .../01-vim-tiny_2%3a8.2.3995-1ubuntu2.27_amd64.deb ...
1776313544,,ui,say,==> control.amazon-ebs.ubuntu: Unpacking vim-tiny (2:8.2.3995-1ubuntu2.27) over (2:8.2.3995-1ubuntu2.26) ...
1776313544,,ui,say,==> control.amazon-ebs.ubuntu: Preparing to unpack .../02-vim-runtime_2%3a8.2.3995-1ubuntu2.27_all.deb ...
1776313544,,ui,say,==> control.amazon-ebs.ubuntu: Unpacking vim-runtime (2:8.2.3995-1ubuntu2.27) over (2:8.2.3995-1ubuntu2.26) ...
1776313546,,ui,say,==> control.amazon-ebs.ubuntu: Preparing to unpack .../03-xxd_2%3a8.2.3995-1ubuntu2.27_amd64.deb ...
1776313546,,ui,say,==> control.amazon-ebs.ubuntu: Unpacking xxd (2:8.2.3995-1ubuntu2.27) over (2:8.2.3995-1ubuntu2.26) ...
1776313546,,ui,say,==> control.amazon-ebs.ubuntu: Preparing to unpack .../04-vim-common_2%3a8.2.3995-1ubuntu2.27_all.deb ...
1776313546,,ui,say,==> control.amazon-ebs.ubuntu: Unpacking vim-common (2:8.2.3995-1ubuntu2.27) over (2:8.2.3995-1ubuntu2.26) ...
1776313546,,ui,say,==> control.amazon-ebs.ubuntu: Preparing to unpack .../05-pkexec_0.105-33ubuntu0.1_amd64.deb ...
1776313546,,ui,say,==> control.amazon-ebs.ubuntu: Unpacking pkexec (0.105-33ubuntu0.1) over (0.105-33) ...
1776313546,,ui,say,==> control.amazon-ebs.ubuntu: Preparing to unpack .../06-polkitd_0.105-33ubuntu0.1_amd64.deb ...
1776313546,,ui,say,==> control.amazon-ebs.ubuntu: Unpacking polkitd (0.105-33ubuntu0.1) over (0.105-33) ...
1776313546,,ui,say,==> control.amazon-ebs.ubuntu: Preparing to unpack .../07-policykit-1_0.105-33ubuntu0.1_amd64.deb ...
1776313546,,ui,say,==> control.amazon-ebs.ubuntu: Unpacking policykit-1 (0.105-33ubuntu0.1) over (0.105-33) ...
1776313546,,ui,say,==> control.amazon-ebs.ubuntu: Preparing to unpack .../08-libpolkit-agent-1-0_0.105-33ubuntu0.1_amd64.deb ...
1776313546,,ui,say,==> control.amazon-ebs.ubuntu: Unpacking libpolkit-agent-1-0:amd64 (0.105-33ubuntu0.1) over (0.105-33) ...
1776313546,,ui,say,==> control.amazon-ebs.ubuntu: Preparing to unpack .../09-libpolkit-gobject-1-0_0.105-33ubuntu0.1_amd64.deb ...
1776313546,,ui,say,==> control.amazon-ebs.ubuntu: Unpacking libpolkit-gobject-1-0:amd64 (0.105-33ubuntu0.1) over (0.105-33) ...
1776313546,,ui,say,==> control.amazon-ebs.ubuntu: Preparing to unpack .../10-linux-tools-common_5.15.0-176.186_all.deb ...
1776313546,,ui,say,==> control.amazon-ebs.ubuntu: Unpacking linux-tools-common (5.15.0-176.186) over (5.15.0-174.184) ...
1776313546,,ui,say,==> control.amazon-ebs.ubuntu: Setting up xxd (2:8.2.3995-1ubuntu2.27) ...
1776313546,,ui,say,==> control.amazon-ebs.ubuntu: Setting up vim-common (2:8.2.3995-1ubuntu2.27) ...
1776313546,,ui,say,==> control.amazon-ebs.ubuntu: Setting up vim-runtime (2:8.2.3995-1ubuntu2.27) ...
1776313547,,ui,say,==> control.amazon-ebs.ubuntu: Setting up linux-tools-common (5.15.0-176.186) ...
1776313547,,ui,say,==> control.amazon-ebs.ubuntu: Setting up libpolkit-gobject-1-0:amd64 (0.105-33ubuntu0.1) ...
1776313547,,ui,say,==> control.amazon-ebs.ubuntu: Setting up vim (2:8.2.3995-1ubuntu2.27) ...
1776313547,,ui,say,==> control.amazon-ebs.ubuntu: Setting up vim-tiny (2:8.2.3995-1ubuntu2.27) ...
1776313547,,ui,say,==> control.amazon-ebs.ubuntu: Setting up libpolkit-agent-1-0:amd64 (0.105-33ubuntu0.1) ...
1776313547,,ui,say,==> control.amazon-ebs.ubuntu: Setting up polkitd (0.105-33ubuntu0.1) ...
1776313548,,ui,say,==> control.amazon-ebs.ubuntu: Setting up pkexec (0.105-33ubuntu0.1) ...
1776313548,,ui,say,==> control.amazon-ebs.ubuntu: Setting up policykit-1 (0.105-33ubuntu0.1) ...
1776313548,,ui,say,==> control.amazon-ebs.ubuntu: Processing triggers for man-db (2.10.2-1) ...
1776313548,,ui,say,==> control.amazon-ebs.ubuntu: Processing triggers for dbus (1.12.20-2ubuntu4.1) ...
1776313548,,ui,say,==> control.amazon-ebs.ubuntu: Processing triggers for libc-bin (2.35-0ubuntu3.13) ...
1776313550,,ui,say,==> control.amazon-ebs.ubuntu:
1776313550,,ui,say,==> control.amazon-ebs.ubuntu: Running kernel seems to be up-to-date.
1776313550,,ui,say,==> control.amazon-ebs.ubuntu:
1776313550,,ui,say,==> control.amazon-ebs.ubuntu: Services to be restarted:
1776313550,,ui,say,==> control.amazon-ebs.ubuntu:  systemctl restart packagekit.service
1776313550,,ui,say,==> control.amazon-ebs.ubuntu:
1776313550,,ui,say,==> control.amazon-ebs.ubuntu: No containers need to be restarted.
1776313550,,ui,say,==> control.amazon-ebs.ubuntu:
1776313550,,ui,say,==> control.amazon-ebs.ubuntu: No user sessions are running outdated binaries.
1776313550,,ui,say,==> control.amazon-ebs.ubuntu:
1776313550,,ui,say,==> control.amazon-ebs.ubuntu: No VM guests are running outdated hypervisor (qemu) binaries on this host.
1776313555,,ui,say,==> control.amazon-ebs.ubuntu: === Installing base utilities ===
1776313555,,ui,error,==> control.amazon-ebs.ubuntu: + echo '=== Installing base utilities ==='
1776313555,,ui,error,==> control.amazon-ebs.ubuntu: + sudo apt-get install -y curl wget git unzip software-properties-common ca-certificates
1776313555,,ui,say,==> control.amazon-ebs.ubuntu: Reading package lists...
1776313556,,ui,say,==> control.amazon-ebs.ubuntu: Building dependency tree...
1776313556,,ui,say,==> control.amazon-ebs.ubuntu: Reading state information...
1776313557,,ui,say,==> control.amazon-ebs.ubuntu: ca-certificates is already the newest version (20240203~22.04.1).
1776313557,,ui,say,==> control.amazon-ebs.ubuntu: ca-certificates set to manually installed.
1776313557,,ui,say,==> control.amazon-ebs.ubuntu: curl is already the newest version (7.81.0-1ubuntu1.23).
1776313557,,ui,say,==> control.amazon-ebs.ubuntu: curl set to manually installed.
1776313557,,ui,say,==> control.amazon-ebs.ubuntu: git is already the newest version (1:2.34.1-1ubuntu1.17).
1776313557,,ui,say,==> control.amazon-ebs.ubuntu: git set to manually installed.
1776313557,,ui,say,==> control.amazon-ebs.ubuntu: software-properties-common is already the newest version (0.99.22.9).
1776313557,,ui,say,==> control.amazon-ebs.ubuntu: software-properties-common set to manually installed.
1776313557,,ui,say,==> control.amazon-ebs.ubuntu: wget is already the newest version (1.21.2-2ubuntu1.1).
1776313557,,ui,say,==> control.amazon-ebs.ubuntu: wget set to manually installed.
1776313557,,ui,say,==> control.amazon-ebs.ubuntu: Suggested packages:
1776313557,,ui,say,==> control.amazon-ebs.ubuntu:   zip
1776313557,,ui,say,==> control.amazon-ebs.ubuntu: The following NEW packages will be installed:
1776313557,,ui,say,==> control.amazon-ebs.ubuntu:   unzip
1776313557,,ui,say,==> control.amazon-ebs.ubuntu: 0 upgraded%!(PACKER_COMMA) 1 newly installed%!(PACKER_COMMA) 0 to remove and 5 not upgraded.
1776313557,,ui,say,==> control.amazon-ebs.ubuntu: Need to get 175 kB of archives.
1776313557,,ui,say,==> control.amazon-ebs.ubuntu: After this operation%!(PACKER_COMMA) 386 kB of additional disk space will be used.
1776313557,,ui,say,==> control.amazon-ebs.ubuntu: Get:1 http://us-east-1.ec2.archive.ubuntu.com/ubuntu jammy-updates/main amd64 unzip amd64 6.0-26ubuntu3.2 [175 kB]
1776313558,,ui,error,==> control.amazon-ebs.ubuntu: debconf: unable to initialize frontend: Dialog
1776313558,,ui,error,==> control.amazon-ebs.ubuntu: debconf: (Dialog frontend will not work on a dumb terminal%!(PACKER_COMMA) an emacs shell buffer%!(PACKER_COMMA) or without a controlling terminal.)
1776313558,,ui,error,==> control.amazon-ebs.ubuntu: debconf: falling back to frontend: Readline
1776313558,,ui,error,==> control.amazon-ebs.ubuntu: debconf: unable to initialize frontend: Readline
1776313558,,ui,error,==> control.amazon-ebs.ubuntu: debconf: (This frontend requires a controlling tty.)
1776313558,,ui,error,==> control.amazon-ebs.ubuntu: debconf: falling back to frontend: Teletype
1776313558,,ui,error,==> control.amazon-ebs.ubuntu: dpkg-preconfigure: unable to re-open stdin:
1776313558,,ui,say,==> control.amazon-ebs.ubuntu: Fetched 175 kB in 0s (2186 kB/s)
1776313558,,ui,say,==> control.amazon-ebs.ubuntu: Selecting previously unselected package unzip.
1776313558,,ui,say,==> control.amazon-ebs.ubuntu: (Reading database ... 66072 files and directories currently installed.)
1776313558,,ui,say,==> control.amazon-ebs.ubuntu: Preparing to unpack .../unzip_6.0-26ubuntu3.2_amd64.deb ...
1776313558,,ui,say,==> control.amazon-ebs.ubuntu: Unpacking unzip (6.0-26ubuntu3.2) ...
1776313558,,ui,say,==> control.amazon-ebs.ubuntu: Setting up unzip (6.0-26ubuntu3.2) ...
1776313558,,ui,say,==> control.amazon-ebs.ubuntu: Processing triggers for man-db (2.10.2-1) ...
1776313560,,ui,say,==> control.amazon-ebs.ubuntu:
1776313560,,ui,say,==> control.amazon-ebs.ubuntu: Running kernel seems to be up-to-date.
1776313560,,ui,say,==> control.amazon-ebs.ubuntu:
1776313560,,ui,say,==> control.amazon-ebs.ubuntu: Services to be restarted:
1776313560,,ui,say,==> control.amazon-ebs.ubuntu:  systemctl restart packagekit.service
1776313560,,ui,say,==> control.amazon-ebs.ubuntu:
1776313560,,ui,say,==> control.amazon-ebs.ubuntu: No containers need to be restarted.
1776313560,,ui,say,==> control.amazon-ebs.ubuntu:
1776313560,,ui,say,==> control.amazon-ebs.ubuntu: No user sessions are running outdated binaries.
1776313560,,ui,say,==> control.amazon-ebs.ubuntu:
1776313560,,ui,say,==> control.amazon-ebs.ubuntu: No VM guests are running outdated hypervisor (qemu) binaries on this host.
1776313565,,ui,say,==> control.amazon-ebs.ubuntu: Provisioning with shell script: scripts/jenkins.sh
1776313566,,ui,error,==> control.amazon-ebs.ubuntu: + echo '=== Installing Java 17 ==='
1776313566,,ui,error,==> control.amazon-ebs.ubuntu: + sudo apt-get update -y
1776313566,,ui,say,==> control.amazon-ebs.ubuntu: === Installing Java 17 ===
1776313566,,ui,say,==> control.amazon-ebs.ubuntu: Hit:1 http://us-east-1.ec2.archive.ubuntu.com/ubuntu jammy InRelease
1776313566,,ui,say,==> control.amazon-ebs.ubuntu: Hit:2 http://us-east-1.ec2.archive.ubuntu.com/ubuntu jammy-updates InRelease
1776313566,,ui,say,==> control.amazon-ebs.ubuntu: Hit:3 http://us-east-1.ec2.archive.ubuntu.com/ubuntu jammy-backports InRelease
1776313566,,ui,say,==> control.amazon-ebs.ubuntu: Hit:4 http://security.ubuntu.com/ubuntu jammy-security InRelease
1776313572,,ui,say,==> control.amazon-ebs.ubuntu: Reading package lists...
1776313572,,ui,error,==> control.amazon-ebs.ubuntu: + sudo apt-get install -y openjdk-17-jdk
1776313573,,ui,say,==> control.amazon-ebs.ubuntu: Reading package lists...
1776313573,,ui,say,==> control.amazon-ebs.ubuntu: Building dependency tree...
1776313573,,ui,say,==> control.amazon-ebs.ubuntu: Reading state information...
1776313574,,ui,say,==> control.amazon-ebs.ubuntu: The following additional packages will be installed:
1776313574,,ui,say,==> control.amazon-ebs.ubuntu:   adwaita-icon-theme alsa-topology-conf alsa-ucm-conf at-spi2-core
1776313574,,ui,say,==> control.amazon-ebs.ubuntu:   ca-certificates-java dconf-gsettings-backend dconf-service fontconfig
1776313574,,ui,say,==> control.amazon-ebs.ubuntu:   fontconfig-config fonts-dejavu-core fonts-dejavu-extra
1776313574,,ui,say,==> control.amazon-ebs.ubuntu:   gsettings-desktop-schemas gtk-update-icon-cache hicolor-icon-theme
1776313574,,ui,say,==> control.amazon-ebs.ubuntu:   humanity-icon-theme java-common libasound2 libasound2-data
1776313574,,ui,say,==> control.amazon-ebs.ubuntu:   libatk-bridge2.0-0 libatk-wrapper-java libatk-wrapper-java-jni libatk1.0-0
1776313574,,ui,say,==> control.amazon-ebs.ubuntu:   libatk1.0-data libatspi2.0-0 libavahi-client3 libavahi-common-data
1776313574,,ui,say,==> control.amazon-ebs.ubuntu:   libavahi-common3 libcairo-gobject2 libcairo2 libcups2 libdatrie1 libdconf1
1776313574,,ui,say,==> control.amazon-ebs.ubuntu:   libdeflate0 libdrm-amdgpu1 libdrm-intel1 libdrm-nouveau2 libdrm-radeon1
1776313574,,ui,say,==> control.amazon-ebs.ubuntu:   libfontconfig1 libfontenc1 libgail-common libgail18 libgdk-pixbuf-2.0-0
1776313574,,ui,say,==> control.amazon-ebs.ubuntu:   libgdk-pixbuf2.0-bin libgdk-pixbuf2.0-common libgif7 libgl1 libgl1-amber-dri
1776313574,,ui,say,==> control.amazon-ebs.ubuntu:   libgl1-mesa-dri libglapi-mesa libglvnd0 libglx-mesa0 libglx0 libgraphite2-3
1776313574,,ui,say,==> control.amazon-ebs.ubuntu:   libgtk2.0-0 libgtk2.0-bin libgtk2.0-common libharfbuzz0b libice-dev libice6
1776313574,,ui,say,==> control.amazon-ebs.ubuntu:   libjbig0 libjpeg-turbo8 libjpeg8 liblcms2-2 libllvm15 libpango-1.0-0
1776313574,,ui,say,==> control.amazon-ebs.ubuntu:   libpangocairo-1.0-0 libpangoft2-1.0-0 libpciaccess0 libpcsclite1
1776313574,,ui,say,==> control.amazon-ebs.ubuntu:   libpixman-1-0 libpthread-stubs0-dev librsvg2-2 librsvg2-common
1776313574,,ui,say,==> control.amazon-ebs.ubuntu:   libsensors-config libsensors5 libsm-dev libsm6 libthai-data libthai0
1776313574,,ui,say,==> control.amazon-ebs.ubuntu:   libtiff5 libwebp7 libx11-dev libx11-xcb1 libxau-dev libxaw7 libxcb-dri2-0
1776313574,,ui,say,==> control.amazon-ebs.ubuntu:   libxcb-dri3-0 libxcb-glx0 libxcb-present0 libxcb-randr0 libxcb-render0
1776313574,,ui,say,==> control.amazon-ebs.ubuntu:   libxcb-shape0 libxcb-shm0 libxcb-sync1 libxcb-xfixes0 libxcb1-dev
1776313574,,ui,say,==> control.amazon-ebs.ubuntu:   libxcomposite1 libxcursor1 libxdamage1 libxdmcp-dev libxfixes3 libxft2
1776313574,,ui,say,==> control.amazon-ebs.ubuntu:   libxi6 libxinerama1 libxkbfile1 libxmu6 libxpm4 libxrandr2 libxrender1
1776313574,,ui,say,==> control.amazon-ebs.ubuntu:   libxshmfence1 libxt-dev libxt6 libxtst6 libxv1 libxxf86dga1 libxxf86vm1
1776313574,,ui,say,==> control.amazon-ebs.ubuntu:   openjdk-17-jdk-headless openjdk-17-jre openjdk-17-jre-headless
1776313574,,ui,say,==> control.amazon-ebs.ubuntu:   session-migration ubuntu-mono x11-common x11-utils x11proto-dev
1776313574,,ui,say,==> control.amazon-ebs.ubuntu:   xorg-sgml-doctools xtrans-dev
1776313574,,ui,say,==> control.amazon-ebs.ubuntu: Suggested packages:
1776313574,,ui,say,==> control.amazon-ebs.ubuntu:   default-jre libasound2-plugins alsa-utils cups-common gvfs libice-doc
1776313574,,ui,say,==> control.amazon-ebs.ubuntu:   liblcms2-utils pcscd librsvg2-bin lm-sensors libsm-doc libx11-doc libxcb-doc
1776313574,,ui,say,==> control.amazon-ebs.ubuntu:   libxt-doc openjdk-17-demo openjdk-17-source visualvm libnss-mdns
1776313574,,ui,say,==> control.amazon-ebs.ubuntu:   fonts-ipafont-gothic fonts-ipafont-mincho fonts-wqy-microhei
1776313574,,ui,say,==> control.amazon-ebs.ubuntu:   | fonts-wqy-zenhei fonts-indic mesa-utils
1776313575,,ui,say,==> control.amazon-ebs.ubuntu: The following NEW packages will be installed:
1776313575,,ui,say,==> control.amazon-ebs.ubuntu:   adwaita-icon-theme alsa-topology-conf alsa-ucm-conf at-spi2-core
1776313575,,ui,say,==> control.amazon-ebs.ubuntu:   ca-certificates-java dconf-gsettings-backend dconf-service fontconfig
1776313575,,ui,say,==> control.amazon-ebs.ubuntu:   fontconfig-config fonts-dejavu-core fonts-dejavu-extra
1776313575,,ui,say,==> control.amazon-ebs.ubuntu:   gsettings-desktop-schemas gtk-update-icon-cache hicolor-icon-theme
1776313575,,ui,say,==> control.amazon-ebs.ubuntu:   humanity-icon-theme java-common libasound2 libasound2-data
1776313575,,ui,say,==> control.amazon-ebs.ubuntu:   libatk-bridge2.0-0 libatk-wrapper-java libatk-wrapper-java-jni libatk1.0-0
1776313575,,ui,say,==> control.amazon-ebs.ubuntu:   libatk1.0-data libatspi2.0-0 libavahi-client3 libavahi-common-data
1776313575,,ui,say,==> control.amazon-ebs.ubuntu:   libavahi-common3 libcairo-gobject2 libcairo2 libcups2 libdatrie1 libdconf1
1776313575,,ui,say,==> control.amazon-ebs.ubuntu:   libdeflate0 libdrm-amdgpu1 libdrm-intel1 libdrm-nouveau2 libdrm-radeon1
1776313575,,ui,say,==> control.amazon-ebs.ubuntu:   libfontconfig1 libfontenc1 libgail-common libgail18 libgdk-pixbuf-2.0-0
1776313575,,ui,say,==> control.amazon-ebs.ubuntu:   libgdk-pixbuf2.0-bin libgdk-pixbuf2.0-common libgif7 libgl1 libgl1-amber-dri
1776313575,,ui,say,==> control.amazon-ebs.ubuntu:   libgl1-mesa-dri libglapi-mesa libglvnd0 libglx-mesa0 libglx0 libgraphite2-3
1776313575,,ui,say,==> control.amazon-ebs.ubuntu:   libgtk2.0-0 libgtk2.0-bin libgtk2.0-common libharfbuzz0b libice-dev libice6
1776313575,,ui,say,==> control.amazon-ebs.ubuntu:   libjbig0 libjpeg-turbo8 libjpeg8 liblcms2-2 libllvm15 libpango-1.0-0
1776313575,,ui,say,==> control.amazon-ebs.ubuntu:   libpangocairo-1.0-0 libpangoft2-1.0-0 libpciaccess0 libpcsclite1
1776313575,,ui,say,==> control.amazon-ebs.ubuntu:   libpixman-1-0 libpthread-stubs0-dev librsvg2-2 librsvg2-common
1776313575,,ui,say,==> control.amazon-ebs.ubuntu:   libsensors-config libsensors5 libsm-dev libsm6 libthai-data libthai0
1776313575,,ui,say,==> control.amazon-ebs.ubuntu:   libtiff5 libwebp7 libx11-dev libx11-xcb1 libxau-dev libxaw7 libxcb-dri2-0
1776313575,,ui,say,==> control.amazon-ebs.ubuntu:   libxcb-dri3-0 libxcb-glx0 libxcb-present0 libxcb-randr0 libxcb-render0
1776313575,,ui,say,==> control.amazon-ebs.ubuntu:   libxcb-shape0 libxcb-shm0 libxcb-sync1 libxcb-xfixes0 libxcb1-dev
1776313575,,ui,say,==> control.amazon-ebs.ubuntu:   libxcomposite1 libxcursor1 libxdamage1 libxdmcp-dev libxfixes3 libxft2
1776313575,,ui,say,==> control.amazon-ebs.ubuntu:   libxi6 libxinerama1 libxkbfile1 libxmu6 libxpm4 libxrandr2 libxrender1
1776313575,,ui,say,==> control.amazon-ebs.ubuntu:   libxshmfence1 libxt-dev libxt6 libxtst6 libxv1 libxxf86dga1 libxxf86vm1
1776313575,,ui,say,==> control.amazon-ebs.ubuntu:   openjdk-17-jdk openjdk-17-jdk-headless openjdk-17-jre
1776313575,,ui,say,==> control.amazon-ebs.ubuntu:   openjdk-17-jre-headless session-migration ubuntu-mono x11-common x11-utils
1776313575,,ui,say,==> control.amazon-ebs.ubuntu:   x11proto-dev xorg-sgml-doctools xtrans-dev
1776313575,,ui,say,==> control.amazon-ebs.ubuntu: 0 upgraded%!(PACKER_COMMA) 127 newly installed%!(PACKER_COMMA) 0 to remove and 5 not upgraded.
1776313575,,ui,say,==> control.amazon-ebs.ubuntu: Need to get 182 MB of archives.
1776313575,,ui,say,==> control.amazon-ebs.ubuntu: After this operation%!(PACKER_COMMA) 531 MB of additional disk space will be used.
1776313575,,ui,say,==> control.amazon-ebs.ubuntu: Get:1 http://us-east-1.ec2.archive.ubuntu.com/ubuntu jammy/main amd64 hicolor-icon-theme all 0.17-2 [9976 B]
1776313575,,ui,say,==> control.amazon-ebs.ubuntu: Get:2 http://us-east-1.ec2.archive.ubuntu.com/ubuntu jammy-updates/main amd64 libgdk-pixbuf2.0-common all 2.42.8+dfsg-1ubuntu0.5 [5560 B]
1776313575,,ui,say,==> control.amazon-ebs.ubuntu: Get:3 http://us-east-1.ec2.archive.ubuntu.com/ubuntu jammy/main amd64 libjpeg-turbo8 amd64 2.1.2-0ubuntu1 [134 kB]
1776313575,,ui,say,==> control.amazon-ebs.ubuntu: Get:4 http://us-east-1.ec2.archive.ubuntu.com/ubuntu jammy/main amd64 libjpeg8 amd64 8c-2ubuntu10 [2264 B]
1776313575,,ui,say,==> control.amazon-ebs.ubuntu: Get:5 http://us-east-1.ec2.archive.ubuntu.com/ubuntu jammy/main amd64 libdeflate0 amd64 1.10-2 [70.9 kB]
1776313575,,ui,say,==> control.amazon-ebs.ubuntu: Get:6 http://us-east-1.ec2.archive.ubuntu.com/ubuntu jammy-updates/main amd64 libjbig0 amd64 2.1-3.1ubuntu0.22.04.1 [29.2 kB]
1776313575,,ui,say,==> control.amazon-ebs.ubuntu: Get:7 http://us-east-1.ec2.archive.ubuntu.com/ubuntu jammy-updates/main amd64 libwebp7 amd64 1.2.2-2ubuntu0.22.04.2 [206 kB]
1776313575,,ui,say,==> control.amazon-ebs.ubuntu: Get:8 http://us-east-1.ec2.archive.ubuntu.com/ubuntu jammy-updates/main amd64 libtiff5 amd64 4.3.0-6ubuntu0.13 [185 kB]
1776313575,,ui,say,==> control.amazon-ebs.ubuntu: Get:9 http://us-east-1.ec2.archive.ubuntu.com/ubuntu jammy-updates/main amd64 libgdk-pixbuf-2.0-0 amd64 2.42.8+dfsg-1ubuntu0.5 [148 kB]
1776313575,,ui,say,==> control.amazon-ebs.ubuntu: Get:10 http://us-east-1.ec2.archive.ubuntu.com/ubuntu jammy-updates/main amd64 gtk-update-icon-cache amd64 3.24.33-1ubuntu2.2 [31.4 kB]
1776313575,,ui,say,==> control.amazon-ebs.ubuntu: Get:11 http://us-east-1.ec2.archive.ubuntu.com/ubuntu jammy/main amd64 humanity-icon-theme all 0.6.16 [1282 kB]
1776313575,,ui,say,==> control.amazon-ebs.ubuntu: Get:12 http://us-east-1.ec2.archive.ubuntu.com/ubuntu jammy/main amd64 ubuntu-mono all 20.10-0ubuntu2 [153 kB]
1776313575,,ui,say,==> control.amazon-ebs.ubuntu: Get:13 http://us-east-1.ec2.archive.ubuntu.com/ubuntu jammy/main amd64 adwaita-icon-theme all 41.0-1ubuntu1 [3444 kB]
1776313575,,ui,say,==> control.amazon-ebs.ubuntu: Get:14 http://us-east-1.ec2.archive.ubuntu.com/ubuntu jammy/main amd64 alsa-topology-conf all 1.2.5.1-2 [15.5 kB]
1776313575,,ui,say,==> control.amazon-ebs.ubuntu: Get:15 http://us-east-1.ec2.archive.ubuntu.com/ubuntu jammy-updates/main amd64 libasound2-data all 1.2.6.1-1ubuntu1.1 [19.3 kB]
1776313575,,ui,say,==> control.amazon-ebs.ubuntu: Get:16 http://us-east-1.ec2.archive.ubuntu.com/ubuntu jammy-updates/main amd64 libasound2 amd64 1.2.6.1-1ubuntu1.1 [391 kB]
1776313575,,ui,say,==> control.amazon-ebs.ubuntu: Get:17 http://us-east-1.ec2.archive.ubuntu.com/ubuntu jammy-updates/main amd64 alsa-ucm-conf all 1.2.6.3-1ubuntu1.12 [43.5 kB]
1776313575,,ui,say,==> control.amazon-ebs.ubuntu: Get:18 http://us-east-1.ec2.archive.ubuntu.com/ubuntu jammy/main amd64 libxi6 amd64 2:1.8-1build1 [32.6 kB]
1776313575,,ui,say,==> control.amazon-ebs.ubuntu: Get:19 http://us-east-1.ec2.archive.ubuntu.com/ubuntu jammy/main amd64 libatspi2.0-0 amd64 2.44.0-3 [80.9 kB]
1776313575,,ui,say,==> control.amazon-ebs.ubuntu: Get:20 http://us-east-1.ec2.archive.ubuntu.com/ubuntu jammy/main amd64 x11-common all 1:7.7+23ubuntu2 [23.4 kB]
1776313575,,ui,say,==> control.amazon-ebs.ubuntu: Get:21 http://us-east-1.ec2.archive.ubuntu.com/ubuntu jammy/main amd64 libxtst6 amd64 2:1.2.3-1build4 [13.4 kB]
1776313575,,ui,say,==> control.amazon-ebs.ubuntu: Get:22 http://us-east-1.ec2.archive.ubuntu.com/ubuntu jammy-updates/main amd64 libdconf1 amd64 0.40.0-3ubuntu0.1 [40.5 kB]
1776313575,,ui,say,==> control.amazon-ebs.ubuntu: Get:23 http://us-east-1.ec2.archive.ubuntu.com/ubuntu jammy-updates/main amd64 dconf-service amd64 0.40.0-3ubuntu0.1 [28.1 kB]
1776313575,,ui,say,==> control.amazon-ebs.ubuntu: Get:24 http://us-east-1.ec2.archive.ubuntu.com/ubuntu jammy-updates/main amd64 dconf-gsettings-backend amd64 0.40.0-3ubuntu0.1 [22.7 kB]
1776313575,,ui,say,==> control.amazon-ebs.ubuntu: Get:25 http://us-east-1.ec2.archive.ubuntu.com/ubuntu jammy/main amd64 session-migration amd64 0.3.6 [9774 B]
1776313575,,ui,say,==> control.amazon-ebs.ubuntu: Get:26 http://us-east-1.ec2.archive.ubuntu.com/ubuntu jammy/main amd64 gsettings-desktop-schemas all 42.0-1ubuntu1 [31.1 kB]
1776313575,,ui,say,==> control.amazon-ebs.ubuntu: Get:27 http://us-east-1.ec2.archive.ubuntu.com/ubuntu jammy/main amd64 at-spi2-core amd64 2.44.0-3 [54.4 kB]
1776313575,,ui,say,==> control.amazon-ebs.ubuntu: Get:28 http://us-east-1.ec2.archive.ubuntu.com/ubuntu jammy/main amd64 java-common all 0.72build2 [6782 B]
1776313575,,ui,say,==> control.amazon-ebs.ubuntu: Get:29 http://us-east-1.ec2.archive.ubuntu.com/ubuntu jammy-updates/main amd64 libavahi-common-data amd64 0.8-5ubuntu5.4 [24.0 kB]
1776313575,,ui,say,==> control.amazon-ebs.ubuntu: Get:30 http://us-east-1.ec2.archive.ubuntu.com/ubuntu jammy-updates/main amd64 libavahi-common3 amd64 0.8-5ubuntu5.4 [23.9 kB]
1776313575,,ui,say,==> control.amazon-ebs.ubuntu: Get:31 http://us-east-1.ec2.archive.ubuntu.com/ubuntu jammy-updates/main amd64 libavahi-client3 amd64 0.8-5ubuntu5.4 [28.0 kB]
1776313575,,ui,say,==> control.amazon-ebs.ubuntu: Get:32 http://us-east-1.ec2.archive.ubuntu.com/ubuntu jammy-updates/main amd64 libcups2 amd64 2.4.1op1-1ubuntu4.16 [264 kB]
1776313575,,ui,say,==> control.amazon-ebs.ubuntu: Get:33 http://us-east-1.ec2.archive.ubuntu.com/ubuntu jammy/main amd64 fonts-dejavu-core all 2.37-2build1 [1041 kB]
1776313575,,ui,say,==> control.amazon-ebs.ubuntu: Get:34 http://us-east-1.ec2.archive.ubuntu.com/ubuntu jammy/main amd64 fontconfig-config all 2.13.1-4.2ubuntu5 [29.1 kB]
1776313575,,ui,say,==> control.amazon-ebs.ubuntu: Get:35 http://us-east-1.ec2.archive.ubuntu.com/ubuntu jammy/main amd64 libfontconfig1 amd64 2.13.1-4.2ubuntu5 [131 kB]
1776313575,,ui,say,==> control.amazon-ebs.ubuntu: Get:36 http://us-east-1.ec2.archive.ubuntu.com/ubuntu jammy/main amd64 liblcms2-2 amd64 2.12~rc1-2build2 [159 kB]
1776313575,,ui,say,==> control.amazon-ebs.ubuntu: Get:37 http://us-east-1.ec2.archive.ubuntu.com/ubuntu jammy/main amd64 libgraphite2-3 amd64 1.3.14-1build2 [71.3 kB]
1776313575,,ui,say,==> control.amazon-ebs.ubuntu: Get:38 http://us-east-1.ec2.archive.ubuntu.com/ubuntu jammy-updates/main amd64 libharfbuzz0b amd64 2.7.4-1ubuntu3.2 [353 kB]
1776313575,,ui,say,==> control.amazon-ebs.ubuntu: Get:39 http://us-east-1.ec2.archive.ubuntu.com/ubuntu jammy-updates/main amd64 libpcsclite1 amd64 1.9.5-3ubuntu1 [19.8 kB]
1776313575,,ui,say,==> control.amazon-ebs.ubuntu: Get:40 http://us-east-1.ec2.archive.ubuntu.com/ubuntu jammy-updates/universe amd64 openjdk-17-jre-headless amd64 17.0.18+8-1~22.04.1 [48.4 MB]
1776313576,,ui,say,==> control.amazon-ebs.ubuntu: Get:41 http://us-east-1.ec2.archive.ubuntu.com/ubuntu jammy-updates/main amd64 ca-certificates-java all 20190909ubuntu1.3 [12.3 kB]
1776313576,,ui,say,==> control.amazon-ebs.ubuntu: Get:42 http://us-east-1.ec2.archive.ubuntu.com/ubuntu jammy/main amd64 fontconfig amd64 2.13.1-4.2ubuntu5 [177 kB]
1776313576,,ui,say,==> control.amazon-ebs.ubuntu: Get:43 http://us-east-1.ec2.archive.ubuntu.com/ubuntu jammy/main amd64 fonts-dejavu-extra all 2.37-2build1 [2041 kB]
1776313577,,ui,say,==> control.amazon-ebs.ubuntu: Get:44 http://us-east-1.ec2.archive.ubuntu.com/ubuntu jammy/main amd64 libatk1.0-data all 2.36.0-3build1 [2824 B]
1776313577,,ui,say,==> control.amazon-ebs.ubuntu: Get:45 http://us-east-1.ec2.archive.ubuntu.com/ubuntu jammy/main amd64 libatk1.0-0 amd64 2.36.0-3build1 [51.9 kB]
1776313577,,ui,say,==> control.amazon-ebs.ubuntu: Get:46 http://us-east-1.ec2.archive.ubuntu.com/ubuntu jammy/main amd64 libatk-bridge2.0-0 amd64 2.38.0-3 [66.6 kB]
1776313577,,ui,say,==> control.amazon-ebs.ubuntu: Get:47 http://us-east-1.ec2.archive.ubuntu.com/ubuntu jammy/main amd64 libfontenc1 amd64 1:1.1.4-1build3 [14.7 kB]
1776313577,,ui,say,==> control.amazon-ebs.ubuntu: Get:48 http://us-east-1.ec2.archive.ubuntu.com/ubuntu jammy/main amd64 libglvnd0 amd64 1.4.0-1 [73.6 kB]
1776313577,,ui,say,==> control.amazon-ebs.ubuntu: Get:49 http://us-east-1.ec2.archive.ubuntu.com/ubuntu jammy-updates/main amd64 libglapi-mesa amd64 23.2.1-1ubuntu3.1~22.04.3 [35.4 kB]
1776313577,,ui,say,==> control.amazon-ebs.ubuntu: Get:50 http://us-east-1.ec2.archive.ubuntu.com/ubuntu jammy-updates/main amd64 libx11-xcb1 amd64 2:1.7.5-1ubuntu0.3 [7802 B]
1776313577,,ui,say,==> control.amazon-ebs.ubuntu: Get:51 http://us-east-1.ec2.archive.ubuntu.com/ubuntu jammy/main amd64 libxcb-dri2-0 amd64 1.14-3ubuntu3 [7206 B]
1776313577,,ui,say,==> control.amazon-ebs.ubuntu: Get:52 http://us-east-1.ec2.archive.ubuntu.com/ubuntu jammy/main amd64 libxcb-dri3-0 amd64 1.14-3ubuntu3 [6968 B]
1776313577,,ui,say,==> control.amazon-ebs.ubuntu: Get:53 http://us-east-1.ec2.archive.ubuntu.com/ubuntu jammy/main amd64 libxcb-glx0 amd64 1.14-3ubuntu3 [25.9 kB]
1776313577,,ui,say,==> control.amazon-ebs.ubuntu: Get:54 http://us-east-1.ec2.archive.ubuntu.com/ubuntu jammy/main amd64 libxcb-present0 amd64 1.14-3ubuntu3 [5734 B]
1776313577,,ui,say,==> control.amazon-ebs.ubuntu: Get:55 http://us-east-1.ec2.archive.ubuntu.com/ubuntu jammy/main amd64 libxcb-randr0 amd64 1.14-3ubuntu3 [18.3 kB]
1776313577,,ui,say,==> control.amazon-ebs.ubuntu: Get:56 http://us-east-1.ec2.archive.ubuntu.com/ubuntu jammy/main amd64 libxcb-shm0 amd64 1.14-3ubuntu3 [5780 B]
1776313577,,ui,say,==> control.amazon-ebs.ubuntu: Get:57 http://us-east-1.ec2.archive.ubuntu.com/ubuntu jammy/main amd64 libxcb-sync1 amd64 1.14-3ubuntu3 [9416 B]
1776313577,,ui,say,==> control.amazon-ebs.ubuntu: Get:58 http://us-east-1.ec2.archive.ubuntu.com/ubuntu jammy/main amd64 libxcb-xfixes0 amd64 1.14-3ubuntu3 [9996 B]
1776313577,,ui,say,==> control.amazon-ebs.ubuntu: Get:59 http://us-east-1.ec2.archive.ubuntu.com/ubuntu jammy/main amd64 libxfixes3 amd64 1:6.0.0-1 [11.7 kB]
1776313577,,ui,say,==> control.amazon-ebs.ubuntu: Get:60 http://us-east-1.ec2.archive.ubuntu.com/ubuntu jammy/main amd64 libxshmfence1 amd64 1.3-1build4 [5394 B]
1776313577,,ui,say,==> control.amazon-ebs.ubuntu: Get:61 http://us-east-1.ec2.archive.ubuntu.com/ubuntu jammy/main amd64 libxxf86vm1 amd64 1:1.1.4-1build3 [10.4 kB]
1776313577,,ui,say,==> control.amazon-ebs.ubuntu: Get:62 http://us-east-1.ec2.archive.ubuntu.com/ubuntu jammy-updates/main amd64 libdrm-amdgpu1 amd64 2.4.113-2~ubuntu0.22.04.1 [19.9 kB]
1776313577,,ui,say,==> control.amazon-ebs.ubuntu: Get:63 http://us-east-1.ec2.archive.ubuntu.com/ubuntu jammy/main amd64 libpciaccess0 amd64 0.16-3 [19.1 kB]
1776313577,,ui,say,==> control.amazon-ebs.ubuntu: Get:64 http://us-east-1.ec2.archive.ubuntu.com/ubuntu jammy-updates/main amd64 libdrm-intel1 amd64 2.4.113-2~ubuntu0.22.04.1 [66.7 kB]
1776313577,,ui,say,==> control.amazon-ebs.ubuntu: Get:65 http://us-east-1.ec2.archive.ubuntu.com/ubuntu jammy-updates/main amd64 libdrm-nouveau2 amd64 2.4.113-2~ubuntu0.22.04.1 [17.5 kB]
1776313577,,ui,say,==> control.amazon-ebs.ubuntu: Get:66 http://us-east-1.ec2.archive.ubuntu.com/ubuntu jammy-updates/main amd64 libdrm-radeon1 amd64 2.4.113-2~ubuntu0.22.04.1 [21.6 kB]
1776313577,,ui,say,==> control.amazon-ebs.ubuntu: Get:67 http://us-east-1.ec2.archive.ubuntu.com/ubuntu jammy-updates/main amd64 libllvm15 amd64 1:15.0.7-0ubuntu0.22.04.3 [25.4 MB]
1776313577,,ui,say,==> control.amazon-ebs.ubuntu: Get:68 http://us-east-1.ec2.archive.ubuntu.com/ubuntu jammy/main amd64 libsensors-config all 1:3.6.0-7ubuntu1 [5274 B]
1776313577,,ui,say,==> control.amazon-ebs.ubuntu: Get:69 http://us-east-1.ec2.archive.ubuntu.com/ubuntu jammy/main amd64 libsensors5 amd64 1:3.6.0-7ubuntu1 [26.3 kB]
1776313577,,ui,say,==> control.amazon-ebs.ubuntu: Get:70 http://us-east-1.ec2.archive.ubuntu.com/ubuntu jammy-updates/main amd64 libgl1-mesa-dri amd64 23.2.1-1ubuntu3.1~22.04.3 [8860 kB]
1776313578,,ui,say,==> control.amazon-ebs.ubuntu: Get:71 http://us-east-1.ec2.archive.ubuntu.com/ubuntu jammy-updates/main amd64 libglx-mesa0 amd64 23.2.1-1ubuntu3.1~22.04.3 [158 kB]
1776313578,,ui,say,==> control.amazon-ebs.ubuntu: Get:72 http://us-east-1.ec2.archive.ubuntu.com/ubuntu jammy/main amd64 libglx0 amd64 1.4.0-1 [41.0 kB]
1776313578,,ui,say,==> control.amazon-ebs.ubuntu: Get:73 http://us-east-1.ec2.archive.ubuntu.com/ubuntu jammy/main amd64 libgl1 amd64 1.4.0-1 [110 kB]
1776313578,,ui,say,==> control.amazon-ebs.ubuntu: Get:74 http://us-east-1.ec2.archive.ubuntu.com/ubuntu jammy/main amd64 libice6 amd64 2:1.0.10-1build2 [42.6 kB]
1776313578,,ui,say,==> control.amazon-ebs.ubuntu: Get:75 http://us-east-1.ec2.archive.ubuntu.com/ubuntu jammy/main amd64 libsm6 amd64 2:1.2.3-1build2 [16.7 kB]
1776313578,,ui,say,==> control.amazon-ebs.ubuntu: Get:76 http://us-east-1.ec2.archive.ubuntu.com/ubuntu jammy/main amd64 libxt6 amd64 1:1.2.1-1 [177 kB]
1776313578,,ui,say,==> control.amazon-ebs.ubuntu: Get:77 http://us-east-1.ec2.archive.ubuntu.com/ubuntu jammy/main amd64 libxmu6 amd64 2:1.1.3-3 [49.6 kB]
1776313578,,ui,say,==> control.amazon-ebs.ubuntu: Get:78 http://us-east-1.ec2.archive.ubuntu.com/ubuntu jammy-updates/main amd64 libxpm4 amd64 1:3.5.12-1ubuntu0.22.04.2 [36.7 kB]
1776313578,,ui,say,==> control.amazon-ebs.ubuntu: Get:79 http://us-east-1.ec2.archive.ubuntu.com/ubuntu jammy/main amd64 libxaw7 amd64 2:1.0.14-1 [191 kB]
1776313578,,ui,say,==> control.amazon-ebs.ubuntu: Get:80 http://us-east-1.ec2.archive.ubuntu.com/ubuntu jammy/main amd64 libxcb-shape0 amd64 1.14-3ubuntu3 [6158 B]
1776313578,,ui,say,==> control.amazon-ebs.ubuntu: Get:81 http://us-east-1.ec2.archive.ubuntu.com/ubuntu jammy/main amd64 libxcomposite1 amd64 1:0.4.5-1build2 [7192 B]
1776313578,,ui,say,==> control.amazon-ebs.ubuntu: Get:82 http://us-east-1.ec2.archive.ubuntu.com/ubuntu jammy/main amd64 libxrender1 amd64 1:0.9.10-1build4 [19.7 kB]
1776313578,,ui,say,==> control.amazon-ebs.ubuntu: Get:83 http://us-east-1.ec2.archive.ubuntu.com/ubuntu jammy/main amd64 libxft2 amd64 2.3.4-1 [41.8 kB]
1776313578,,ui,say,==> control.amazon-ebs.ubuntu: Get:84 http://us-east-1.ec2.archive.ubuntu.com/ubuntu jammy/main amd64 libxinerama1 amd64 2:1.1.4-3 [7382 B]
1776313578,,ui,say,==> control.amazon-ebs.ubuntu: Get:85 http://us-east-1.ec2.archive.ubuntu.com/ubuntu jammy/main amd64 libxkbfile1 amd64 1:1.1.0-1build3 [71.8 kB]
1776313578,,ui,say,==> control.amazon-ebs.ubuntu: Get:86 http://us-east-1.ec2.archive.ubuntu.com/ubuntu jammy/main amd64 libxrandr2 amd64 2:1.5.2-1build1 [20.4 kB]
1776313578,,ui,say,==> control.amazon-ebs.ubuntu: Get:87 http://us-east-1.ec2.archive.ubuntu.com/ubuntu jammy/main amd64 libxv1 amd64 2:1.0.11-1build2 [11.2 kB]
1776313578,,ui,say,==> control.amazon-ebs.ubuntu: Get:88 http://us-east-1.ec2.archive.ubuntu.com/ubuntu jammy/main amd64 libxxf86dga1 amd64 2:1.1.5-0ubuntu3 [12.6 kB]
1776313578,,ui,say,==> control.amazon-ebs.ubuntu: Get:89 http://us-east-1.ec2.archive.ubuntu.com/ubuntu jammy/main amd64 x11-utils amd64 7.7+5build2 [206 kB]
1776313578,,ui,say,==> control.amazon-ebs.ubuntu: Get:90 http://us-east-1.ec2.archive.ubuntu.com/ubuntu jammy/main amd64 libatk-wrapper-java all 0.38.0-5build1 [53.1 kB]
1776313578,,ui,say,==> control.amazon-ebs.ubuntu: Get:91 http://us-east-1.ec2.archive.ubuntu.com/ubuntu jammy/main amd64 libatk-wrapper-java-jni amd64 0.38.0-5build1 [49.0 kB]
1776313578,,ui,say,==> control.amazon-ebs.ubuntu: Get:92 http://us-east-1.ec2.archive.ubuntu.com/ubuntu jammy-updates/main amd64 libpixman-1-0 amd64 0.40.0-1ubuntu0.22.04.1 [264 kB]
1776313578,,ui,say,==> control.amazon-ebs.ubuntu: Get:93 http://us-east-1.ec2.archive.ubuntu.com/ubuntu jammy/main amd64 libxcb-render0 amd64 1.14-3ubuntu3 [16.4 kB]
1776313578,,ui,say,==> control.amazon-ebs.ubuntu: Get:94 http://us-east-1.ec2.archive.ubuntu.com/ubuntu jammy-updates/main amd64 libcairo2 amd64 1.16.0-5ubuntu2.1 [628 kB]
1776313578,,ui,say,==> control.amazon-ebs.ubuntu: Get:95 http://us-east-1.ec2.archive.ubuntu.com/ubuntu jammy-updates/main amd64 libcairo-gobject2 amd64 1.16.0-5ubuntu2.1 [19.5 kB]
1776313578,,ui,say,==> control.amazon-ebs.ubuntu: Get:96 http://us-east-1.ec2.archive.ubuntu.com/ubuntu jammy/main amd64 libdatrie1 amd64 0.2.13-2 [19.9 kB]
1776313578,,ui,say,==> control.amazon-ebs.ubuntu: Get:97 http://us-east-1.ec2.archive.ubuntu.com/ubuntu jammy-updates/main amd64 libgtk2.0-common all 2.24.33-2ubuntu2.1 [125 kB]
1776313578,,ui,say,==> control.amazon-ebs.ubuntu: Get:98 http://us-east-1.ec2.archive.ubuntu.com/ubuntu jammy/main amd64 libthai-data all 0.1.29-1build1 [162 kB]
1776313578,,ui,say,==> control.amazon-ebs.ubuntu: Get:99 http://us-east-1.ec2.archive.ubuntu.com/ubuntu jammy/main amd64 libthai0 amd64 0.1.29-1build1 [19.2 kB]
1776313578,,ui,say,==> control.amazon-ebs.ubuntu: Get:100 http://us-east-1.ec2.archive.ubuntu.com/ubuntu jammy-updates/main amd64 libpango-1.0-0 amd64 1.50.6+ds-2ubuntu1 [230 kB]
1776313578,,ui,say,==> control.amazon-ebs.ubuntu: Get:101 http://us-east-1.ec2.archive.ubuntu.com/ubuntu jammy-updates/main amd64 libpangoft2-1.0-0 amd64 1.50.6+ds-2ubuntu1 [54.0 kB]
1776313578,,ui,say,==> control.amazon-ebs.ubuntu: Get:102 http://us-east-1.ec2.archive.ubuntu.com/ubuntu jammy-updates/main amd64 libpangocairo-1.0-0 amd64 1.50.6+ds-2ubuntu1 [39.8 kB]
1776313578,,ui,say,==> control.amazon-ebs.ubuntu: Get:103 http://us-east-1.ec2.archive.ubuntu.com/ubuntu jammy/main amd64 libxcursor1 amd64 1:1.2.0-2build4 [20.9 kB]
1776313578,,ui,say,==> control.amazon-ebs.ubuntu: Get:104 http://us-east-1.ec2.archive.ubuntu.com/ubuntu jammy/main amd64 libxdamage1 amd64 1:1.1.5-2build2 [7154 B]
1776313578,,ui,say,==> control.amazon-ebs.ubuntu: Get:105 http://us-east-1.ec2.archive.ubuntu.com/ubuntu jammy-updates/main amd64 libgtk2.0-0 amd64 2.24.33-2ubuntu2.1 [2038 kB]
1776313578,,ui,say,==> control.amazon-ebs.ubuntu: Get:106 http://us-east-1.ec2.archive.ubuntu.com/ubuntu jammy-updates/main amd64 libgail18 amd64 2.24.33-2ubuntu2.1 [15.9 kB]
1776313578,,ui,say,==> control.amazon-ebs.ubuntu: Get:107 http://us-east-1.ec2.archive.ubuntu.com/ubuntu jammy-updates/main amd64 libgail-common amd64 2.24.33-2ubuntu2.1 [132 kB]
1776313578,,ui,say,==> control.amazon-ebs.ubuntu: Get:108 http://us-east-1.ec2.archive.ubuntu.com/ubuntu jammy-updates/main amd64 libgdk-pixbuf2.0-bin amd64 2.42.8+dfsg-1ubuntu0.5 [14.2 kB]
1776313578,,ui,say,==> control.amazon-ebs.ubuntu: Get:109 http://us-east-1.ec2.archive.ubuntu.com/ubuntu jammy-updates/main amd64 libgif7 amd64 5.1.9-2ubuntu0.1 [33.9 kB]
1776313578,,ui,say,==> control.amazon-ebs.ubuntu: Get:110 http://us-east-1.ec2.archive.ubuntu.com/ubuntu jammy-updates/main amd64 libgl1-amber-dri amd64 21.3.9-0ubuntu1~22.04.1 [4218 kB]
1776313578,,ui,say,==> control.amazon-ebs.ubuntu: Get:111 http://us-east-1.ec2.archive.ubuntu.com/ubuntu jammy-updates/main amd64 libgtk2.0-bin amd64 2.24.33-2ubuntu2.1 [7936 B]
1776313578,,ui,say,==> control.amazon-ebs.ubuntu: Get:112 http://us-east-1.ec2.archive.ubuntu.com/ubuntu jammy/main amd64 xorg-sgml-doctools all 1:1.11-1.1 [10.9 kB]
1776313578,,ui,say,==> control.amazon-ebs.ubuntu: Get:113 http://us-east-1.ec2.archive.ubuntu.com/ubuntu jammy/main amd64 x11proto-dev all 2021.5-1 [604 kB]
1776313578,,ui,say,==> control.amazon-ebs.ubuntu: Get:114 http://us-east-1.ec2.archive.ubuntu.com/ubuntu jammy/main amd64 libice-dev amd64 2:1.0.10-1build2 [51.4 kB]
1776313578,,ui,say,==> control.amazon-ebs.ubuntu: Get:115 http://us-east-1.ec2.archive.ubuntu.com/ubuntu jammy/main amd64 libpthread-stubs0-dev amd64 0.4-1build2 [5516 B]
1776313578,,ui,say,==> control.amazon-ebs.ubuntu: Get:116 http://us-east-1.ec2.archive.ubuntu.com/ubuntu jammy-updates/main amd64 librsvg2-2 amd64 2.52.5+dfsg-3ubuntu0.2 [2974 kB]
1776313578,,ui,say,==> control.amazon-ebs.ubuntu: Get:117 http://us-east-1.ec2.archive.ubuntu.com/ubuntu jammy-updates/main amd64 librsvg2-common amd64 2.52.5+dfsg-3ubuntu0.2 [17.7 kB]
1776313578,,ui,say,==> control.amazon-ebs.ubuntu: Get:118 http://us-east-1.ec2.archive.ubuntu.com/ubuntu jammy/main amd64 libsm-dev amd64 2:1.2.3-1build2 [18.1 kB]
1776313578,,ui,say,==> control.amazon-ebs.ubuntu: Get:119 http://us-east-1.ec2.archive.ubuntu.com/ubuntu jammy/main amd64 libxau-dev amd64 1:1.0.9-1build5 [9724 B]
1776313578,,ui,say,==> control.amazon-ebs.ubuntu: Get:120 http://us-east-1.ec2.archive.ubuntu.com/ubuntu jammy/main amd64 libxdmcp-dev amd64 1:1.1.3-0ubuntu5 [26.5 kB]
1776313578,,ui,say,==> control.amazon-ebs.ubuntu: Get:121 http://us-east-1.ec2.archive.ubuntu.com/ubuntu jammy/main amd64 xtrans-dev all 1.4.0-1 [68.9 kB]
1776313578,,ui,say,==> control.amazon-ebs.ubuntu: Get:122 http://us-east-1.ec2.archive.ubuntu.com/ubuntu jammy/main amd64 libxcb1-dev amd64 1.14-3ubuntu3 [86.5 kB]
1776313578,,ui,say,==> control.amazon-ebs.ubuntu: Get:123 http://us-east-1.ec2.archive.ubuntu.com/ubuntu jammy-updates/main amd64 libx11-dev amd64 2:1.7.5-1ubuntu0.3 [744 kB]
1776313578,,ui,say,==> control.amazon-ebs.ubuntu: Get:124 http://us-east-1.ec2.archive.ubuntu.com/ubuntu jammy/main amd64 libxt-dev amd64 1:1.2.1-1 [396 kB]
1776313578,,ui,say,==> control.amazon-ebs.ubuntu: Get:125 http://us-east-1.ec2.archive.ubuntu.com/ubuntu jammy-updates/universe amd64 openjdk-17-jre amd64 17.0.18+8-1~22.04.1 [238 kB]
1776313578,,ui,say,==> control.amazon-ebs.ubuntu: Get:126 http://us-east-1.ec2.archive.ubuntu.com/ubuntu jammy-updates/universe amd64 openjdk-17-jdk-headless amd64 17.0.18+8-1~22.04.1 [71.4 MB]
1776313580,,ui,say,==> control.amazon-ebs.ubuntu: Get:127 http://us-east-1.ec2.archive.ubuntu.com/ubuntu jammy-updates/universe amd64 openjdk-17-jdk amd64 17.0.18+8-1~22.04.1 [1534 kB]
1776313581,,ui,error,==> control.amazon-ebs.ubuntu: debconf: unable to initialize frontend: Dialog
1776313581,,ui,error,==> control.amazon-ebs.ubuntu: debconf: (Dialog frontend will not work on a dumb terminal%!(PACKER_COMMA) an emacs shell buffer%!(PACKER_COMMA) or without a controlling terminal.)
1776313581,,ui,error,==> control.amazon-ebs.ubuntu: debconf: falling back to frontend: Readline
1776313581,,ui,error,==> control.amazon-ebs.ubuntu: debconf: unable to initialize frontend: Readline
1776313581,,ui,error,==> control.amazon-ebs.ubuntu: debconf: (This frontend requires a controlling tty.)
1776313581,,ui,error,==> control.amazon-ebs.ubuntu: debconf: falling back to frontend: Teletype
1776313581,,ui,error,==> control.amazon-ebs.ubuntu: dpkg-preconfigure: unable to re-open stdin:
1776313581,,ui,say,==> control.amazon-ebs.ubuntu: Fetched 182 MB in 6s (32.3 MB/s)
1776313581,,ui,say,==> control.amazon-ebs.ubuntu: Selecting previously unselected package hicolor-icon-theme.
1776313581,,ui,say,==> control.amazon-ebs.ubuntu: (Reading database ... 66090 files and directories currently installed.)
1776313581,,ui,say,==> control.amazon-ebs.ubuntu: Preparing to unpack .../000-hicolor-icon-theme_0.17-2_all.deb ...
1776313581,,ui,say,==> control.amazon-ebs.ubuntu: Unpacking hicolor-icon-theme (0.17-2) ...
1776313581,,ui,say,==> control.amazon-ebs.ubuntu: Selecting previously unselected package libgdk-pixbuf2.0-common.
1776313581,,ui,say,==> control.amazon-ebs.ubuntu: Preparing to unpack .../001-libgdk-pixbuf2.0-common_2.42.8+dfsg-1ubuntu0.5_all.deb ...
1776313581,,ui,say,==> control.amazon-ebs.ubuntu: Unpacking libgdk-pixbuf2.0-common (2.42.8+dfsg-1ubuntu0.5) ...
1776313581,,ui,say,==> control.amazon-ebs.ubuntu: Selecting previously unselected package libjpeg-turbo8:amd64.
1776313581,,ui,say,==> control.amazon-ebs.ubuntu: Preparing to unpack .../002-libjpeg-turbo8_2.1.2-0ubuntu1_amd64.deb ...
1776313581,,ui,say,==> control.amazon-ebs.ubuntu: Unpacking libjpeg-turbo8:amd64 (2.1.2-0ubuntu1) ...
1776313581,,ui,say,==> control.amazon-ebs.ubuntu: Selecting previously unselected package libjpeg8:amd64.
1776313581,,ui,say,==> control.amazon-ebs.ubuntu: Preparing to unpack .../003-libjpeg8_8c-2ubuntu10_amd64.deb ...
1776313581,,ui,say,==> control.amazon-ebs.ubuntu: Unpacking libjpeg8:amd64 (8c-2ubuntu10) ...
1776313582,,ui,say,==> control.amazon-ebs.ubuntu: Selecting previously unselected package libdeflate0:amd64.
1776313582,,ui,say,==> control.amazon-ebs.ubuntu: Preparing to unpack .../004-libdeflate0_1.10-2_amd64.deb ...
1776313582,,ui,say,==> control.amazon-ebs.ubuntu: Unpacking libdeflate0:amd64 (1.10-2) ...
1776313582,,ui,say,==> control.amazon-ebs.ubuntu: Selecting previously unselected package libjbig0:amd64.
1776313582,,ui,say,==> control.amazon-ebs.ubuntu: Preparing to unpack .../005-libjbig0_2.1-3.1ubuntu0.22.04.1_amd64.deb ...
1776313582,,ui,say,==> control.amazon-ebs.ubuntu: Unpacking libjbig0:amd64 (2.1-3.1ubuntu0.22.04.1) ...
1776313582,,ui,say,==> control.amazon-ebs.ubuntu: Selecting previously unselected package libwebp7:amd64.
1776313582,,ui,say,==> control.amazon-ebs.ubuntu: Preparing to unpack .../006-libwebp7_1.2.2-2ubuntu0.22.04.2_amd64.deb ...
1776313582,,ui,say,==> control.amazon-ebs.ubuntu: Unpacking libwebp7:amd64 (1.2.2-2ubuntu0.22.04.2) ...
1776313582,,ui,say,==> control.amazon-ebs.ubuntu: Selecting previously unselected package libtiff5:amd64.
1776313582,,ui,say,==> control.amazon-ebs.ubuntu: Preparing to unpack .../007-libtiff5_4.3.0-6ubuntu0.13_amd64.deb ...
1776313582,,ui,say,==> control.amazon-ebs.ubuntu: Unpacking libtiff5:amd64 (4.3.0-6ubuntu0.13) ...
1776313582,,ui,say,==> control.amazon-ebs.ubuntu: Selecting previously unselected package libgdk-pixbuf-2.0-0:amd64.
1776313582,,ui,say,==> control.amazon-ebs.ubuntu: Preparing to unpack .../008-libgdk-pixbuf-2.0-0_2.42.8+dfsg-1ubuntu0.5_amd64.deb ...
1776313582,,ui,say,==> control.amazon-ebs.ubuntu: Unpacking libgdk-pixbuf-2.0-0:amd64 (2.42.8+dfsg-1ubuntu0.5) ...
1776313582,,ui,say,==> control.amazon-ebs.ubuntu: Selecting previously unselected package gtk-update-icon-cache.
1776313582,,ui,say,==> control.amazon-ebs.ubuntu: Preparing to unpack .../009-gtk-update-icon-cache_3.24.33-1ubuntu2.2_amd64.deb ...
1776313582,,ui,say,==> control.amazon-ebs.ubuntu: Unpacking gtk-update-icon-cache (3.24.33-1ubuntu2.2) ...
1776313582,,ui,say,==> control.amazon-ebs.ubuntu: Selecting previously unselected package humanity-icon-theme.
1776313582,,ui,say,==> control.amazon-ebs.ubuntu: Preparing to unpack .../010-humanity-icon-theme_0.6.16_all.deb ...
1776313582,,ui,say,==> control.amazon-ebs.ubuntu: Unpacking humanity-icon-theme (0.6.16) ...
1776313584,,ui,say,==> control.amazon-ebs.ubuntu: Selecting previously unselected package ubuntu-mono.
1776313584,,ui,say,==> control.amazon-ebs.ubuntu: Preparing to unpack .../011-ubuntu-mono_20.10-0ubuntu2_all.deb ...
1776313584,,ui,say,==> control.amazon-ebs.ubuntu: Unpacking ubuntu-mono (20.10-0ubuntu2) ...
1776313586,,ui,say,==> control.amazon-ebs.ubuntu: Selecting previously unselected package adwaita-icon-theme.
1776313586,,ui,say,==> control.amazon-ebs.ubuntu: Preparing to unpack .../012-adwaita-icon-theme_41.0-1ubuntu1_all.deb ...
1776313586,,ui,say,==> control.amazon-ebs.ubuntu: Unpacking adwaita-icon-theme (41.0-1ubuntu1) ...
1776313587,,ui,say,==> control.amazon-ebs.ubuntu: Selecting previously unselected package alsa-topology-conf.
1776313587,,ui,say,==> control.amazon-ebs.ubuntu: Preparing to unpack .../013-alsa-topology-conf_1.2.5.1-2_all.deb ...
1776313587,,ui,say,==> control.amazon-ebs.ubuntu: Unpacking alsa-topology-conf (1.2.5.1-2) ...
1776313587,,ui,say,==> control.amazon-ebs.ubuntu: Selecting previously unselected package libasound2-data.
1776313587,,ui,say,==> control.amazon-ebs.ubuntu: Preparing to unpack .../014-libasound2-data_1.2.6.1-1ubuntu1.1_all.deb ...
1776313587,,ui,say,==> control.amazon-ebs.ubuntu: Unpacking libasound2-data (1.2.6.1-1ubuntu1.1) ...
1776313587,,ui,say,==> control.amazon-ebs.ubuntu: Selecting previously unselected package libasound2:amd64.
1776313587,,ui,say,==> control.amazon-ebs.ubuntu: Preparing to unpack .../015-libasound2_1.2.6.1-1ubuntu1.1_amd64.deb ...
1776313587,,ui,say,==> control.amazon-ebs.ubuntu: Unpacking libasound2:amd64 (1.2.6.1-1ubuntu1.1) ...
1776313587,,ui,say,==> control.amazon-ebs.ubuntu: Selecting previously unselected package alsa-ucm-conf.
1776313587,,ui,say,==> control.amazon-ebs.ubuntu: Preparing to unpack .../016-alsa-ucm-conf_1.2.6.3-1ubuntu1.12_all.deb ...
1776313587,,ui,say,==> control.amazon-ebs.ubuntu: Unpacking alsa-ucm-conf (1.2.6.3-1ubuntu1.12) ...
1776313587,,ui,say,==> control.amazon-ebs.ubuntu: Selecting previously unselected package libxi6:amd64.
1776313587,,ui,say,==> control.amazon-ebs.ubuntu: Preparing to unpack .../017-libxi6_2%3a1.8-1build1_amd64.deb ...
1776313587,,ui,say,==> control.amazon-ebs.ubuntu: Unpacking libxi6:amd64 (2:1.8-1build1) ...
1776313587,,ui,say,==> control.amazon-ebs.ubuntu: Selecting previously unselected package libatspi2.0-0:amd64.
1776313587,,ui,say,==> control.amazon-ebs.ubuntu: Preparing to unpack .../018-libatspi2.0-0_2.44.0-3_amd64.deb ...
1776313587,,ui,say,==> control.amazon-ebs.ubuntu: Unpacking libatspi2.0-0:amd64 (2.44.0-3) ...
1776313587,,ui,say,==> control.amazon-ebs.ubuntu: Selecting previously unselected package x11-common.
1776313587,,ui,say,==> control.amazon-ebs.ubuntu: Preparing to unpack .../019-x11-common_1%3a7.7+23ubuntu2_all.deb ...
1776313587,,ui,say,==> control.amazon-ebs.ubuntu: Unpacking x11-common (1:7.7+23ubuntu2) ...
1776313587,,ui,say,==> control.amazon-ebs.ubuntu: Selecting previously unselected package libxtst6:amd64.
1776313587,,ui,say,==> control.amazon-ebs.ubuntu: Preparing to unpack .../020-libxtst6_2%3a1.2.3-1build4_amd64.deb ...
1776313587,,ui,say,==> control.amazon-ebs.ubuntu: Unpacking libxtst6:amd64 (2:1.2.3-1build4) ...
1776313587,,ui,say,==> control.amazon-ebs.ubuntu: Selecting previously unselected package libdconf1:amd64.
1776313587,,ui,say,==> control.amazon-ebs.ubuntu: Preparing to unpack .../021-libdconf1_0.40.0-3ubuntu0.1_amd64.deb ...
1776313587,,ui,say,==> control.amazon-ebs.ubuntu: Unpacking libdconf1:amd64 (0.40.0-3ubuntu0.1) ...
1776313588,,ui,say,==> control.amazon-ebs.ubuntu: Selecting previously unselected package dconf-service.
1776313588,,ui,say,==> control.amazon-ebs.ubuntu: Preparing to unpack .../022-dconf-service_0.40.0-3ubuntu0.1_amd64.deb ...
1776313588,,ui,say,==> control.amazon-ebs.ubuntu: Unpacking dconf-service (0.40.0-3ubuntu0.1) ...
1776313588,,ui,say,==> control.amazon-ebs.ubuntu: Selecting previously unselected package dconf-gsettings-backend:amd64.
1776313588,,ui,say,==> control.amazon-ebs.ubuntu: Preparing to unpack .../023-dconf-gsettings-backend_0.40.0-3ubuntu0.1_amd64.deb ...
1776313588,,ui,say,==> control.amazon-ebs.ubuntu: Unpacking dconf-gsettings-backend:amd64 (0.40.0-3ubuntu0.1) ...
1776313588,,ui,say,==> control.amazon-ebs.ubuntu: Selecting previously unselected package session-migration.
1776313588,,ui,say,==> control.amazon-ebs.ubuntu: Preparing to unpack .../024-session-migration_0.3.6_amd64.deb ...
1776313588,,ui,say,==> control.amazon-ebs.ubuntu: Unpacking session-migration (0.3.6) ...
1776313588,,ui,say,==> control.amazon-ebs.ubuntu: Selecting previously unselected package gsettings-desktop-schemas.
1776313588,,ui,say,==> control.amazon-ebs.ubuntu: Preparing to unpack .../025-gsettings-desktop-schemas_42.0-1ubuntu1_all.deb ...
1776313588,,ui,say,==> control.amazon-ebs.ubuntu: Unpacking gsettings-desktop-schemas (42.0-1ubuntu1) ...
1776313588,,ui,say,==> control.amazon-ebs.ubuntu: Selecting previously unselected package at-spi2-core.
1776313588,,ui,say,==> control.amazon-ebs.ubuntu: Preparing to unpack .../026-at-spi2-core_2.44.0-3_amd64.deb ...
1776313588,,ui,say,==> control.amazon-ebs.ubuntu: Unpacking at-spi2-core (2.44.0-3) ...
1776313588,,ui,say,==> control.amazon-ebs.ubuntu: Selecting previously unselected package java-common.
1776313588,,ui,say,==> control.amazon-ebs.ubuntu: Preparing to unpack .../027-java-common_0.72build2_all.deb ...
1776313588,,ui,say,==> control.amazon-ebs.ubuntu: Unpacking java-common (0.72build2) ...
1776313588,,ui,say,==> control.amazon-ebs.ubuntu: Selecting previously unselected package libavahi-common-data:amd64.
1776313588,,ui,say,==> control.amazon-ebs.ubuntu: Preparing to unpack .../028-libavahi-common-data_0.8-5ubuntu5.4_amd64.deb ...
1776313588,,ui,say,==> control.amazon-ebs.ubuntu: Unpacking libavahi-common-data:amd64 (0.8-5ubuntu5.4) ...
1776313588,,ui,say,==> control.amazon-ebs.ubuntu: Selecting previously unselected package libavahi-common3:amd64.
1776313588,,ui,say,==> control.amazon-ebs.ubuntu: Preparing to unpack .../029-libavahi-common3_0.8-5ubuntu5.4_amd64.deb ...
1776313588,,ui,say,==> control.amazon-ebs.ubuntu: Unpacking libavahi-common3:amd64 (0.8-5ubuntu5.4) ...
1776313588,,ui,say,==> control.amazon-ebs.ubuntu: Selecting previously unselected package libavahi-client3:amd64.
1776313588,,ui,say,==> control.amazon-ebs.ubuntu: Preparing to unpack .../030-libavahi-client3_0.8-5ubuntu5.4_amd64.deb ...
1776313588,,ui,say,==> control.amazon-ebs.ubuntu: Unpacking libavahi-client3:amd64 (0.8-5ubuntu5.4) ...
1776313588,,ui,say,==> control.amazon-ebs.ubuntu: Selecting previously unselected package libcups2:amd64.
1776313588,,ui,say,==> control.amazon-ebs.ubuntu: Preparing to unpack .../031-libcups2_2.4.1op1-1ubuntu4.16_amd64.deb ...
1776313588,,ui,say,==> control.amazon-ebs.ubuntu: Unpacking libcups2:amd64 (2.4.1op1-1ubuntu4.16) ...
1776313588,,ui,say,==> control.amazon-ebs.ubuntu: Selecting previously unselected package fonts-dejavu-core.
1776313588,,ui,say,==> control.amazon-ebs.ubuntu: Preparing to unpack .../032-fonts-dejavu-core_2.37-2build1_all.deb ...
1776313588,,ui,say,==> control.amazon-ebs.ubuntu: Unpacking fonts-dejavu-core (2.37-2build1) ...
1776313589,,ui,say,==> control.amazon-ebs.ubuntu: Selecting previously unselected package fontconfig-config.
1776313589,,ui,say,==> control.amazon-ebs.ubuntu: Preparing to unpack .../033-fontconfig-config_2.13.1-4.2ubuntu5_all.deb ...
1776313589,,ui,say,==> control.amazon-ebs.ubuntu: Unpacking fontconfig-config (2.13.1-4.2ubuntu5) ...
1776313589,,ui,say,==> control.amazon-ebs.ubuntu: Selecting previously unselected package libfontconfig1:amd64.
1776313589,,ui,say,==> control.amazon-ebs.ubuntu: Preparing to unpack .../034-libfontconfig1_2.13.1-4.2ubuntu5_amd64.deb ...
1776313589,,ui,say,==> control.amazon-ebs.ubuntu: Unpacking libfontconfig1:amd64 (2.13.1-4.2ubuntu5) ...
1776313589,,ui,say,==> control.amazon-ebs.ubuntu: Selecting previously unselected package liblcms2-2:amd64.
1776313589,,ui,say,==> control.amazon-ebs.ubuntu: Preparing to unpack .../035-liblcms2-2_2.12~rc1-2build2_amd64.deb ...
1776313589,,ui,say,==> control.amazon-ebs.ubuntu: Unpacking liblcms2-2:amd64 (2.12~rc1-2build2) ...
1776313589,,ui,say,==> control.amazon-ebs.ubuntu: Selecting previously unselected package libgraphite2-3:amd64.
1776313589,,ui,say,==> control.amazon-ebs.ubuntu: Preparing to unpack .../036-libgraphite2-3_1.3.14-1build2_amd64.deb ...
1776313589,,ui,say,==> control.amazon-ebs.ubuntu: Unpacking libgraphite2-3:amd64 (1.3.14-1build2) ...
1776313589,,ui,say,==> control.amazon-ebs.ubuntu: Selecting previously unselected package libharfbuzz0b:amd64.
1776313589,,ui,say,==> control.amazon-ebs.ubuntu: Preparing to unpack .../037-libharfbuzz0b_2.7.4-1ubuntu3.2_amd64.deb ...
1776313589,,ui,say,==> control.amazon-ebs.ubuntu: Unpacking libharfbuzz0b:amd64 (2.7.4-1ubuntu3.2) ...
1776313589,,ui,say,==> control.amazon-ebs.ubuntu: Selecting previously unselected package libpcsclite1:amd64.
1776313589,,ui,say,==> control.amazon-ebs.ubuntu: Preparing to unpack .../038-libpcsclite1_1.9.5-3ubuntu1_amd64.deb ...
1776313589,,ui,say,==> control.amazon-ebs.ubuntu: Unpacking libpcsclite1:amd64 (1.9.5-3ubuntu1) ...
1776313589,,ui,say,==> control.amazon-ebs.ubuntu: Selecting previously unselected package openjdk-17-jre-headless:amd64.
1776313589,,ui,say,==> control.amazon-ebs.ubuntu: Preparing to unpack .../039-openjdk-17-jre-headless_17.0.18+8-1~22.04.1_amd64.deb ...
1776313589,,ui,say,==> control.amazon-ebs.ubuntu: Unpacking openjdk-17-jre-headless:amd64 (17.0.18+8-1~22.04.1) ...
1776313593,,ui,say,==> control.amazon-ebs.ubuntu: Selecting previously unselected package ca-certificates-java.
1776313593,,ui,say,==> control.amazon-ebs.ubuntu: Preparing to unpack .../040-ca-certificates-java_20190909ubuntu1.3_all.deb ...
1776313593,,ui,say,==> control.amazon-ebs.ubuntu: Unpacking ca-certificates-java (20190909ubuntu1.3) ...
1776313593,,ui,say,==> control.amazon-ebs.ubuntu: Selecting previously unselected package fontconfig.
1776313593,,ui,say,==> control.amazon-ebs.ubuntu: Preparing to unpack .../041-fontconfig_2.13.1-4.2ubuntu5_amd64.deb ...
1776313593,,ui,say,==> control.amazon-ebs.ubuntu: Unpacking fontconfig (2.13.1-4.2ubuntu5) ...
1776313593,,ui,say,==> control.amazon-ebs.ubuntu: Selecting previously unselected package fonts-dejavu-extra.
1776313593,,ui,say,==> control.amazon-ebs.ubuntu: Preparing to unpack .../042-fonts-dejavu-extra_2.37-2build1_all.deb ...
1776313593,,ui,say,==> control.amazon-ebs.ubuntu: Unpacking fonts-dejavu-extra (2.37-2build1) ...
1776313594,,ui,say,==> control.amazon-ebs.ubuntu: Selecting previously unselected package libatk1.0-data.
1776313594,,ui,say,==> control.amazon-ebs.ubuntu: Preparing to unpack .../043-libatk1.0-data_2.36.0-3build1_all.deb ...
1776313594,,ui,say,==> control.amazon-ebs.ubuntu: Unpacking libatk1.0-data (2.36.0-3build1) ...
1776313594,,ui,say,==> control.amazon-ebs.ubuntu: Selecting previously unselected package libatk1.0-0:amd64.
1776313594,,ui,say,==> control.amazon-ebs.ubuntu: Preparing to unpack .../044-libatk1.0-0_2.36.0-3build1_amd64.deb ...
1776313594,,ui,say,==> control.amazon-ebs.ubuntu: Unpacking libatk1.0-0:amd64 (2.36.0-3build1) ...
1776313594,,ui,say,==> control.amazon-ebs.ubuntu: Selecting previously unselected package libatk-bridge2.0-0:amd64.
1776313594,,ui,say,==> control.amazon-ebs.ubuntu: Preparing to unpack .../045-libatk-bridge2.0-0_2.38.0-3_amd64.deb ...
1776313594,,ui,say,==> control.amazon-ebs.ubuntu: Unpacking libatk-bridge2.0-0:amd64 (2.38.0-3) ...
1776313594,,ui,say,==> control.amazon-ebs.ubuntu: Selecting previously unselected package libfontenc1:amd64.
1776313594,,ui,say,==> control.amazon-ebs.ubuntu: Preparing to unpack .../046-libfontenc1_1%3a1.1.4-1build3_amd64.deb ...
1776313594,,ui,say,==> control.amazon-ebs.ubuntu: Unpacking libfontenc1:amd64 (1:1.1.4-1build3) ...
1776313594,,ui,say,==> control.amazon-ebs.ubuntu: Selecting previously unselected package libglvnd0:amd64.
1776313594,,ui,say,==> control.amazon-ebs.ubuntu: Preparing to unpack .../047-libglvnd0_1.4.0-1_amd64.deb ...
1776313594,,ui,say,==> control.amazon-ebs.ubuntu: Unpacking libglvnd0:amd64 (1.4.0-1) ...
1776313594,,ui,say,==> control.amazon-ebs.ubuntu: Selecting previously unselected package libglapi-mesa:amd64.
1776313594,,ui,say,==> control.amazon-ebs.ubuntu: Preparing to unpack .../048-libglapi-mesa_23.2.1-1ubuntu3.1~22.04.3_amd64.deb ...
1776313594,,ui,say,==> control.amazon-ebs.ubuntu: Unpacking libglapi-mesa:amd64 (23.2.1-1ubuntu3.1~22.04.3) ...
1776313594,,ui,say,==> control.amazon-ebs.ubuntu: Selecting previously unselected package libx11-xcb1:amd64.
1776313594,,ui,say,==> control.amazon-ebs.ubuntu: Preparing to unpack .../049-libx11-xcb1_2%3a1.7.5-1ubuntu0.3_amd64.deb ...
1776313594,,ui,say,==> control.amazon-ebs.ubuntu: Unpacking libx11-xcb1:amd64 (2:1.7.5-1ubuntu0.3) ...
1776313594,,ui,say,==> control.amazon-ebs.ubuntu: Selecting previously unselected package libxcb-dri2-0:amd64.
1776313594,,ui,say,==> control.amazon-ebs.ubuntu: Preparing to unpack .../050-libxcb-dri2-0_1.14-3ubuntu3_amd64.deb ...
1776313594,,ui,say,==> control.amazon-ebs.ubuntu: Unpacking libxcb-dri2-0:amd64 (1.14-3ubuntu3) ...
1776313595,,ui,say,==> control.amazon-ebs.ubuntu: Selecting previously unselected package libxcb-dri3-0:amd64.
1776313595,,ui,say,==> control.amazon-ebs.ubuntu: Preparing to unpack .../051-libxcb-dri3-0_1.14-3ubuntu3_amd64.deb ...
1776313595,,ui,say,==> control.amazon-ebs.ubuntu: Unpacking libxcb-dri3-0:amd64 (1.14-3ubuntu3) ...
1776313595,,ui,say,==> control.amazon-ebs.ubuntu: Selecting previously unselected package libxcb-glx0:amd64.
1776313595,,ui,say,==> control.amazon-ebs.ubuntu: Preparing to unpack .../052-libxcb-glx0_1.14-3ubuntu3_amd64.deb ...
1776313595,,ui,say,==> control.amazon-ebs.ubuntu: Unpacking libxcb-glx0:amd64 (1.14-3ubuntu3) ...
1776313595,,ui,say,==> control.amazon-ebs.ubuntu: Selecting previously unselected package libxcb-present0:amd64.
1776313595,,ui,say,==> control.amazon-ebs.ubuntu: Preparing to unpack .../053-libxcb-present0_1.14-3ubuntu3_amd64.deb ...
1776313595,,ui,say,==> control.amazon-ebs.ubuntu: Unpacking libxcb-present0:amd64 (1.14-3ubuntu3) ...
1776313595,,ui,say,==> control.amazon-ebs.ubuntu: Selecting previously unselected package libxcb-randr0:amd64.
1776313595,,ui,say,==> control.amazon-ebs.ubuntu: Preparing to unpack .../054-libxcb-randr0_1.14-3ubuntu3_amd64.deb ...
1776313595,,ui,say,==> control.amazon-ebs.ubuntu: Unpacking libxcb-randr0:amd64 (1.14-3ubuntu3) ...
1776313595,,ui,say,==> control.amazon-ebs.ubuntu: Selecting previously unselected package libxcb-shm0:amd64.
1776313595,,ui,say,==> control.amazon-ebs.ubuntu: Preparing to unpack .../055-libxcb-shm0_1.14-3ubuntu3_amd64.deb ...
1776313595,,ui,say,==> control.amazon-ebs.ubuntu: Unpacking libxcb-shm0:amd64 (1.14-3ubuntu3) ...
1776313595,,ui,say,==> control.amazon-ebs.ubuntu: Selecting previously unselected package libxcb-sync1:amd64.
1776313595,,ui,say,==> control.amazon-ebs.ubuntu: Preparing to unpack .../056-libxcb-sync1_1.14-3ubuntu3_amd64.deb ...
1776313595,,ui,say,==> control.amazon-ebs.ubuntu: Unpacking libxcb-sync1:amd64 (1.14-3ubuntu3) ...
1776313595,,ui,say,==> control.amazon-ebs.ubuntu: Selecting previously unselected package libxcb-xfixes0:amd64.
1776313595,,ui,say,==> control.amazon-ebs.ubuntu: Preparing to unpack .../057-libxcb-xfixes0_1.14-3ubuntu3_amd64.deb ...
1776313595,,ui,say,==> control.amazon-ebs.ubuntu: Unpacking libxcb-xfixes0:amd64 (1.14-3ubuntu3) ...
1776313595,,ui,say,==> control.amazon-ebs.ubuntu: Selecting previously unselected package libxfixes3:amd64.
1776313595,,ui,say,==> control.amazon-ebs.ubuntu: Preparing to unpack .../058-libxfixes3_1%3a6.0.0-1_amd64.deb ...
1776313595,,ui,say,==> control.amazon-ebs.ubuntu: Unpacking libxfixes3:amd64 (1:6.0.0-1) ...
1776313595,,ui,say,==> control.amazon-ebs.ubuntu: Selecting previously unselected package libxshmfence1:amd64.
1776313595,,ui,say,==> control.amazon-ebs.ubuntu: Preparing to unpack .../059-libxshmfence1_1.3-1build4_amd64.deb ...
1776313595,,ui,say,==> control.amazon-ebs.ubuntu: Unpacking libxshmfence1:amd64 (1.3-1build4) ...
1776313595,,ui,say,==> control.amazon-ebs.ubuntu: Selecting previously unselected package libxxf86vm1:amd64.
1776313595,,ui,say,==> control.amazon-ebs.ubuntu: Preparing to unpack .../060-libxxf86vm1_1%3a1.1.4-1build3_amd64.deb ...
1776313595,,ui,say,==> control.amazon-ebs.ubuntu: Unpacking libxxf86vm1:amd64 (1:1.1.4-1build3) ...
1776313595,,ui,say,==> control.amazon-ebs.ubuntu: Selecting previously unselected package libdrm-amdgpu1:amd64.
1776313595,,ui,say,==> control.amazon-ebs.ubuntu: Preparing to unpack .../061-libdrm-amdgpu1_2.4.113-2~ubuntu0.22.04.1_amd64.deb ...
1776313595,,ui,say,==> control.amazon-ebs.ubuntu: Unpacking libdrm-amdgpu1:amd64 (2.4.113-2~ubuntu0.22.04.1) ...
1776313595,,ui,say,==> control.amazon-ebs.ubuntu: Selecting previously unselected package libpciaccess0:amd64.
1776313595,,ui,say,==> control.amazon-ebs.ubuntu: Preparing to unpack .../062-libpciaccess0_0.16-3_amd64.deb ...
1776313595,,ui,say,==> control.amazon-ebs.ubuntu: Unpacking libpciaccess0:amd64 (0.16-3) ...
1776313595,,ui,say,==> control.amazon-ebs.ubuntu: Selecting previously unselected package libdrm-intel1:amd64.
1776313595,,ui,say,==> control.amazon-ebs.ubuntu: Preparing to unpack .../063-libdrm-intel1_2.4.113-2~ubuntu0.22.04.1_amd64.deb ...
1776313595,,ui,say,==> control.amazon-ebs.ubuntu: Unpacking libdrm-intel1:amd64 (2.4.113-2~ubuntu0.22.04.1) ...
1776313596,,ui,say,==> control.amazon-ebs.ubuntu: Selecting previously unselected package libdrm-nouveau2:amd64.
1776313596,,ui,say,==> control.amazon-ebs.ubuntu: Preparing to unpack .../064-libdrm-nouveau2_2.4.113-2~ubuntu0.22.04.1_amd64.deb ...
1776313596,,ui,say,==> control.amazon-ebs.ubuntu: Unpacking libdrm-nouveau2:amd64 (2.4.113-2~ubuntu0.22.04.1) ...
1776313596,,ui,say,==> control.amazon-ebs.ubuntu: Selecting previously unselected package libdrm-radeon1:amd64.
1776313596,,ui,say,==> control.amazon-ebs.ubuntu: Preparing to unpack .../065-libdrm-radeon1_2.4.113-2~ubuntu0.22.04.1_amd64.deb ...
1776313596,,ui,say,==> control.amazon-ebs.ubuntu: Unpacking libdrm-radeon1:amd64 (2.4.113-2~ubuntu0.22.04.1) ...
1776313596,,ui,say,==> control.amazon-ebs.ubuntu: Selecting previously unselected package libllvm15:amd64.
1776313596,,ui,say,==> control.amazon-ebs.ubuntu: Preparing to unpack .../066-libllvm15_1%3a15.0.7-0ubuntu0.22.04.3_amd64.deb ...
1776313596,,ui,say,==> control.amazon-ebs.ubuntu: Unpacking libllvm15:amd64 (1:15.0.7-0ubuntu0.22.04.3) ...
1776313598,,ui,say,==> control.amazon-ebs.ubuntu: Selecting previously unselected package libsensors-config.
1776313598,,ui,say,==> control.amazon-ebs.ubuntu: Preparing to unpack .../067-libsensors-config_1%3a3.6.0-7ubuntu1_all.deb ...
1776313598,,ui,say,==> control.amazon-ebs.ubuntu: Unpacking libsensors-config (1:3.6.0-7ubuntu1) ...
1776313598,,ui,say,==> control.amazon-ebs.ubuntu: Selecting previously unselected package libsensors5:amd64.
1776313598,,ui,say,==> control.amazon-ebs.ubuntu: Preparing to unpack .../068-libsensors5_1%3a3.6.0-7ubuntu1_amd64.deb ...
1776313598,,ui,say,==> control.amazon-ebs.ubuntu: Unpacking libsensors5:amd64 (1:3.6.0-7ubuntu1) ...
1776313598,,ui,say,==> control.amazon-ebs.ubuntu: Selecting previously unselected package libgl1-mesa-dri:amd64.
1776313598,,ui,say,==> control.amazon-ebs.ubuntu: Preparing to unpack .../069-libgl1-mesa-dri_23.2.1-1ubuntu3.1~22.04.3_amd64.deb ...
1776313598,,ui,say,==> control.amazon-ebs.ubuntu: Unpacking libgl1-mesa-dri:amd64 (23.2.1-1ubuntu3.1~22.04.3) ...
1776313599,,ui,say,==> control.amazon-ebs.ubuntu: Selecting previously unselected package libglx-mesa0:amd64.
1776313599,,ui,say,==> control.amazon-ebs.ubuntu: Preparing to unpack .../070-libglx-mesa0_23.2.1-1ubuntu3.1~22.04.3_amd64.deb ...
1776313599,,ui,say,==> control.amazon-ebs.ubuntu: Unpacking libglx-mesa0:amd64 (23.2.1-1ubuntu3.1~22.04.3) ...
1776313599,,ui,say,==> control.amazon-ebs.ubuntu: Selecting previously unselected package libglx0:amd64.
1776313599,,ui,say,==> control.amazon-ebs.ubuntu: Preparing to unpack .../071-libglx0_1.4.0-1_amd64.deb ...
1776313599,,ui,say,==> control.amazon-ebs.ubuntu: Unpacking libglx0:amd64 (1.4.0-1) ...
1776313599,,ui,say,==> control.amazon-ebs.ubuntu: Selecting previously unselected package libgl1:amd64.
1776313599,,ui,say,==> control.amazon-ebs.ubuntu: Preparing to unpack .../072-libgl1_1.4.0-1_amd64.deb ...
1776313599,,ui,say,==> control.amazon-ebs.ubuntu: Unpacking libgl1:amd64 (1.4.0-1) ...
1776313599,,ui,say,==> control.amazon-ebs.ubuntu: Selecting previously unselected package libice6:amd64.
1776313599,,ui,say,==> control.amazon-ebs.ubuntu: Preparing to unpack .../073-libice6_2%3a1.0.10-1build2_amd64.deb ...
1776313599,,ui,say,==> control.amazon-ebs.ubuntu: Unpacking libice6:amd64 (2:1.0.10-1build2) ...
1776313599,,ui,say,==> control.amazon-ebs.ubuntu: Selecting previously unselected package libsm6:amd64.
1776313599,,ui,say,==> control.amazon-ebs.ubuntu: Preparing to unpack .../074-libsm6_2%3a1.2.3-1build2_amd64.deb ...
1776313599,,ui,say,==> control.amazon-ebs.ubuntu: Unpacking libsm6:amd64 (2:1.2.3-1build2) ...
1776313599,,ui,say,==> control.amazon-ebs.ubuntu: Selecting previously unselected package libxt6:amd64.
1776313599,,ui,say,==> control.amazon-ebs.ubuntu: Preparing to unpack .../075-libxt6_1%3a1.2.1-1_amd64.deb ...
1776313599,,ui,say,==> control.amazon-ebs.ubuntu: Unpacking libxt6:amd64 (1:1.2.1-1) ...
1776313599,,ui,say,==> control.amazon-ebs.ubuntu: Selecting previously unselected package libxmu6:amd64.
1776313599,,ui,say,==> control.amazon-ebs.ubuntu: Preparing to unpack .../076-libxmu6_2%3a1.1.3-3_amd64.deb ...
1776313599,,ui,say,==> control.amazon-ebs.ubuntu: Unpacking libxmu6:amd64 (2:1.1.3-3) ...
1776313599,,ui,say,==> control.amazon-ebs.ubuntu: Selecting previously unselected package libxpm4:amd64.
1776313599,,ui,say,==> control.amazon-ebs.ubuntu: Preparing to unpack .../077-libxpm4_1%3a3.5.12-1ubuntu0.22.04.2_amd64.deb ...
1776313599,,ui,say,==> control.amazon-ebs.ubuntu: Unpacking libxpm4:amd64 (1:3.5.12-1ubuntu0.22.04.2) ...
1776313600,,ui,say,==> control.amazon-ebs.ubuntu: Selecting previously unselected package libxaw7:amd64.
1776313600,,ui,say,==> control.amazon-ebs.ubuntu: Preparing to unpack .../078-libxaw7_2%3a1.0.14-1_amd64.deb ...
1776313600,,ui,say,==> control.amazon-ebs.ubuntu: Unpacking libxaw7:amd64 (2:1.0.14-1) ...
1776313600,,ui,say,==> control.amazon-ebs.ubuntu: Selecting previously unselected package libxcb-shape0:amd64.
1776313600,,ui,say,==> control.amazon-ebs.ubuntu: Preparing to unpack .../079-libxcb-shape0_1.14-3ubuntu3_amd64.deb ...
1776313600,,ui,say,==> control.amazon-ebs.ubuntu: Unpacking libxcb-shape0:amd64 (1.14-3ubuntu3) ...
1776313600,,ui,say,==> control.amazon-ebs.ubuntu: Selecting previously unselected package libxcomposite1:amd64.
1776313600,,ui,say,==> control.amazon-ebs.ubuntu: Preparing to unpack .../080-libxcomposite1_1%3a0.4.5-1build2_amd64.deb ...
1776313600,,ui,say,==> control.amazon-ebs.ubuntu: Unpacking libxcomposite1:amd64 (1:0.4.5-1build2) ...
1776313600,,ui,say,==> control.amazon-ebs.ubuntu: Selecting previously unselected package libxrender1:amd64.
1776313600,,ui,say,==> control.amazon-ebs.ubuntu: Preparing to unpack .../081-libxrender1_1%3a0.9.10-1build4_amd64.deb ...
1776313600,,ui,say,==> control.amazon-ebs.ubuntu: Unpacking libxrender1:amd64 (1:0.9.10-1build4) ...
1776313600,,ui,say,==> control.amazon-ebs.ubuntu: Selecting previously unselected package libxft2:amd64.
1776313600,,ui,say,==> control.amazon-ebs.ubuntu: Preparing to unpack .../082-libxft2_2.3.4-1_amd64.deb ...
1776313600,,ui,say,==> control.amazon-ebs.ubuntu: Unpacking libxft2:amd64 (2.3.4-1) ...
1776313600,,ui,say,==> control.amazon-ebs.ubuntu: Selecting previously unselected package libxinerama1:amd64.
1776313600,,ui,say,==> control.amazon-ebs.ubuntu: Preparing to unpack .../083-libxinerama1_2%3a1.1.4-3_amd64.deb ...
1776313600,,ui,say,==> control.amazon-ebs.ubuntu: Unpacking libxinerama1:amd64 (2:1.1.4-3) ...
1776313600,,ui,say,==> control.amazon-ebs.ubuntu: Selecting previously unselected package libxkbfile1:amd64.
1776313600,,ui,say,==> control.amazon-ebs.ubuntu: Preparing to unpack .../084-libxkbfile1_1%3a1.1.0-1build3_amd64.deb ...
1776313600,,ui,say,==> control.amazon-ebs.ubuntu: Unpacking libxkbfile1:amd64 (1:1.1.0-1build3) ...
1776313600,,ui,say,==> control.amazon-ebs.ubuntu: Selecting previously unselected package libxrandr2:amd64.
1776313600,,ui,say,==> control.amazon-ebs.ubuntu: Preparing to unpack .../085-libxrandr2_2%3a1.5.2-1build1_amd64.deb ...
1776313600,,ui,say,==> control.amazon-ebs.ubuntu: Unpacking libxrandr2:amd64 (2:1.5.2-1build1) ...
1776313600,,ui,say,==> control.amazon-ebs.ubuntu: Selecting previously unselected package libxv1:amd64.
1776313600,,ui,say,==> control.amazon-ebs.ubuntu: Preparing to unpack .../086-libxv1_2%3a1.0.11-1build2_amd64.deb ...
1776313600,,ui,say,==> control.amazon-ebs.ubuntu: Unpacking libxv1:amd64 (2:1.0.11-1build2) ...
1776313600,,ui,say,==> control.amazon-ebs.ubuntu: Selecting previously unselected package libxxf86dga1:amd64.
1776313600,,ui,say,==> control.amazon-ebs.ubuntu: Preparing to unpack .../087-libxxf86dga1_2%3a1.1.5-0ubuntu3_amd64.deb ...
1776313600,,ui,say,==> control.amazon-ebs.ubuntu: Unpacking libxxf86dga1:amd64 (2:1.1.5-0ubuntu3) ...
1776313600,,ui,say,==> control.amazon-ebs.ubuntu: Selecting previously unselected package x11-utils.
1776313600,,ui,say,==> control.amazon-ebs.ubuntu: Preparing to unpack .../088-x11-utils_7.7+5build2_amd64.deb ...
1776313600,,ui,say,==> control.amazon-ebs.ubuntu: Unpacking x11-utils (7.7+5build2) ...
1776313600,,ui,say,==> control.amazon-ebs.ubuntu: Selecting previously unselected package libatk-wrapper-java.
1776313600,,ui,say,==> control.amazon-ebs.ubuntu: Preparing to unpack .../089-libatk-wrapper-java_0.38.0-5build1_all.deb ...
1776313600,,ui,say,==> control.amazon-ebs.ubuntu: Unpacking libatk-wrapper-java (0.38.0-5build1) ...
1776313601,,ui,say,==> control.amazon-ebs.ubuntu: Selecting previously unselected package libatk-wrapper-java-jni:amd64.
1776313601,,ui,say,==> control.amazon-ebs.ubuntu: Preparing to unpack .../090-libatk-wrapper-java-jni_0.38.0-5build1_amd64.deb ...
1776313601,,ui,say,==> control.amazon-ebs.ubuntu: Unpacking libatk-wrapper-java-jni:amd64 (0.38.0-5build1) ...
1776313601,,ui,say,==> control.amazon-ebs.ubuntu: Selecting previously unselected package libpixman-1-0:amd64.
1776313601,,ui,say,==> control.amazon-ebs.ubuntu: Preparing to unpack .../091-libpixman-1-0_0.40.0-1ubuntu0.22.04.1_amd64.deb ...
1776313601,,ui,say,==> control.amazon-ebs.ubuntu: Unpacking libpixman-1-0:amd64 (0.40.0-1ubuntu0.22.04.1) ...
1776313601,,ui,say,==> control.amazon-ebs.ubuntu: Selecting previously unselected package libxcb-render0:amd64.
1776313601,,ui,say,==> control.amazon-ebs.ubuntu: Preparing to unpack .../092-libxcb-render0_1.14-3ubuntu3_amd64.deb ...
1776313601,,ui,say,==> control.amazon-ebs.ubuntu: Unpacking libxcb-render0:amd64 (1.14-3ubuntu3) ...
1776313601,,ui,say,==> control.amazon-ebs.ubuntu: Selecting previously unselected package libcairo2:amd64.
1776313601,,ui,say,==> control.amazon-ebs.ubuntu: Preparing to unpack .../093-libcairo2_1.16.0-5ubuntu2.1_amd64.deb ...
1776313601,,ui,say,==> control.amazon-ebs.ubuntu: Unpacking libcairo2:amd64 (1.16.0-5ubuntu2.1) ...
1776313601,,ui,say,==> control.amazon-ebs.ubuntu: Selecting previously unselected package libcairo-gobject2:amd64.
1776313601,,ui,say,==> control.amazon-ebs.ubuntu: Preparing to unpack .../094-libcairo-gobject2_1.16.0-5ubuntu2.1_amd64.deb ...
1776313601,,ui,say,==> control.amazon-ebs.ubuntu: Unpacking libcairo-gobject2:amd64 (1.16.0-5ubuntu2.1) ...
1776313601,,ui,say,==> control.amazon-ebs.ubuntu: Selecting previously unselected package libdatrie1:amd64.
1776313601,,ui,say,==> control.amazon-ebs.ubuntu: Preparing to unpack .../095-libdatrie1_0.2.13-2_amd64.deb ...
1776313601,,ui,say,==> control.amazon-ebs.ubuntu: Unpacking libdatrie1:amd64 (0.2.13-2) ...
1776313601,,ui,say,==> control.amazon-ebs.ubuntu: Selecting previously unselected package libgtk2.0-common.
1776313601,,ui,say,==> control.amazon-ebs.ubuntu: Preparing to unpack .../096-libgtk2.0-common_2.24.33-2ubuntu2.1_all.deb ...
1776313601,,ui,say,==> control.amazon-ebs.ubuntu: Unpacking libgtk2.0-common (2.24.33-2ubuntu2.1) ...
1776313601,,ui,say,==> control.amazon-ebs.ubuntu: Selecting previously unselected package libthai-data.
1776313601,,ui,say,==> control.amazon-ebs.ubuntu: Preparing to unpack .../097-libthai-data_0.1.29-1build1_all.deb ...
1776313601,,ui,say,==> control.amazon-ebs.ubuntu: Unpacking libthai-data (0.1.29-1build1) ...
1776313601,,ui,say,==> control.amazon-ebs.ubuntu: Selecting previously unselected package libthai0:amd64.
1776313601,,ui,say,==> control.amazon-ebs.ubuntu: Preparing to unpack .../098-libthai0_0.1.29-1build1_amd64.deb ...
1776313601,,ui,say,==> control.amazon-ebs.ubuntu: Unpacking libthai0:amd64 (0.1.29-1build1) ...
1776313601,,ui,say,==> control.amazon-ebs.ubuntu: Selecting previously unselected package libpango-1.0-0:amd64.
1776313601,,ui,say,==> control.amazon-ebs.ubuntu: Preparing to unpack .../099-libpango-1.0-0_1.50.6+ds-2ubuntu1_amd64.deb ...
1776313601,,ui,say,==> control.amazon-ebs.ubuntu: Unpacking libpango-1.0-0:amd64 (1.50.6+ds-2ubuntu1) ...
1776313601,,ui,say,==> control.amazon-ebs.ubuntu: Selecting previously unselected package libpangoft2-1.0-0:amd64.
1776313601,,ui,say,==> control.amazon-ebs.ubuntu: Preparing to unpack .../100-libpangoft2-1.0-0_1.50.6+ds-2ubuntu1_amd64.deb ...
1776313601,,ui,say,==> control.amazon-ebs.ubuntu: Unpacking libpangoft2-1.0-0:amd64 (1.50.6+ds-2ubuntu1) ...
1776313602,,ui,say,==> control.amazon-ebs.ubuntu: Selecting previously unselected package libpangocairo-1.0-0:amd64.
1776313602,,ui,say,==> control.amazon-ebs.ubuntu: Preparing to unpack .../101-libpangocairo-1.0-0_1.50.6+ds-2ubuntu1_amd64.deb ...
1776313602,,ui,say,==> control.amazon-ebs.ubuntu: Unpacking libpangocairo-1.0-0:amd64 (1.50.6+ds-2ubuntu1) ...
1776313602,,ui,say,==> control.amazon-ebs.ubuntu: Selecting previously unselected package libxcursor1:amd64.
1776313602,,ui,say,==> control.amazon-ebs.ubuntu: Preparing to unpack .../102-libxcursor1_1%3a1.2.0-2build4_amd64.deb ...
1776313602,,ui,say,==> control.amazon-ebs.ubuntu: Unpacking libxcursor1:amd64 (1:1.2.0-2build4) ...
1776313602,,ui,say,==> control.amazon-ebs.ubuntu: Selecting previously unselected package libxdamage1:amd64.
1776313602,,ui,say,==> control.amazon-ebs.ubuntu: Preparing to unpack .../103-libxdamage1_1%3a1.1.5-2build2_amd64.deb ...
1776313602,,ui,say,==> control.amazon-ebs.ubuntu: Unpacking libxdamage1:amd64 (1:1.1.5-2build2) ...
1776313602,,ui,say,==> control.amazon-ebs.ubuntu: Selecting previously unselected package libgtk2.0-0:amd64.
1776313602,,ui,say,==> control.amazon-ebs.ubuntu: Preparing to unpack .../104-libgtk2.0-0_2.24.33-2ubuntu2.1_amd64.deb ...
1776313602,,ui,say,==> control.amazon-ebs.ubuntu: Unpacking libgtk2.0-0:amd64 (2.24.33-2ubuntu2.1) ...
1776313602,,ui,say,==> control.amazon-ebs.ubuntu: Selecting previously unselected package libgail18:amd64.
1776313602,,ui,say,==> control.amazon-ebs.ubuntu: Preparing to unpack .../105-libgail18_2.24.33-2ubuntu2.1_amd64.deb ...
1776313602,,ui,say,==> control.amazon-ebs.ubuntu: Unpacking libgail18:amd64 (2.24.33-2ubuntu2.1) ...
1776313602,,ui,say,==> control.amazon-ebs.ubuntu: Selecting previously unselected package libgail-common:amd64.
1776313602,,ui,say,==> control.amazon-ebs.ubuntu: Preparing to unpack .../106-libgail-common_2.24.33-2ubuntu2.1_amd64.deb ...
1776313602,,ui,say,==> control.amazon-ebs.ubuntu: Unpacking libgail-common:amd64 (2.24.33-2ubuntu2.1) ...
1776313602,,ui,say,==> control.amazon-ebs.ubuntu: Selecting previously unselected package libgdk-pixbuf2.0-bin.
1776313602,,ui,say,==> control.amazon-ebs.ubuntu: Preparing to unpack .../107-libgdk-pixbuf2.0-bin_2.42.8+dfsg-1ubuntu0.5_amd64.deb ...
1776313602,,ui,say,==> control.amazon-ebs.ubuntu: Unpacking libgdk-pixbuf2.0-bin (2.42.8+dfsg-1ubuntu0.5) ...
1776313602,,ui,say,==> control.amazon-ebs.ubuntu: Selecting previously unselected package libgif7:amd64.
1776313602,,ui,say,==> control.amazon-ebs.ubuntu: Preparing to unpack .../108-libgif7_5.1.9-2ubuntu0.1_amd64.deb ...
1776313602,,ui,say,==> control.amazon-ebs.ubuntu: Unpacking libgif7:amd64 (5.1.9-2ubuntu0.1) ...
1776313602,,ui,say,==> control.amazon-ebs.ubuntu: Selecting previously unselected package libgl1-amber-dri:amd64.
1776313602,,ui,say,==> control.amazon-ebs.ubuntu: Preparing to unpack .../109-libgl1-amber-dri_21.3.9-0ubuntu1~22.04.1_amd64.deb ...
1776313602,,ui,say,==> control.amazon-ebs.ubuntu: Unpacking libgl1-amber-dri:amd64 (21.3.9-0ubuntu1~22.04.1) ...
1776313603,,ui,say,==> control.amazon-ebs.ubuntu: Selecting previously unselected package libgtk2.0-bin.
1776313603,,ui,say,==> control.amazon-ebs.ubuntu: Preparing to unpack .../110-libgtk2.0-bin_2.24.33-2ubuntu2.1_amd64.deb ...
1776313603,,ui,say,==> control.amazon-ebs.ubuntu: Unpacking libgtk2.0-bin (2.24.33-2ubuntu2.1) ...
1776313603,,ui,say,==> control.amazon-ebs.ubuntu: Selecting previously unselected package xorg-sgml-doctools.
1776313603,,ui,say,==> control.amazon-ebs.ubuntu: Preparing to unpack .../111-xorg-sgml-doctools_1%3a1.11-1.1_all.deb ...
1776313603,,ui,say,==> control.amazon-ebs.ubuntu: Unpacking xorg-sgml-doctools (1:1.11-1.1) ...
1776313603,,ui,say,==> control.amazon-ebs.ubuntu: Selecting previously unselected package x11proto-dev.
1776313603,,ui,say,==> control.amazon-ebs.ubuntu: Preparing to unpack .../112-x11proto-dev_2021.5-1_all.deb ...
1776313603,,ui,say,==> control.amazon-ebs.ubuntu: Unpacking x11proto-dev (2021.5-1) ...
1776313603,,ui,say,==> control.amazon-ebs.ubuntu: Selecting previously unselected package libice-dev:amd64.
1776313603,,ui,say,==> control.amazon-ebs.ubuntu: Preparing to unpack .../113-libice-dev_2%3a1.0.10-1build2_amd64.deb ...
1776313603,,ui,say,==> control.amazon-ebs.ubuntu: Unpacking libice-dev:amd64 (2:1.0.10-1build2) ...
1776313603,,ui,say,==> control.amazon-ebs.ubuntu: Selecting previously unselected package libpthread-stubs0-dev:amd64.
1776313603,,ui,say,==> control.amazon-ebs.ubuntu: Preparing to unpack .../114-libpthread-stubs0-dev_0.4-1build2_amd64.deb ...
1776313603,,ui,say,==> control.amazon-ebs.ubuntu: Unpacking libpthread-stubs0-dev:amd64 (0.4-1build2) ...
1776313603,,ui,say,==> control.amazon-ebs.ubuntu: Selecting previously unselected package librsvg2-2:amd64.
1776313603,,ui,say,==> control.amazon-ebs.ubuntu: Preparing to unpack .../115-librsvg2-2_2.52.5+dfsg-3ubuntu0.2_amd64.deb ...
1776313603,,ui,say,==> control.amazon-ebs.ubuntu: Unpacking librsvg2-2:amd64 (2.52.5+dfsg-3ubuntu0.2) ...
1776313603,,ui,say,==> control.amazon-ebs.ubuntu: Selecting previously unselected package librsvg2-common:amd64.
1776313603,,ui,say,==> control.amazon-ebs.ubuntu: Preparing to unpack .../116-librsvg2-common_2.52.5+dfsg-3ubuntu0.2_amd64.deb ...
1776313603,,ui,say,==> control.amazon-ebs.ubuntu: Unpacking librsvg2-common:amd64 (2.52.5+dfsg-3ubuntu0.2) ...
1776313604,,ui,say,==> control.amazon-ebs.ubuntu: Selecting previously unselected package libsm-dev:amd64.
1776313604,,ui,say,==> control.amazon-ebs.ubuntu: Preparing to unpack .../117-libsm-dev_2%3a1.2.3-1build2_amd64.deb ...
1776313604,,ui,say,==> control.amazon-ebs.ubuntu: Unpacking libsm-dev:amd64 (2:1.2.3-1build2) ...
1776313604,,ui,say,==> control.amazon-ebs.ubuntu: Selecting previously unselected package libxau-dev:amd64.
1776313604,,ui,say,==> control.amazon-ebs.ubuntu: Preparing to unpack .../118-libxau-dev_1%3a1.0.9-1build5_amd64.deb ...
1776313604,,ui,say,==> control.amazon-ebs.ubuntu: Unpacking libxau-dev:amd64 (1:1.0.9-1build5) ...
1776313604,,ui,say,==> control.amazon-ebs.ubuntu: Selecting previously unselected package libxdmcp-dev:amd64.
1776313604,,ui,say,==> control.amazon-ebs.ubuntu: Preparing to unpack .../119-libxdmcp-dev_1%3a1.1.3-0ubuntu5_amd64.deb ...
1776313604,,ui,say,==> control.amazon-ebs.ubuntu: Unpacking libxdmcp-dev:amd64 (1:1.1.3-0ubuntu5) ...
1776313604,,ui,say,==> control.amazon-ebs.ubuntu: Selecting previously unselected package xtrans-dev.
1776313604,,ui,say,==> control.amazon-ebs.ubuntu: Preparing to unpack .../120-xtrans-dev_1.4.0-1_all.deb ...
1776313604,,ui,say,==> control.amazon-ebs.ubuntu: Unpacking xtrans-dev (1.4.0-1) ...
1776313604,,ui,say,==> control.amazon-ebs.ubuntu: Selecting previously unselected package libxcb1-dev:amd64.
1776313604,,ui,say,==> control.amazon-ebs.ubuntu: Preparing to unpack .../121-libxcb1-dev_1.14-3ubuntu3_amd64.deb ...
1776313604,,ui,say,==> control.amazon-ebs.ubuntu: Unpacking libxcb1-dev:amd64 (1.14-3ubuntu3) ...
1776313604,,ui,say,==> control.amazon-ebs.ubuntu: Selecting previously unselected package libx11-dev:amd64.
1776313604,,ui,say,==> control.amazon-ebs.ubuntu: Preparing to unpack .../122-libx11-dev_2%3a1.7.5-1ubuntu0.3_amd64.deb ...
1776313604,,ui,say,==> control.amazon-ebs.ubuntu: Unpacking libx11-dev:amd64 (2:1.7.5-1ubuntu0.3) ...
1776313604,,ui,say,==> control.amazon-ebs.ubuntu: Selecting previously unselected package libxt-dev:amd64.
1776313604,,ui,say,==> control.amazon-ebs.ubuntu: Preparing to unpack .../123-libxt-dev_1%3a1.2.1-1_amd64.deb ...
1776313604,,ui,say,==> control.amazon-ebs.ubuntu: Unpacking libxt-dev:amd64 (1:1.2.1-1) ...
1776313604,,ui,say,==> control.amazon-ebs.ubuntu: Selecting previously unselected package openjdk-17-jre:amd64.
1776313604,,ui,say,==> control.amazon-ebs.ubuntu: Preparing to unpack .../124-openjdk-17-jre_17.0.18+8-1~22.04.1_amd64.deb ...
1776313604,,ui,say,==> control.amazon-ebs.ubuntu: Unpacking openjdk-17-jre:amd64 (17.0.18+8-1~22.04.1) ...
1776313604,,ui,say,==> control.amazon-ebs.ubuntu: Selecting previously unselected package openjdk-17-jdk-headless:amd64.
1776313604,,ui,say,==> control.amazon-ebs.ubuntu: Preparing to unpack .../125-openjdk-17-jdk-headless_17.0.18+8-1~22.04.1_amd64.deb ...
1776313604,,ui,say,==> control.amazon-ebs.ubuntu: Unpacking openjdk-17-jdk-headless:amd64 (17.0.18+8-1~22.04.1) ...
1776313606,,ui,say,==> control.amazon-ebs.ubuntu: Selecting previously unselected package openjdk-17-jdk:amd64.
1776313606,,ui,say,==> control.amazon-ebs.ubuntu: Preparing to unpack .../126-openjdk-17-jdk_17.0.18+8-1~22.04.1_amd64.deb ...
1776313606,,ui,say,==> control.amazon-ebs.ubuntu: Unpacking openjdk-17-jdk:amd64 (17.0.18+8-1~22.04.1) ...
1776313606,,ui,say,==> control.amazon-ebs.ubuntu: Setting up libgraphite2-3:amd64 (1.3.14-1build2) ...
1776313606,,ui,say,==> control.amazon-ebs.ubuntu: Setting up libxcb-dri3-0:amd64 (1.14-3ubuntu3) ...
1776313606,,ui,say,==> control.amazon-ebs.ubuntu: Setting up liblcms2-2:amd64 (2.12~rc1-2build2) ...
1776313606,,ui,say,==> control.amazon-ebs.ubuntu: Setting up libpixman-1-0:amd64 (0.40.0-1ubuntu0.22.04.1) ...
1776313606,,ui,say,==> control.amazon-ebs.ubuntu: Setting up libx11-xcb1:amd64 (2:1.7.5-1ubuntu0.3) ...
1776313606,,ui,say,==> control.amazon-ebs.ubuntu: Setting up libpciaccess0:amd64 (0.16-3) ...
1776313606,,ui,say,==> control.amazon-ebs.ubuntu: Setting up session-migration (0.3.6) ...
1776313606,,ui,say,==> control.amazon-ebs.ubuntu: Created symlink /etc/systemd/user/graphical-session-pre.target.wants/session-migration.service → /usr/lib/systemd/user/session-migration.service.
1776313606,,ui,say,==> control.amazon-ebs.ubuntu: Setting up libdrm-nouveau2:amd64 (2.4.113-2~ubuntu0.22.04.1) ...
1776313606,,ui,say,==> control.amazon-ebs.ubuntu: Setting up libxdamage1:amd64 (1:1.1.5-2build2) ...
1776313606,,ui,say,==> control.amazon-ebs.ubuntu: Setting up libxcb-xfixes0:amd64 (1.14-3ubuntu3) ...
1776313606,,ui,say,==> control.amazon-ebs.ubuntu: Setting up libxpm4:amd64 (1:3.5.12-1ubuntu0.22.04.2) ...
1776313606,,ui,say,==> control.amazon-ebs.ubuntu: Setting up hicolor-icon-theme (0.17-2) ...
1776313606,,ui,say,==> control.amazon-ebs.ubuntu: Setting up libxi6:amd64 (2:1.8-1build1) ...
1776313606,,ui,say,==> control.amazon-ebs.ubuntu: Setting up java-common (0.72build2) ...
1776313606,,ui,say,==> control.amazon-ebs.ubuntu: Setting up libxrender1:amd64 (1:0.9.10-1build4) ...
1776313606,,ui,say,==> control.amazon-ebs.ubuntu: Setting up libdatrie1:amd64 (0.2.13-2) ...
1776313606,,ui,say,==> control.amazon-ebs.ubuntu: Setting up libxcb-render0:amd64 (1.14-3ubuntu3) ...
1776313606,,ui,say,==> control.amazon-ebs.ubuntu: Setting up libdrm-radeon1:amd64 (2.4.113-2~ubuntu0.22.04.1) ...
1776313606,,ui,say,==> control.amazon-ebs.ubuntu: Setting up libglvnd0:amd64 (1.4.0-1) ...
1776313606,,ui,say,==> control.amazon-ebs.ubuntu: Setting up libxcb-glx0:amd64 (1.14-3ubuntu3) ...
1776313607,,ui,say,==> control.amazon-ebs.ubuntu: Setting up libdrm-intel1:amd64 (2.4.113-2~ubuntu0.22.04.1) ...
1776313607,,ui,say,==> control.amazon-ebs.ubuntu: Setting up libgdk-pixbuf2.0-common (2.42.8+dfsg-1ubuntu0.5) ...
1776313607,,ui,say,==> control.amazon-ebs.ubuntu: Setting up libxcb-shape0:amd64 (1.14-3ubuntu3) ...
1776313607,,ui,say,==> control.amazon-ebs.ubuntu: Setting up x11-common (1:7.7+23ubuntu2) ...
1776313607,,ui,say,==> control.amazon-ebs.ubuntu: debconf: unable to initialize frontend: Dialog
1776313607,,ui,say,==> control.amazon-ebs.ubuntu: debconf: (Dialog frontend will not work on a dumb terminal%!(PACKER_COMMA) an emacs shell buffer%!(PACKER_COMMA) or without a controlling terminal.)
1776313607,,ui,say,==> control.amazon-ebs.ubuntu: debconf: falling back to frontend: Readline
1776313608,,ui,say,==> control.amazon-ebs.ubuntu: Setting up libsensors-config (1:3.6.0-7ubuntu1) ...
1776313608,,ui,say,==> control.amazon-ebs.ubuntu: Setting up libxxf86dga1:amd64 (2:1.1.5-0ubuntu3) ...
1776313608,,ui,say,==> control.amazon-ebs.ubuntu: Setting up libdeflate0:amd64 (1.10-2) ...
1776313608,,ui,say,==> control.amazon-ebs.ubuntu: Setting up libxcb-shm0:amd64 (1.14-3ubuntu3) ...
1776313608,,ui,say,==> control.amazon-ebs.ubuntu: Setting up libatspi2.0-0:amd64 (2.44.0-3) ...
1776313608,,ui,say,==> control.amazon-ebs.ubuntu: Setting up libpthread-stubs0-dev:amd64 (0.4-1build2) ...
1776313608,,ui,say,==> control.amazon-ebs.ubuntu: Setting up libjbig0:amd64 (2.1-3.1ubuntu0.22.04.1) ...
1776313608,,ui,say,==> control.amazon-ebs.ubuntu: Setting up libxxf86vm1:amd64 (1:1.1.4-1build3) ...
1776313608,,ui,say,==> control.amazon-ebs.ubuntu: Setting up libxcb-present0:amd64 (1.14-3ubuntu3) ...
1776313608,,ui,say,==> control.amazon-ebs.ubuntu: Setting up libdconf1:amd64 (0.40.0-3ubuntu0.1) ...
1776313608,,ui,say,==> control.amazon-ebs.ubuntu: Setting up libasound2-data (1.2.6.1-1ubuntu1.1) ...
1776313608,,ui,say,==> control.amazon-ebs.ubuntu: Setting up xtrans-dev (1.4.0-1) ...
1776313608,,ui,say,==> control.amazon-ebs.ubuntu: Setting up libfontenc1:amd64 (1:1.1.4-1build3) ...
1776313608,,ui,say,==> control.amazon-ebs.ubuntu: Setting up libxfixes3:amd64 (1:6.0.0-1) ...
1776313608,,ui,say,==> control.amazon-ebs.ubuntu: Setting up libxcb-sync1:amd64 (1.14-3ubuntu3) ...
1776313608,,ui,say,==> control.amazon-ebs.ubuntu: Setting up libavahi-common-data:amd64 (0.8-5ubuntu5.4) ...
1776313608,,ui,say,==> control.amazon-ebs.ubuntu: Setting up libxinerama1:amd64 (2:1.1.4-3) ...
1776313608,,ui,say,==> control.amazon-ebs.ubuntu: Setting up libxv1:amd64 (2:1.0.11-1build2) ...
1776313608,,ui,say,==> control.amazon-ebs.ubuntu: Setting up libxrandr2:amd64 (2:1.5.2-1build1) ...
1776313608,,ui,say,==> control.amazon-ebs.ubuntu: Setting up fonts-dejavu-core (2.37-2build1) ...
1776313608,,ui,say,==> control.amazon-ebs.ubuntu: Setting up libpcsclite1:amd64 (1.9.5-3ubuntu1) ...
1776313608,,ui,say,==> control.amazon-ebs.ubuntu: Setting up libsensors5:amd64 (1:3.6.0-7ubuntu1) ...
1776313608,,ui,say,==> control.amazon-ebs.ubuntu: Setting up libjpeg-turbo8:amd64 (2.1.2-0ubuntu1) ...
1776313608,,ui,say,==> control.amazon-ebs.ubuntu: Setting up libglapi-mesa:amd64 (23.2.1-1ubuntu3.1~22.04.3) ...
1776313608,,ui,say,==> control.amazon-ebs.ubuntu: Setting up libwebp7:amd64 (1.2.2-2ubuntu0.22.04.2) ...
1776313608,,ui,say,==> control.amazon-ebs.ubuntu: Setting up libxcb-dri2-0:amd64 (1.14-3ubuntu3) ...
1776313608,,ui,say,==> control.amazon-ebs.ubuntu: Setting up libgif7:amd64 (5.1.9-2ubuntu0.1) ...
1776313608,,ui,say,==> control.amazon-ebs.ubuntu: Setting up libatk1.0-data (2.36.0-3build1) ...
1776313608,,ui,say,==> control.amazon-ebs.ubuntu: Setting up fonts-dejavu-extra (2.37-2build1) ...
1776313608,,ui,say,==> control.amazon-ebs.ubuntu: Setting up alsa-topology-conf (1.2.5.1-2) ...
1776313608,,ui,say,==> control.amazon-ebs.ubuntu: Setting up libxshmfence1:amd64 (1.3-1build4) ...
1776313608,,ui,say,==> control.amazon-ebs.ubuntu: Setting up libxcb-randr0:amd64 (1.14-3ubuntu3) ...
1776313608,,ui,say,==> control.amazon-ebs.ubuntu: Setting up libllvm15:amd64 (1:15.0.7-0ubuntu0.22.04.3) ...
1776313608,,ui,say,==> control.amazon-ebs.ubuntu: Setting up libasound2:amd64 (1.2.6.1-1ubuntu1.1) ...
1776313608,,ui,say,==> control.amazon-ebs.ubuntu: Setting up libharfbuzz0b:amd64 (2.7.4-1ubuntu3.2) ...
1776313608,,ui,say,==> control.amazon-ebs.ubuntu: Setting up libthai-data (0.1.29-1build1) ...
1776313608,,ui,say,==> control.amazon-ebs.ubuntu: Setting up xorg-sgml-doctools (1:1.11-1.1) ...
1776313608,,ui,say,==> control.amazon-ebs.ubuntu: Setting up libgtk2.0-common (2.24.33-2ubuntu2.1) ...
1776313608,,ui,say,==> control.amazon-ebs.ubuntu: Setting up libatk1.0-0:amd64 (2.36.0-3build1) ...
1776313608,,ui,say,==> control.amazon-ebs.ubuntu: Setting up libxkbfile1:amd64 (1:1.1.0-1build3) ...
1776313608,,ui,say,==> control.amazon-ebs.ubuntu: Setting up libxcomposite1:amd64 (1:0.4.5-1build2) ...
1776313608,,ui,say,==> control.amazon-ebs.ubuntu: Setting up libdrm-amdgpu1:amd64 (2.4.113-2~ubuntu0.22.04.1) ...
1776313608,,ui,say,==> control.amazon-ebs.ubuntu: Setting up libjpeg8:amd64 (8c-2ubuntu10) ...
1776313608,,ui,say,==> control.amazon-ebs.ubuntu: Setting up x11proto-dev (2021.5-1) ...
1776313609,,ui,say,==> control.amazon-ebs.ubuntu: Setting up libgl1-amber-dri:amd64 (21.3.9-0ubuntu1~22.04.1) ...
1776313609,,ui,say,==> control.amazon-ebs.ubuntu: Setting up libice6:amd64 (2:1.0.10-1build2) ...
1776313609,,ui,say,==> control.amazon-ebs.ubuntu: Setting up libxau-dev:amd64 (1:1.0.9-1build5) ...
1776313609,,ui,say,==> control.amazon-ebs.ubuntu: Setting up libice-dev:amd64 (2:1.0.10-1build2) ...
1776313609,,ui,say,==> control.amazon-ebs.ubuntu: Setting up alsa-ucm-conf (1.2.6.3-1ubuntu1.12) ...
1776313609,,ui,say,==> control.amazon-ebs.ubuntu: Setting up fontconfig-config (2.13.1-4.2ubuntu5) ...
1776313609,,ui,say,==> control.amazon-ebs.ubuntu: Setting up libxtst6:amd64 (2:1.2.3-1build4) ...
1776313609,,ui,say,==> control.amazon-ebs.ubuntu: Setting up libxcursor1:amd64 (1:1.2.0-2build4) ...
1776313609,,ui,say,==> control.amazon-ebs.ubuntu: Setting up libgl1-mesa-dri:amd64 (23.2.1-1ubuntu3.1~22.04.3) ...
1776313609,,ui,say,==> control.amazon-ebs.ubuntu: Setting up libavahi-common3:amd64 (0.8-5ubuntu5.4) ...
1776313609,,ui,say,==> control.amazon-ebs.ubuntu: Setting up dconf-service (0.40.0-3ubuntu0.1) ...
1776313609,,ui,say,==> control.amazon-ebs.ubuntu: Setting up libatk-bridge2.0-0:amd64 (2.38.0-3) ...
1776313609,,ui,say,==> control.amazon-ebs.ubuntu: Setting up libthai0:amd64 (0.1.29-1build1) ...
1776313609,,ui,say,==> control.amazon-ebs.ubuntu: Setting up libxdmcp-dev:amd64 (1:1.1.3-0ubuntu5) ...
1776313609,,ui,say,==> control.amazon-ebs.ubuntu: Setting up libtiff5:amd64 (4.3.0-6ubuntu0.13) ...
1776313609,,ui,say,==> control.amazon-ebs.ubuntu: Setting up libfontconfig1:amd64 (2.13.1-4.2ubuntu5) ...
1776313609,,ui,say,==> control.amazon-ebs.ubuntu: Setting up libsm6:amd64 (2:1.2.3-1build2) ...
1776313609,,ui,say,==> control.amazon-ebs.ubuntu: Setting up libavahi-client3:amd64 (0.8-5ubuntu5.4) ...
1776313609,,ui,say,==> control.amazon-ebs.ubuntu: Setting up fontconfig (2.13.1-4.2ubuntu5) ...
1776313611,,ui,say,==> control.amazon-ebs.ubuntu: Regenerating fonts cache... done.
1776313611,,ui,say,==> control.amazon-ebs.ubuntu: Setting up libxft2:amd64 (2.3.4-1) ...
1776313611,,ui,say,==> control.amazon-ebs.ubuntu: Setting up libglx-mesa0:amd64 (23.2.1-1ubuntu3.1~22.04.3) ...
1776313611,,ui,say,==> control.amazon-ebs.ubuntu: Setting up libxcb1-dev:amd64 (1.14-3ubuntu3) ...
1776313611,,ui,say,==> control.amazon-ebs.ubuntu: Setting up libglx0:amd64 (1.4.0-1) ...
1776313611,,ui,say,==> control.amazon-ebs.ubuntu: Setting up dconf-gsettings-backend:amd64 (0.40.0-3ubuntu0.1) ...
1776313611,,ui,say,==> control.amazon-ebs.ubuntu: Setting up libsm-dev:amd64 (2:1.2.3-1build2) ...
1776313611,,ui,say,==> control.amazon-ebs.ubuntu: Setting up libpango-1.0-0:amd64 (1.50.6+ds-2ubuntu1) ...
1776313611,,ui,say,==> control.amazon-ebs.ubuntu: Setting up libx11-dev:amd64 (2:1.7.5-1ubuntu0.3) ...
1776313611,,ui,say,==> control.amazon-ebs.ubuntu: Setting up libcairo2:amd64 (1.16.0-5ubuntu2.1) ...
1776313611,,ui,say,==> control.amazon-ebs.ubuntu: Setting up libgl1:amd64 (1.4.0-1) ...
1776313611,,ui,say,==> control.amazon-ebs.ubuntu: Setting up libxt6:amd64 (1:1.2.1-1) ...
1776313611,,ui,say,==> control.amazon-ebs.ubuntu: Setting up libcups2:amd64 (2.4.1op1-1ubuntu4.16) ...
1776313611,,ui,say,==> control.amazon-ebs.ubuntu: Setting up libgdk-pixbuf-2.0-0:amd64 (2.42.8+dfsg-1ubuntu0.5) ...
1776313611,,ui,say,==> control.amazon-ebs.ubuntu: Setting up libcairo-gobject2:amd64 (1.16.0-5ubuntu2.1) ...
1776313611,,ui,say,==> control.amazon-ebs.ubuntu: Setting up libpangoft2-1.0-0:amd64 (1.50.6+ds-2ubuntu1) ...
1776313611,,ui,say,==> control.amazon-ebs.ubuntu: Setting up libpangocairo-1.0-0:amd64 (1.50.6+ds-2ubuntu1) ...
1776313611,,ui,say,==> control.amazon-ebs.ubuntu: Setting up gsettings-desktop-schemas (42.0-1ubuntu1) ...
1776313611,,ui,say,==> control.amazon-ebs.ubuntu: Setting up gtk-update-icon-cache (3.24.33-1ubuntu2.2) ...
1776313611,,ui,say,==> control.amazon-ebs.ubuntu: Setting up libxmu6:amd64 (2:1.1.3-3) ...
1776313611,,ui,say,==> control.amazon-ebs.ubuntu: Setting up libxaw7:amd64 (2:1.0.14-1) ...
1776313611,,ui,say,==> control.amazon-ebs.ubuntu: Setting up librsvg2-2:amd64 (2.52.5+dfsg-3ubuntu0.2) ...
1776313611,,ui,say,==> control.amazon-ebs.ubuntu: Setting up libxt-dev:amd64 (1:1.2.1-1) ...
1776313611,,ui,say,==> control.amazon-ebs.ubuntu: Setting up librsvg2-common:amd64 (2.52.5+dfsg-3ubuntu0.2) ...
1776313612,,ui,say,==> control.amazon-ebs.ubuntu: Setting up libgdk-pixbuf2.0-bin (2.42.8+dfsg-1ubuntu0.5) ...
1776313612,,ui,say,==> control.amazon-ebs.ubuntu: Setting up x11-utils (7.7+5build2) ...
1776313612,,ui,say,==> control.amazon-ebs.ubuntu: Setting up libatk-wrapper-java (0.38.0-5build1) ...
1776313612,,ui,say,==> control.amazon-ebs.ubuntu: Setting up libatk-wrapper-java-jni:amd64 (0.38.0-5build1) ...
1776313612,,ui,say,==> control.amazon-ebs.ubuntu: Setting up openjdk-17-jre-headless:amd64 (17.0.18+8-1~22.04.1) ...
1776313612,,ui,say,==> control.amazon-ebs.ubuntu: update-alternatives: using /usr/lib/jvm/java-17-openjdk-amd64/bin/java to provide /usr/bin/java (java) in auto mode
1776313612,,ui,say,==> control.amazon-ebs.ubuntu: update-alternatives: using /usr/lib/jvm/java-17-openjdk-amd64/bin/jpackage to provide /usr/bin/jpackage (jpackage) in auto mode
1776313612,,ui,say,==> control.amazon-ebs.ubuntu: update-alternatives: using /usr/lib/jvm/java-17-openjdk-amd64/bin/keytool to provide /usr/bin/keytool (keytool) in auto mode
1776313612,,ui,say,==> control.amazon-ebs.ubuntu: update-alternatives: using /usr/lib/jvm/java-17-openjdk-amd64/bin/rmiregistry to provide /usr/bin/rmiregistry (rmiregistry) in auto mode
1776313612,,ui,say,==> control.amazon-ebs.ubuntu: update-alternatives: using /usr/lib/jvm/java-17-openjdk-amd64/lib/jexec to provide /usr/bin/jexec (jexec) in auto mode
1776313612,,ui,say,==> control.amazon-ebs.ubuntu: Setting up ca-certificates-java (20190909ubuntu1.3) ...
1776313612,,ui,say,==> control.amazon-ebs.ubuntu: head: cannot open '/etc/ssl/certs/java/cacerts' for reading: No such file or directory
1776313612,,ui,say,==> control.amazon-ebs.ubuntu: Adding debian:GTS_Root_R3.pem
1776313612,,ui,say,==> control.amazon-ebs.ubuntu: Adding debian:Secure_Global_CA.pem
1776313612,,ui,say,==> control.amazon-ebs.ubuntu: Adding debian:DigiCert_Assured_ID_Root_G3.pem
1776313612,,ui,say,==> control.amazon-ebs.ubuntu: Adding debian:Security_Communication_RootCA2.pem
1776313612,,ui,say,==> control.amazon-ebs.ubuntu: Adding debian:COMODO_Certification_Authority.pem
1776313612,,ui,say,==> control.amazon-ebs.ubuntu: Adding debian:Starfield_Root_Certificate_Authority_-_G2.pem
1776313612,,ui,say,==> control.amazon-ebs.ubuntu: Adding debian:OISTE_WISeKey_Global_Root_GC_CA.pem
1776313612,,ui,say,==> control.amazon-ebs.ubuntu: Adding debian:AffirmTrust_Premium.pem
1776313612,,ui,say,==> control.amazon-ebs.ubuntu: Adding debian:ANF_Secure_Server_Root_CA.pem
1776313612,,ui,say,==> control.amazon-ebs.ubuntu: Adding debian:D-TRUST_EV_Root_CA_1_2020.pem
1776313612,,ui,say,==> control.amazon-ebs.ubuntu: Adding debian:emSign_ECC_Root_CA_-_C3.pem
1776313612,,ui,say,==> control.amazon-ebs.ubuntu: Adding debian:emSign_ECC_Root_CA_-_G3.pem
1776313612,,ui,say,==> control.amazon-ebs.ubuntu: Adding debian:CFCA_EV_ROOT.pem
1776313612,,ui,say,==> control.amazon-ebs.ubuntu: Adding debian:Trustwave_Global_ECC_P256_Certification_Authority.pem
1776313612,,ui,say,==> control.amazon-ebs.ubuntu: Adding debian:Certum_Trusted_Network_CA.pem
1776313612,,ui,say,==> control.amazon-ebs.ubuntu: Adding debian:Certainly_Root_R1.pem
1776313612,,ui,say,==> control.amazon-ebs.ubuntu: Adding debian:GlobalSign_Root_E46.pem
1776313612,,ui,say,==> control.amazon-ebs.ubuntu: Adding debian:QuoVadis_Root_CA_1_G3.pem
1776313612,,ui,say,==> control.amazon-ebs.ubuntu: Adding debian:Amazon_Root_CA_3.pem
1776313612,,ui,say,==> control.amazon-ebs.ubuntu: Adding debian:T-TeleSec_GlobalRoot_Class_2.pem
1776313612,,ui,say,==> control.amazon-ebs.ubuntu: Adding debian:OISTE_WISeKey_Global_Root_GB_CA.pem
1776313612,,ui,say,==> control.amazon-ebs.ubuntu: Adding debian:DigiCert_TLS_RSA4096_Root_G5.pem
1776313612,,ui,say,==> control.amazon-ebs.ubuntu: Adding debian:Microsoft_ECC_Root_Certificate_Authority_2017.pem
1776313612,,ui,say,==> control.amazon-ebs.ubuntu: Adding debian:COMODO_ECC_Certification_Authority.pem
1776313612,,ui,say,==> control.amazon-ebs.ubuntu: Adding debian:Certum_EC-384_CA.pem
1776313612,,ui,say,==> control.amazon-ebs.ubuntu: Adding debian:TeliaSonera_Root_CA_v1.pem
1776313612,,ui,say,==> control.amazon-ebs.ubuntu: Adding debian:Entrust_Root_Certification_Authority.pem
1776313612,,ui,say,==> control.amazon-ebs.ubuntu: Adding debian:Trustwave_Global_ECC_P384_Certification_Authority.pem
1776313612,,ui,say,==> control.amazon-ebs.ubuntu: Adding debian:BJCA_Global_Root_CA2.pem
1776313612,,ui,say,==> control.amazon-ebs.ubuntu: Adding debian:D-TRUST_BR_Root_CA_1_2020.pem
1776313612,,ui,say,==> control.amazon-ebs.ubuntu: Adding debian:TUBITAK_Kamu_SM_SSL_Kok_Sertifikasi_-_Surum_1.pem
1776313612,,ui,say,==> control.amazon-ebs.ubuntu: Adding debian:SecureSign_RootCA11.pem
1776313612,,ui,say,==> control.amazon-ebs.ubuntu: Adding debian:Hellenic_Academic_and_Research_Institutions_RootCA_2015.pem
1776313612,,ui,say,==> control.amazon-ebs.ubuntu: Adding debian:NAVER_Global_Root_Certification_Authority.pem
1776313612,,ui,say,==> control.amazon-ebs.ubuntu: Adding debian:QuoVadis_Root_CA_2.pem
1776313612,,ui,say,==> control.amazon-ebs.ubuntu: Adding debian:vTrus_ECC_Root_CA.pem
1776313612,,ui,say,==> control.amazon-ebs.ubuntu: Adding debian:GTS_Root_R1.pem
1776313612,,ui,say,==> control.amazon-ebs.ubuntu: Adding debian:SZAFIR_ROOT_CA2.pem
1776313612,,ui,say,==> control.amazon-ebs.ubuntu: Adding debian:CommScope_Public_Trust_ECC_Root-02.pem
1776313612,,ui,say,==> control.amazon-ebs.ubuntu: Adding debian:GlobalSign_Root_CA_-_R3.pem
1776313612,,ui,say,==> control.amazon-ebs.ubuntu: Adding debian:Microsec_e-Szigno_Root_CA_2009.pem
1776313612,,ui,say,==> control.amazon-ebs.ubuntu: Adding debian:Sectigo_Public_Server_Authentication_Root_R46.pem
1776313612,,ui,say,==> control.amazon-ebs.ubuntu: Adding debian:Go_Daddy_Root_Certificate_Authority_-_G2.pem
1776313612,,ui,say,==> control.amazon-ebs.ubuntu: Adding debian:Baltimore_CyberTrust_Root.pem
1776313612,,ui,say,==> control.amazon-ebs.ubuntu: Adding debian:Buypass_Class_2_Root_CA.pem
1776313612,,ui,say,==> control.amazon-ebs.ubuntu: Adding debian:AC_RAIZ_FNMT-RCM.pem
1776313612,,ui,say,==> control.amazon-ebs.ubuntu: Adding debian:TWCA_Root_Certification_Authority.pem
1776313612,,ui,say,==> control.amazon-ebs.ubuntu: Adding debian:QuoVadis_Root_CA_3.pem
1776313612,,ui,say,==> control.amazon-ebs.ubuntu: Adding debian:Certum_Trusted_Network_CA_2.pem
1776313612,,ui,say,==> control.amazon-ebs.ubuntu: Adding debian:BJCA_Global_Root_CA1.pem
1776313612,,ui,say,==> control.amazon-ebs.ubuntu: Adding debian:Certainly_Root_E1.pem
1776313612,,ui,say,==> control.amazon-ebs.ubuntu: Adding debian:Microsoft_RSA_Root_Certificate_Authority_2017.pem
1776313612,,ui,say,==> control.amazon-ebs.ubuntu: Adding debian:TrustAsia_Global_Root_CA_G3.pem
1776313612,,ui,say,==> control.amazon-ebs.ubuntu: Adding debian:Security_Communication_RootCA3.pem
1776313612,,ui,say,==> control.amazon-ebs.ubuntu: Adding debian:CommScope_Public_Trust_RSA_Root-02.pem
1776313612,,ui,say,==> control.amazon-ebs.ubuntu: Adding debian:Atos_TrustedRoot_Root_CA_ECC_TLS_2021.pem
1776313612,,ui,say,==> control.amazon-ebs.ubuntu: Adding debian:SSL.com_TLS_RSA_Root_CA_2022.pem
1776313612,,ui,say,==> control.amazon-ebs.ubuntu: Adding debian:Starfield_Services_Root_Certificate_Authority_-_G2.pem
1776313612,,ui,say,==> control.amazon-ebs.ubuntu: Adding debian:SwissSign_Silver_CA_-_G2.pem
1776313612,,ui,say,==> control.amazon-ebs.ubuntu: Adding debian:Hongkong_Post_Root_CA_3.pem
1776313612,,ui,say,==> control.amazon-ebs.ubuntu: Adding debian:CA_Disig_Root_R2.pem
1776313612,,ui,say,==> control.amazon-ebs.ubuntu: Adding debian:e-Szigno_Root_CA_2017.pem
1776313612,,ui,say,==> control.amazon-ebs.ubuntu: Adding debian:DigiCert_Global_Root_G3.pem
1776313612,,ui,say,==> control.amazon-ebs.ubuntu: Adding debian:Entrust_Root_Certification_Authority_-_G4.pem
1776313612,,ui,say,==> control.amazon-ebs.ubuntu: Adding debian:Izenpe.com.pem
1776313612,,ui,say,==> control.amazon-ebs.ubuntu: Adding debian:NetLock_Arany_=Class_Gold=_Főtanúsítvány.pem
1776313612,,ui,say,==> control.amazon-ebs.ubuntu: Adding debian:Buypass_Class_3_Root_CA.pem
1776313612,,ui,say,==> control.amazon-ebs.ubuntu: Adding debian:SSL.com_EV_Root_Certification_Authority_ECC.pem
1776313613,,ui,say,==> control.amazon-ebs.ubuntu: Adding debian:Telia_Root_CA_v2.pem
1776313613,,ui,say,==> control.amazon-ebs.ubuntu: Adding debian:AffirmTrust_Premium_ECC.pem
1776313613,,ui,say,==> control.amazon-ebs.ubuntu: Adding debian:Certum_Trusted_Root_CA.pem
1776313613,,ui,say,==> control.amazon-ebs.ubuntu: Adding debian:AffirmTrust_Commercial.pem
1776313613,,ui,say,==> control.amazon-ebs.ubuntu: Adding debian:IdenTrust_Commercial_Root_CA_1.pem
1776313613,,ui,say,==> control.amazon-ebs.ubuntu: Adding debian:SSL.com_EV_Root_Certification_Authority_RSA_R2.pem
1776313613,,ui,say,==> control.amazon-ebs.ubuntu: Adding debian:DigiCert_Global_Root_CA.pem
1776313613,,ui,say,==> control.amazon-ebs.ubuntu: Adding debian:GLOBALTRUST_2020.pem
1776313613,,ui,say,==> control.amazon-ebs.ubuntu: Adding debian:IdenTrust_Public_Sector_Root_CA_1.pem
1776313613,,ui,say,==> control.amazon-ebs.ubuntu: Adding debian:certSIGN_ROOT_CA.pem
1776313613,,ui,say,==> control.amazon-ebs.ubuntu: Adding debian:SwissSign_Gold_CA_-_G2.pem
1776313613,,ui,say,==> control.amazon-ebs.ubuntu: Adding debian:DigiCert_TLS_ECC_P384_Root_G5.pem
1776313613,,ui,say,==> control.amazon-ebs.ubuntu: Adding debian:emSign_Root_CA_-_G1.pem
1776313613,,ui,say,==> control.amazon-ebs.ubuntu: Adding debian:TWCA_Global_Root_CA.pem
1776313613,,ui,say,==> control.amazon-ebs.ubuntu: Adding debian:ACCVRAIZ1.pem
1776313613,,ui,say,==> control.amazon-ebs.ubuntu: Adding debian:HiPKI_Root_CA_-_G1.pem
1776313613,,ui,say,==> control.amazon-ebs.ubuntu: Adding debian:Comodo_AAA_Services_root.pem
1776313613,,ui,say,==> control.amazon-ebs.ubuntu: Adding debian:Hellenic_Academic_and_Research_Institutions_ECC_RootCA_2015.pem
1776313613,,ui,say,==> control.amazon-ebs.ubuntu: Adding debian:HARICA_TLS_RSA_Root_CA_2021.pem
1776313613,,ui,say,==> control.amazon-ebs.ubuntu: Adding debian:DigiCert_High_Assurance_EV_Root_CA.pem
1776313613,,ui,say,==> control.amazon-ebs.ubuntu: Adding debian:AffirmTrust_Networking.pem
1776313613,,ui,say,==> control.amazon-ebs.ubuntu: Adding debian:Sectigo_Public_Server_Authentication_Root_E46.pem
1776313613,,ui,say,==> control.amazon-ebs.ubuntu: Adding debian:Atos_TrustedRoot_Root_CA_RSA_TLS_2021.pem
1776313613,,ui,say,==> control.amazon-ebs.ubuntu: Adding debian:GlobalSign_Root_CA_-_R6.pem
1776313613,,ui,say,==> control.amazon-ebs.ubuntu: Adding debian:GTS_Root_R4.pem
1776313613,,ui,say,==> control.amazon-ebs.ubuntu: Adding debian:TunTrust_Root_CA.pem
1776313613,,ui,say,==> control.amazon-ebs.ubuntu: Adding debian:DigiCert_Global_Root_G2.pem
1776313613,,ui,say,==> control.amazon-ebs.ubuntu: Adding debian:Certigna.pem
1776313613,,ui,say,==> control.amazon-ebs.ubuntu: Adding debian:HARICA_TLS_ECC_Root_CA_2021.pem
1776313613,,ui,say,==> control.amazon-ebs.ubuntu: Adding debian:Go_Daddy_Class_2_CA.pem
1776313613,,ui,say,==> control.amazon-ebs.ubuntu: Adding debian:D-TRUST_Root_Class_3_CA_2_EV_2009.pem
1776313613,,ui,say,==> control.amazon-ebs.ubuntu: Adding debian:Starfield_Class_2_CA.pem
1776313613,,ui,say,==> control.amazon-ebs.ubuntu: Adding debian:T-TeleSec_GlobalRoot_Class_3.pem
1776313613,,ui,say,==> control.amazon-ebs.ubuntu: Adding debian:GTS_Root_R2.pem
1776313613,,ui,say,==> control.amazon-ebs.ubuntu: Adding debian:Entrust.net_Premium_2048_Secure_Server_CA.pem
1776313613,,ui,say,==> control.amazon-ebs.ubuntu: Adding debian:SSL.com_Root_Certification_Authority_ECC.pem
1776313613,,ui,say,==> control.amazon-ebs.ubuntu: Adding debian:QuoVadis_Root_CA_3_G3.pem
1776313613,,ui,say,==> control.amazon-ebs.ubuntu: Adding debian:Entrust_Root_Certification_Authority_-_G2.pem
1776313613,,ui,say,==> control.amazon-ebs.ubuntu: Adding debian:TrustAsia_Global_Root_CA_G4.pem
1776313613,,ui,say,==> control.amazon-ebs.ubuntu: Adding debian:Security_Communication_Root_CA.pem
1776313613,,ui,say,==> control.amazon-ebs.ubuntu: Adding debian:Amazon_Root_CA_2.pem
1776313613,,ui,say,==> control.amazon-ebs.ubuntu: Adding debian:vTrus_Root_CA.pem
1776313613,,ui,say,==> control.amazon-ebs.ubuntu: Adding debian:UCA_Extended_Validation_Root.pem
1776313613,,ui,say,==> control.amazon-ebs.ubuntu: Adding debian:Security_Communication_ECC_RootCA1.pem
1776313613,,ui,say,==> control.amazon-ebs.ubuntu: Adding debian:Actalis_Authentication_Root_CA.pem
1776313613,,ui,say,==> control.amazon-ebs.ubuntu: Adding debian:Amazon_Root_CA_4.pem
1776313613,,ui,say,==> control.amazon-ebs.ubuntu: Adding debian:Certigna_Root_CA.pem
1776313613,,ui,say,==> control.amazon-ebs.ubuntu: Adding debian:DigiCert_Assured_ID_Root_CA.pem
1776313613,,ui,say,==> control.amazon-ebs.ubuntu: Adding debian:QuoVadis_Root_CA_2_G3.pem
1776313613,,ui,say,==> control.amazon-ebs.ubuntu: Adding debian:USERTrust_ECC_Certification_Authority.pem
1776313613,,ui,say,==> control.amazon-ebs.ubuntu: Adding debian:Entrust_Root_Certification_Authority_-_EC1.pem
1776313613,,ui,say,==> control.amazon-ebs.ubuntu: Adding debian:ePKI_Root_Certification_Authority.pem
1776313613,,ui,say,==> control.amazon-ebs.ubuntu: Adding debian:ISRG_Root_X1.pem
1776313613,,ui,say,==> control.amazon-ebs.ubuntu: Adding debian:GlobalSign_ECC_Root_CA_-_R5.pem
1776313613,,ui,say,==> control.amazon-ebs.ubuntu: Adding debian:GlobalSign_ECC_Root_CA_-_R4.pem
1776313613,,ui,say,==> control.amazon-ebs.ubuntu: Adding debian:DigiCert_Trusted_Root_G4.pem
1776313613,,ui,say,==> control.amazon-ebs.ubuntu: Adding debian:ISRG_Root_X2.pem
1776313613,,ui,say,==> control.amazon-ebs.ubuntu: Adding debian:SSL.com_Root_Certification_Authority_RSA.pem
1776313613,,ui,say,==> control.amazon-ebs.ubuntu: Adding debian:emSign_Root_CA_-_C1.pem
1776313613,,ui,say,==> control.amazon-ebs.ubuntu: Adding debian:Atos_TrustedRoot_2011.pem
1776313613,,ui,say,==> control.amazon-ebs.ubuntu: Adding debian:SSL.com_TLS_ECC_Root_CA_2022.pem
1776313613,,ui,say,==> control.amazon-ebs.ubuntu: Adding debian:DigiCert_Assured_ID_Root_G2.pem
1776313614,,ui,say,==> control.amazon-ebs.ubuntu: Adding debian:USERTrust_RSA_Certification_Authority.pem
1776313614,,ui,say,==> control.amazon-ebs.ubuntu: Adding debian:AC_RAIZ_FNMT-RCM_SERVIDORES_SEGUROS.pem
1776313614,,ui,say,==> control.amazon-ebs.ubuntu: Adding debian:Autoridad_de_Certificacion_Firmaprofesional_CIF_A62634068.pem
1776313614,,ui,say,==> control.amazon-ebs.ubuntu: Adding debian:UCA_Global_G2_Root.pem
1776313614,,ui,say,==> control.amazon-ebs.ubuntu: Adding debian:XRamp_Global_CA_Root.pem
1776313614,,ui,say,==> control.amazon-ebs.ubuntu: Adding debian:GlobalSign_Root_R46.pem
1776313614,,ui,say,==> control.amazon-ebs.ubuntu: Adding debian:COMODO_RSA_Certification_Authority.pem
1776313614,,ui,say,==> control.amazon-ebs.ubuntu: Adding debian:CommScope_Public_Trust_RSA_Root-01.pem
1776313614,,ui,say,==> control.amazon-ebs.ubuntu: Adding debian:Amazon_Root_CA_1.pem
1776313614,,ui,say,==> control.amazon-ebs.ubuntu: Adding debian:GlobalSign_Root_CA.pem
1776313614,,ui,say,==> control.amazon-ebs.ubuntu: Adding debian:Trustwave_Global_Certification_Authority.pem
1776313614,,ui,say,==> control.amazon-ebs.ubuntu: Adding debian:D-TRUST_Root_Class_3_CA_2_2009.pem
1776313614,,ui,say,==> control.amazon-ebs.ubuntu: Adding debian:CommScope_Public_Trust_ECC_Root-01.pem
1776313614,,ui,say,==> control.amazon-ebs.ubuntu: Adding debian:GDCA_TrustAUTH_R5_ROOT.pem
1776313614,,ui,say,==> control.amazon-ebs.ubuntu: Adding debian:SecureTrust_CA.pem
1776313614,,ui,say,==> control.amazon-ebs.ubuntu: Adding debian:certSIGN_Root_CA_G2.pem
1776313614,,ui,say,==> control.amazon-ebs.ubuntu: done.
1776313614,,ui,say,==> control.amazon-ebs.ubuntu: Setting up adwaita-icon-theme (41.0-1ubuntu1) ...
1776313614,,ui,say,==> control.amazon-ebs.ubuntu: update-alternatives: using /usr/share/icons/Adwaita/cursor.theme to provide /usr/share/icons/default/index.theme (x-cursor-theme) in auto mode
1776313614,,ui,say,==> control.amazon-ebs.ubuntu: Setting up openjdk-17-jdk-headless:amd64 (17.0.18+8-1~22.04.1) ...
1776313614,,ui,say,==> control.amazon-ebs.ubuntu: update-alternatives: using /usr/lib/jvm/java-17-openjdk-amd64/bin/jar to provide /usr/bin/jar (jar) in auto mode
1776313614,,ui,say,==> control.amazon-ebs.ubuntu: update-alternatives: using /usr/lib/jvm/java-17-openjdk-amd64/bin/jarsigner to provide /usr/bin/jarsigner (jarsigner) in auto mode
1776313614,,ui,say,==> control.amazon-ebs.ubuntu: update-alternatives: using /usr/lib/jvm/java-17-openjdk-amd64/bin/javac to provide /usr/bin/javac (javac) in auto mode
1776313614,,ui,say,==> control.amazon-ebs.ubuntu: update-alternatives: using /usr/lib/jvm/java-17-openjdk-amd64/bin/javadoc to provide /usr/bin/javadoc (javadoc) in auto mode
1776313614,,ui,say,==> control.amazon-ebs.ubuntu: update-alternatives: using /usr/lib/jvm/java-17-openjdk-amd64/bin/javap to provide /usr/bin/javap (javap) in auto mode
1776313614,,ui,say,==> control.amazon-ebs.ubuntu: update-alternatives: using /usr/lib/jvm/java-17-openjdk-amd64/bin/jcmd to provide /usr/bin/jcmd (jcmd) in auto mode
1776313614,,ui,say,==> control.amazon-ebs.ubuntu: update-alternatives: using /usr/lib/jvm/java-17-openjdk-amd64/bin/jdb to provide /usr/bin/jdb (jdb) in auto mode
1776313614,,ui,say,==> control.amazon-ebs.ubuntu: update-alternatives: using /usr/lib/jvm/java-17-openjdk-amd64/bin/jdeprscan to provide /usr/bin/jdeprscan (jdeprscan) in auto mode
1776313614,,ui,say,==> control.amazon-ebs.ubuntu: update-alternatives: using /usr/lib/jvm/java-17-openjdk-amd64/bin/jdeps to provide /usr/bin/jdeps (jdeps) in auto mode
1776313614,,ui,say,==> control.amazon-ebs.ubuntu: update-alternatives: using /usr/lib/jvm/java-17-openjdk-amd64/bin/jfr to provide /usr/bin/jfr (jfr) in auto mode
1776313614,,ui,say,==> control.amazon-ebs.ubuntu: update-alternatives: using /usr/lib/jvm/java-17-openjdk-amd64/bin/jimage to provide /usr/bin/jimage (jimage) in auto mode
1776313614,,ui,say,==> control.amazon-ebs.ubuntu: update-alternatives: using /usr/lib/jvm/java-17-openjdk-amd64/bin/jinfo to provide /usr/bin/jinfo (jinfo) in auto mode
1776313614,,ui,say,==> control.amazon-ebs.ubuntu: update-alternatives: using /usr/lib/jvm/java-17-openjdk-amd64/bin/jlink to provide /usr/bin/jlink (jlink) in auto mode
1776313614,,ui,say,==> control.amazon-ebs.ubuntu: update-alternatives: using /usr/lib/jvm/java-17-openjdk-amd64/bin/jmap to provide /usr/bin/jmap (jmap) in auto mode
1776313614,,ui,say,==> control.amazon-ebs.ubuntu: update-alternatives: using /usr/lib/jvm/java-17-openjdk-amd64/bin/jmod to provide /usr/bin/jmod (jmod) in auto mode
1776313614,,ui,say,==> control.amazon-ebs.ubuntu: update-alternatives: using /usr/lib/jvm/java-17-openjdk-amd64/bin/jps to provide /usr/bin/jps (jps) in auto mode
1776313614,,ui,say,==> control.amazon-ebs.ubuntu: update-alternatives: using /usr/lib/jvm/java-17-openjdk-amd64/bin/jrunscript to provide /usr/bin/jrunscript (jrunscript) in auto mode
1776313614,,ui,say,==> control.amazon-ebs.ubuntu: update-alternatives: using /usr/lib/jvm/java-17-openjdk-amd64/bin/jshell to provide /usr/bin/jshell (jshell) in auto mode
1776313614,,ui,say,==> control.amazon-ebs.ubuntu: update-alternatives: using /usr/lib/jvm/java-17-openjdk-amd64/bin/jstack to provide /usr/bin/jstack (jstack) in auto mode
1776313614,,ui,say,==> control.amazon-ebs.ubuntu: update-alternatives: using /usr/lib/jvm/java-17-openjdk-amd64/bin/jstat to provide /usr/bin/jstat (jstat) in auto mode
1776313614,,ui,say,==> control.amazon-ebs.ubuntu: update-alternatives: using /usr/lib/jvm/java-17-openjdk-amd64/bin/jstatd to provide /usr/bin/jstatd (jstatd) in auto mode
1776313614,,ui,say,==> control.amazon-ebs.ubuntu: update-alternatives: using /usr/lib/jvm/java-17-openjdk-amd64/bin/serialver to provide /usr/bin/serialver (serialver) in auto mode
1776313614,,ui,say,==> control.amazon-ebs.ubuntu: update-alternatives: using /usr/lib/jvm/java-17-openjdk-amd64/bin/jhsdb to provide /usr/bin/jhsdb (jhsdb) in auto mode
1776313614,,ui,say,==> control.amazon-ebs.ubuntu: Setting up libgtk2.0-0:amd64 (2.24.33-2ubuntu2.1) ...
1776313614,,ui,say,==> control.amazon-ebs.ubuntu: Setting up humanity-icon-theme (0.6.16) ...
1776313615,,ui,say,==> control.amazon-ebs.ubuntu: Setting up libgail18:amd64 (2.24.33-2ubuntu2.1) ...
1776313615,,ui,say,==> control.amazon-ebs.ubuntu: Setting up libgtk2.0-bin (2.24.33-2ubuntu2.1) ...
1776313615,,ui,say,==> control.amazon-ebs.ubuntu: Setting up libgail-common:amd64 (2.24.33-2ubuntu2.1) ...
1776313615,,ui,say,==> control.amazon-ebs.ubuntu: Setting up openjdk-17-jre:amd64 (17.0.18+8-1~22.04.1) ...
1776313615,,ui,say,==> control.amazon-ebs.ubuntu: Setting up ubuntu-mono (20.10-0ubuntu2) ...
1776313615,,ui,say,==> control.amazon-ebs.ubuntu: Setting up openjdk-17-jdk:amd64 (17.0.18+8-1~22.04.1) ...
1776313615,,ui,say,==> control.amazon-ebs.ubuntu: update-alternatives: using /usr/lib/jvm/java-17-openjdk-amd64/bin/jconsole to provide /usr/bin/jconsole (jconsole) in auto mode
1776313615,,ui,say,==> control.amazon-ebs.ubuntu: Processing triggers for ca-certificates (20240203~22.04.1) ...
1776313615,,ui,say,==> control.amazon-ebs.ubuntu: Updating certificates in /etc/ssl/certs...
1776313617,,ui,say,==> control.amazon-ebs.ubuntu: 0 added%!(PACKER_COMMA) 0 removed; done.
1776313617,,ui,say,==> control.amazon-ebs.ubuntu: Running hooks in /etc/ca-certificates/update.d...
1776313617,,ui,say,==> control.amazon-ebs.ubuntu:
1776313619,,ui,say,==> control.amazon-ebs.ubuntu: done.
1776313619,,ui,say,==> control.amazon-ebs.ubuntu: done.
1776313619,,ui,say,==> control.amazon-ebs.ubuntu: Processing triggers for libglib2.0-0:amd64 (2.72.4-0ubuntu2.9) ...
1776313619,,ui,say,==> control.amazon-ebs.ubuntu: Processing triggers for libc-bin (2.35-0ubuntu3.13) ...
1776313619,,ui,say,==> control.amazon-ebs.ubuntu: Processing triggers for man-db (2.10.2-1) ...
1776313619,,ui,say,==> control.amazon-ebs.ubuntu: Setting up at-spi2-core (2.44.0-3) ...
1776313619,,ui,say,==> control.amazon-ebs.ubuntu: Processing triggers for libgdk-pixbuf-2.0-0:amd64 (2.42.8+dfsg-1ubuntu0.5) ...
1776313621,,ui,say,==> control.amazon-ebs.ubuntu:
1776313621,,ui,say,==> control.amazon-ebs.ubuntu: Running kernel seems to be up-to-date.
1776313621,,ui,say,==> control.amazon-ebs.ubuntu:
1776313621,,ui,say,==> control.amazon-ebs.ubuntu: Services to be restarted:
1776313621,,ui,say,==> control.amazon-ebs.ubuntu:  systemctl restart packagekit.service
1776313621,,ui,say,==> control.amazon-ebs.ubuntu:
1776313621,,ui,say,==> control.amazon-ebs.ubuntu: No containers need to be restarted.
1776313621,,ui,say,==> control.amazon-ebs.ubuntu:
1776313621,,ui,say,==> control.amazon-ebs.ubuntu: No user sessions are running outdated binaries.
1776313621,,ui,say,==> control.amazon-ebs.ubuntu:
1776313621,,ui,say,==> control.amazon-ebs.ubuntu: No VM guests are running outdated hypervisor (qemu) binaries on this host.
1776313626,,ui,error,==> control.amazon-ebs.ubuntu: + echo '=== Creating Jenkins user ==='
1776313626,,ui,error,==> control.amazon-ebs.ubuntu: + sudo id jenkins
1776313626,,ui,error,==> control.amazon-ebs.ubuntu: + sudo useradd -m -d /var/lib/jenkins -s /usr/sbin/nologin jenkins
1776313626,,ui,say,==> control.amazon-ebs.ubuntu: === Creating Jenkins user ===
1776313627,,ui,error,==> control.amazon-ebs.ubuntu: + echo '=== Creating Jenkins directories ==='
1776313627,,ui,say,==> control.amazon-ebs.ubuntu: === Creating Jenkins directories ===
1776313627,,ui,say,==> control.amazon-ebs.ubuntu: === Downloading Jenkins LTS WAR ===
1776313627,,ui,error,==> control.amazon-ebs.ubuntu: + sudo mkdir -p /var/lib/jenkins /var/log/jenkins /var/cache/jenkins
1776313627,,ui,error,==> control.amazon-ebs.ubuntu: + sudo chown -R jenkins:jenkins /var/lib/jenkins /var/log/jenkins /var/cache/jenkins
1776313627,,ui,error,==> control.amazon-ebs.ubuntu: + echo '=== Downloading Jenkins LTS WAR ==='
1776313627,,ui,error,==> control.amazon-ebs.ubuntu: + sudo wget -q -O /usr/share/jenkins.war https://get.jenkins.io/war-stable/latest/jenkins.war
1776313628,,ui,error,==> control.amazon-ebs.ubuntu: + sudo chmod 644 /usr/share/jenkins.war
1776313628,,ui,error,==> control.amazon-ebs.ubuntu: + echo '=== Creating systemd service ==='
1776313628,,ui,error,==> control.amazon-ebs.ubuntu: + sudo tee /etc/systemd/system/jenkins.service
1776313628,,ui,say,==> control.amazon-ebs.ubuntu: === Creating systemd service ===
1776313628,,ui,error,==> control.amazon-ebs.ubuntu: + echo '=== Enabling and starting Jenkins ==='
1776313628,,ui,error,==> control.amazon-ebs.ubuntu: + sudo systemctl daemon-reload
1776313628,,ui,say,==> control.amazon-ebs.ubuntu: === Enabling and starting Jenkins ===
1776313629,,ui,error,==> control.amazon-ebs.ubuntu: + sudo systemctl enable jenkins
1776313629,,ui,error,==> control.amazon-ebs.ubuntu: Created symlink /etc/systemd/system/multi-user.target.wants/jenkins.service → /etc/systemd/system/jenkins.service.
1776313630,,ui,error,==> control.amazon-ebs.ubuntu: + sudo systemctl start jenkins
1776313630,,ui,error,==> control.amazon-ebs.ubuntu: + echo '=== Jenkins installation complete ==='
1776313630,,ui,say,==> control.amazon-ebs.ubuntu: === Jenkins installation complete ===
1776313630,,ui,say,==> control.amazon-ebs.ubuntu: Provisioning with shell script: scripts/prometheus.sh
1776313631,,ui,error,==> control.amazon-ebs.ubuntu: + echo '=== Installing Prometheus ==='
1776313631,,ui,say,==> control.amazon-ebs.ubuntu: === Installing Prometheus ===
1776313631,,ui,error,==> control.amazon-ebs.ubuntu: + PROM_VERSION=2.52.0
1776313631,,ui,error,==> control.amazon-ebs.ubuntu: + cd /tmp
1776313631,,ui,error,==> control.amazon-ebs.ubuntu: + wget https://github.com/prometheus/prometheus/releases/download/v2.52.0/prometheus-2.52.0.linux-amd64.tar.gz
1776313631,,ui,error,==> control.amazon-ebs.ubuntu: --2026-04-16 04:27:11--  https://github.com/prometheus/prometheus/releases/download/v2.52.0/prometheus-2.52.0.linux-amd64.tar.gz
1776313631,,ui,error,==> control.amazon-ebs.ubuntu: Resolving github.com (github.com)... 140.82.114.4
1776313631,,ui,error,==> control.amazon-ebs.ubuntu: Connecting to github.com (github.com)|140.82.114.4|:443... connected.
1776313631,,ui,error,==> control.amazon-ebs.ubuntu: HTTP request sent%!(PACKER_COMMA) awaiting response... 302 Found
1776313631,,ui,error,==> control.amazon-ebs.ubuntu: Location: https://release-assets.githubusercontent.com/github-production-release-asset/6838921/768138e4-e78f-4fb9-b334-959077fdbf25?sp=r&sv=2018-11-09&sr=b&spr=https&se=2026-04-16T05%3A11%3A46Z&rscd=attachment%3B+filename%3Dprometheus-2.52.0.linux-amd64.tar.gz&rsct=application%2Foctet-stream&skoid=96c2d410-5711-43a1-aedd-ab1947aa7ab0&sktid=398a6654-997b-47e9-b12b-9515b896b4de&skt=2026-04-16T04%3A11%3A20Z&ske=2026-04-16T05%3A11%3A46Z&sks=b&skv=2018-11-09&sig=4HWt%2Bf4Kedu0WlXmU%2B30cmtqhtztR4t9cYQNiTQ%2FR6Q%3D&jwt=eyJ0eXAiOiJKV1QiLCJhbGciOiJIUzI1NiJ9.eyJpc3MiOiJnaXRodWIuY29tIiwiYXVkIjoicmVsZWFzZS1hc3NldHMuZ2l0aHVidXNlcmNvbnRlbnQuY29tIiwia2V5Ijoia2V5MSIsImV4cCI6MTc3NjMxNTQzMSwibmJmIjoxNzc2MzEzNjMxLCJwYXRoIjoicmVsZWFzZWFzc2V0cHJvZHVjdGlvbi5ibG9iLmNvcmUud2luZG93cy5uZXQifQ.yzRJSlYLgBY2BxfNZK0dheftLVhnQcrChQxsPd6mCzc&response-content-disposition=attachment%3B%20filename%3Dprometheus-2.52.0.linux-amd64.tar.gz&response-content-type=application%2Foctet-stream [following]
1776313631,,ui,error,==> control.amazon-ebs.ubuntu: --2026-04-16 04:27:11--  https://release-assets.githubusercontent.com/github-production-release-asset/6838921/768138e4-e78f-4fb9-b334-959077fdbf25?sp=r&sv=2018-11-09&sr=b&spr=https&se=2026-04-16T05%3A11%3A46Z&rscd=attachment%3B+filename%3Dprometheus-2.52.0.linux-amd64.tar.gz&rsct=application%2Foctet-stream&skoid=96c2d410-5711-43a1-aedd-ab1947aa7ab0&sktid=398a6654-997b-47e9-b12b-9515b896b4de&skt=2026-04-16T04%3A11%3A20Z&ske=2026-04-16T05%3A11%3A46Z&sks=b&skv=2018-11-09&sig=4HWt%2Bf4Kedu0WlXmU%2B30cmtqhtztR4t9cYQNiTQ%2FR6Q%3D&jwt=eyJ0eXAiOiJKV1QiLCJhbGciOiJIUzI1NiJ9.eyJpc3MiOiJnaXRodWIuY29tIiwiYXVkIjoicmVsZWFzZS1hc3NldHMuZ2l0aHVidXNlcmNvbnRlbnQuY29tIiwia2V5Ijoia2V5MSIsImV4cCI6MTc3NjMxNTQzMSwibmJmIjoxNzc2MzEzNjMxLCJwYXRoIjoicmVsZWFzZWFzc2V0cHJvZHVjdGlvbi5ibG9iLmNvcmUud2luZG93cy5uZXQifQ.yzRJSlYLgBY2BxfNZK0dheftLVhnQcrChQxsPd6mCzc&response-content-disposition=attachment%3B%20filename%3Dprometheus-2.52.0.linux-amd64.tar.gz&response-content-type=application%2Foctet-stream
1776313631,,ui,error,==> control.amazon-ebs.ubuntu: Resolving release-assets.githubusercontent.com (release-assets.githubusercontent.com)... 185.199.108.133%!(PACKER_COMMA) 185.199.109.133%!(PACKER_COMMA) 185.199.110.133%!(PACKER_COMMA) ...
1776313631,,ui,error,==> control.amazon-ebs.ubuntu: Connecting to release-assets.githubusercontent.com (release-assets.githubusercontent.com)|185.199.108.133|:443... connected.
1776313631,,ui,error,==> control.amazon-ebs.ubuntu: HTTP request sent%!(PACKER_COMMA) awaiting response... 200 OK
1776313631,,ui,error,==> control.amazon-ebs.ubuntu: Length: 104659766 (100M) [application/octet-stream]
1776313631,,ui,error,==> control.amazon-ebs.ubuntu: Saving to: ‘prometheus-2.52.0.linux-amd64.tar.gz’
1776313631,,ui,error,==> control.amazon-ebs.ubuntu:
1776313631,,ui,error,==> control.amazon-ebs.ubuntu:      0K .......... .......... .......... .......... ..........  0%  869K 1m58s
1776313631,,ui,error,==> control.amazon-ebs.ubuntu:     50K .......... .......... .......... .......... ..........  0% 41.7M 60s
1776313631,,ui,error,==> control.amazon-ebs.ubuntu:    100K .......... .......... .......... .......... ..........  0% 60.2M 41s
1776313631,,ui,error,==> control.amazon-ebs.ubuntu:    150K .......... .......... .......... .......... ..........  0% 9.83M 33s
1776313631,,ui,error,==> control.amazon-ebs.ubuntu:    200K .......... .......... .......... .......... ..........  0% 46.0M 27s
1776313631,,ui,error,==> control.amazon-ebs.ubuntu:    250K .......... .......... .......... .......... ..........  0%  258M 22s
1776313631,,ui,error,==> control.amazon-ebs.ubuntu:    300K .......... .......... .......... .......... ..........  0% 28.4M 20s
1776313631,,ui,error,==> control.amazon-ebs.ubuntu:    350K .......... .......... .......... .......... ..........  0% 1.76M 24s
1776313631,,ui,error,==> control.amazon-ebs.ubuntu:    400K .......... .......... .......... .......... ..........  0% 72.5M 22s
1776313631,,ui,error,==> control.amazon-ebs.ubuntu:    450K .......... .......... .......... .......... ..........  0% 79.8M 20s
1776313631,,ui,error,==> control.amazon-ebs.ubuntu:    500K .......... .......... .......... .......... ..........  0% 43.2M 18s
1776313631,,ui,error,==> control.amazon-ebs.ubuntu:    550K .......... .......... .......... .......... ..........  0% 39.9M 17s
1776313631,,ui,error,==> control.amazon-ebs.ubuntu:    600K .......... .......... .......... .......... ..........  0%  277M 15s
1776313631,,ui,error,==> control.amazon-ebs.ubuntu:    650K .......... .......... .......... .......... ..........  0% 68.0M 14s
1776313631,,ui,error,==> control.amazon-ebs.ubuntu:    700K .......... .......... .......... .......... ..........  0% 1.19M 19s
1776313631,,ui,error,==> control.amazon-ebs.ubuntu:    750K .......... .......... .......... .......... ..........  0%  215M 18s
1776313631,,ui,error,==> control.amazon-ebs.ubuntu:    800K .......... .......... .......... .......... ..........  0%  244M 17s
1776313631,,ui,error,==> control.amazon-ebs.ubuntu:    850K .......... .......... .......... .......... ..........  0%  284M 16s
1776313631,,ui,error,==> control.amazon-ebs.ubuntu:    900K .......... .......... .......... .......... ..........  0% 84.4M 15s
1776313631,,ui,error,==> control.amazon-ebs.ubuntu:    950K .......... .......... .......... .......... ..........  0%  155M 14s
1776313631,,ui,error,==> control.amazon-ebs.ubuntu:   1000K .......... .......... .......... .......... ..........  1%  270M 14s
1776313631,,ui,error,==> control.amazon-ebs.ubuntu:   1050K .......... .......... .......... .......... ..........  1%  294M 13s
1776313631,,ui,error,==> control.amazon-ebs.ubuntu:   1100K .......... .......... .......... .......... ..........  1%  289M 13s
1776313631,,ui,error,==> control.amazon-ebs.ubuntu:   1150K .......... .......... .......... .......... ..........  1%  107M 12s
1776313631,,ui,error,==> control.amazon-ebs.ubuntu:   1200K .......... .......... .......... .......... ..........  1% 53.2M 12s
1776313631,,ui,error,==> control.amazon-ebs.ubuntu:   1250K .......... .......... .......... .......... ..........  1% 14.7M 11s
1776313631,,ui,error,==> control.amazon-ebs.ubuntu:   1300K .......... .......... .......... .......... ..........  1%  155M 11s
1776313631,,ui,error,==> control.amazon-ebs.ubuntu:   1350K .......... .......... .......... .......... ..........  1%  259M 11s
1776313631,,ui,error,==> control.amazon-ebs.ubuntu:   1400K .......... .......... .......... .......... ..........  1%  190M 10s
1776313631,,ui,error,==> control.amazon-ebs.ubuntu:   1450K .......... .......... .......... .......... ..........  1%  263M 10s
1776313631,,ui,error,==> control.amazon-ebs.ubuntu:   1500K .......... .......... .......... .......... ..........  1%  202M 10s
1776313631,,ui,error,==> control.amazon-ebs.ubuntu:   1550K .......... .......... .......... .......... ..........  1%  227M 9s
1776313631,,ui,error,==> control.amazon-ebs.ubuntu:   1600K .......... .......... .......... .......... ..........  1%  226M 9s
1776313631,,ui,error,==> control.amazon-ebs.ubuntu:   1650K .......... .......... .......... .......... ..........  1% 13.0M 9s
1776313631,,ui,error,==> control.amazon-ebs.ubuntu:   1700K .......... .......... .......... .......... ..........  1% 34.2M 9s
1776313631,,ui,error,==> control.amazon-ebs.ubuntu:   1750K .......... .......... .......... .......... ..........  1%  277M 9s
1776313631,,ui,error,==> control.amazon-ebs.ubuntu:   1800K .......... .......... .......... .......... ..........  1%  379M 8s
1776313631,,ui,error,==> control.amazon-ebs.ubuntu:   1850K .......... .......... .......... .......... ..........  1%  301M 8s
1776313631,,ui,error,==> control.amazon-ebs.ubuntu:   1900K .......... .......... .......... .......... ..........  1%  312M 8s
1776313631,,ui,error,==> control.amazon-ebs.ubuntu:   1950K .......... .......... .......... .......... ..........  1%  319M 8s
1776313631,,ui,error,==> control.amazon-ebs.ubuntu:   2000K .......... .......... .......... .......... ..........  2%  856K 10s
1776313631,,ui,error,==> control.amazon-ebs.ubuntu:   2050K .......... .......... .......... .......... ..........  2%  220M 10s
1776313631,,ui,error,==> control.amazon-ebs.ubuntu:   2100K .......... .......... .......... .......... ..........  2%  226M 10s
1776313631,,ui,error,==> control.amazon-ebs.ubuntu:   2150K .......... .......... .......... .......... ..........  2%  200M 10s
1776313631,,ui,error,==> control.amazon-ebs.ubuntu:   2200K .......... .......... .......... .......... ..........  2%  242M 10s
1776313631,,ui,error,==> control.amazon-ebs.ubuntu:   2250K .......... .......... .......... .......... ..........  2%  230M 9s
1776313631,,ui,error,==> control.amazon-ebs.ubuntu:   2300K .......... .......... .......... .......... ..........  2%  227M 9s
1776313631,,ui,error,==> control.amazon-ebs.ubuntu:   2350K .......... .......... .......... .......... ..........  2%  206M 9s
1776313631,,ui,error,==> control.amazon-ebs.ubuntu:   2400K .......... .......... .......... .......... ..........  2%  220M 9s
1776313631,,ui,error,==> control.amazon-ebs.ubuntu:   2450K .......... .......... .......... .......... ..........  2%  237M 9s
1776313631,,ui,error,==> control.amazon-ebs.ubuntu:   2500K .......... .......... .......... .......... ..........  2%  246M 8s
1776313631,,ui,error,==> control.amazon-ebs.ubuntu:   2550K .......... .......... .......... .......... ..........  2%  230M 8s
1776313631,,ui,error,==> control.amazon-ebs.ubuntu:   2600K .......... .......... .......... .......... ..........  2%  233M 8s
1776313631,,ui,error,==> control.amazon-ebs.ubuntu:   2650K .......... .......... .......... .......... ..........  2%  166M 8s
1776313631,,ui,error,==> control.amazon-ebs.ubuntu:   2700K .......... .......... .......... .......... ..........  2%  242M 8s
1776313631,,ui,error,==> control.amazon-ebs.ubuntu:   2750K .......... .......... .......... .......... ..........  2%  209M 8s
1776313631,,ui,error,==> control.amazon-ebs.ubuntu:   2800K .......... .......... .......... .......... ..........  2%  230M 8s
1776313631,,ui,error,==> control.amazon-ebs.ubuntu:   2850K .......... .......... .......... .......... ..........  2% 21.3M 8s
1776313631,,ui,error,==> control.amazon-ebs.ubuntu:   2900K .......... .......... .......... .......... ..........  2%  222M 7s
1776313631,,ui,error,==> control.amazon-ebs.ubuntu:   2950K .......... .......... .......... .......... ..........  2%  207M 7s
1776313631,,ui,error,==> control.amazon-ebs.ubuntu:   3000K .......... .......... .......... .......... ..........  2%  234M 7s
1776313631,,ui,error,==> control.amazon-ebs.ubuntu:   3050K .......... .......... .......... .......... ..........  3% 5.21M 7s
1776313631,,ui,error,==> control.amazon-ebs.ubuntu:   3100K .......... .......... .......... .......... ..........  3%  268M 7s
1776313631,,ui,error,==> control.amazon-ebs.ubuntu:   3150K .......... .......... .......... .......... ..........  3%  235M 7s
1776313631,,ui,error,==> control.amazon-ebs.ubuntu:   3200K .......... .......... .......... .......... ..........  3%  285M 7s
1776313631,,ui,error,==> control.amazon-ebs.ubuntu:   3250K .......... .......... .......... .......... ..........  3%  285M 7s
1776313631,,ui,error,==> control.amazon-ebs.ubuntu:   3300K .......... .......... .......... .......... ..........  3%  257M 7s
1776313631,,ui,error,==> control.amazon-ebs.ubuntu:   3350K .......... .......... .......... .......... ..........  3%  254M 7s
1776313631,,ui,error,==> control.amazon-ebs.ubuntu:   3400K .......... .......... .......... .......... ..........  3%  287M 7s
1776313631,,ui,error,==> control.amazon-ebs.ubuntu:   3450K .......... .......... .......... .......... ..........  3%  294M 7s
1776313631,,ui,error,==> control.amazon-ebs.ubuntu:   3500K .......... .......... .......... .......... ..........  3%  273M 6s
1776313631,,ui,error,==> control.amazon-ebs.ubuntu:   3550K .......... .......... .......... .......... ..........  3% 30.1M 6s
1776313631,,ui,error,==> control.amazon-ebs.ubuntu:   3600K .......... .......... .......... .......... ..........  3%  202M 6s
1776313631,,ui,error,==> control.amazon-ebs.ubuntu:   3650K .......... .......... .......... .......... ..........  3%  236M 6s
1776313631,,ui,error,==> control.amazon-ebs.ubuntu:   3700K .......... .......... .......... .......... ..........  3%  221M 6s
1776313631,,ui,error,==> control.amazon-ebs.ubuntu:   3750K .......... .......... .......... .......... ..........  3%  211M 6s
1776313631,,ui,error,==> control.amazon-ebs.ubuntu:   3800K .......... .......... .......... .......... ..........  3%  256M 6s
1776313631,,ui,error,==> control.amazon-ebs.ubuntu:   3850K .......... .......... .......... .......... ..........  3%  233M 6s
1776313631,,ui,error,==> control.amazon-ebs.ubuntu:   3900K .......... .......... .......... .......... ..........  3%  248M 6s
1776313631,,ui,error,==> control.amazon-ebs.ubuntu:   3950K .......... .......... .......... .......... ..........  3%  710K 7s
1776313631,,ui,error,==> control.amazon-ebs.ubuntu:   4000K .......... .......... .......... .......... ..........  3%  201M 7s
1776313631,,ui,error,==> control.amazon-ebs.ubuntu:   4050K .......... .......... .......... .......... ..........  4%  237M 7s
1776313631,,ui,error,==> control.amazon-ebs.ubuntu:   4100K .......... .......... .......... .......... ..........  4%  236M 7s
1776313631,,ui,error,==> control.amazon-ebs.ubuntu:   4150K .......... .......... .......... .......... ..........  4%  212M 7s
1776313631,,ui,error,==> control.amazon-ebs.ubuntu:   4200K .......... .......... .......... .......... ..........  4%  236M 7s
1776313631,,ui,error,==> control.amazon-ebs.ubuntu:   4250K .......... .......... .......... .......... ..........  4%  220M 7s
1776313631,,ui,error,==> control.amazon-ebs.ubuntu:   4300K .......... .......... .......... .......... ..........  4%  233M 7s
1776313631,,ui,error,==> control.amazon-ebs.ubuntu:   4350K .......... .......... .......... .......... ..........  4%  188M 7s
1776313631,,ui,error,==> control.amazon-ebs.ubuntu:   4400K .......... .......... .......... .......... ..........  4%  238M 7s
1776313631,,ui,error,==> control.amazon-ebs.ubuntu:   4450K .......... .......... .......... .......... ..........  4%  236M 7s
1776313631,,ui,error,==> control.amazon-ebs.ubuntu:   4500K .......... .......... .......... .......... ..........  4%  236M 7s
1776313631,,ui,error,==> control.amazon-ebs.ubuntu:   4550K .......... .......... .......... .......... ..........  4%  214M 7s
1776313631,,ui,error,==> control.amazon-ebs.ubuntu:   4600K .......... .......... .......... .......... ..........  4%  220M 6s
1776313631,,ui,error,==> control.amazon-ebs.ubuntu:   4650K .......... .......... .......... .......... ..........  4%  231M 6s
1776313631,,ui,error,==> control.amazon-ebs.ubuntu:   4700K .......... .......... .......... .......... ..........  4%  248M 6s
1776313631,,ui,error,==> control.amazon-ebs.ubuntu:   4750K .......... .......... .......... .......... ..........  4%  191M 6s
1776313631,,ui,error,==> control.amazon-ebs.ubuntu:   4800K .......... .......... .......... .......... ..........  4%  241M 6s
1776313631,,ui,error,==> control.amazon-ebs.ubuntu:   4850K .......... .......... .......... .......... ..........  4%  371M 6s
1776313631,,ui,error,==> control.amazon-ebs.ubuntu:   4900K .......... .......... .......... .......... ..........  4%  398M 6s
1776313631,,ui,error,==> control.amazon-ebs.ubuntu:   4950K .......... .......... .......... .......... ..........  4%  348M 6s
1776313631,,ui,error,==> control.amazon-ebs.ubuntu:   5000K .......... .......... .......... .......... ..........  4%  397M 6s
1776313631,,ui,error,==> control.amazon-ebs.ubuntu:   5050K .......... .......... .......... .......... ..........  4%  395M 6s
1776313631,,ui,error,==> control.amazon-ebs.ubuntu:   5100K .......... .......... .......... .......... ..........  5%  391M 6s
1776313631,,ui,error,==> control.amazon-ebs.ubuntu:   5150K .......... .......... .......... .......... ..........  5%  328M 6s
1776313631,,ui,error,==> control.amazon-ebs.ubuntu:   5200K .......... .......... .......... .......... ..........  5%  343M 6s
1776313631,,ui,error,==> control.amazon-ebs.ubuntu:   5250K .......... .......... .......... .......... ..........  5%  389M 6s
1776313631,,ui,error,==> control.amazon-ebs.ubuntu:   5300K .......... .......... .......... .......... ..........  5%  401M 6s
1776313631,,ui,error,==> control.amazon-ebs.ubuntu:   5350K .......... .......... .......... .......... ..........  5%  367M 6s
1776313631,,ui,error,==> control.amazon-ebs.ubuntu:   5400K .......... .......... .......... .......... ..........  5%  404M 6s
1776313631,,ui,error,==> control.amazon-ebs.ubuntu:   5450K .......... .......... .......... .......... ..........  5%  404M 5s
1776313631,,ui,error,==> control.amazon-ebs.ubuntu:   5500K .......... .......... .......... .......... ..........  5%  405M 5s
1776313631,,ui,error,==> control.amazon-ebs.ubuntu:   5550K .......... .......... .......... .......... ..........  5%  331M 5s
1776313631,,ui,error,==> control.amazon-ebs.ubuntu:   5600K .......... .......... .......... .......... ..........  5%  351M 5s
1776313631,,ui,error,==> control.amazon-ebs.ubuntu:   5650K .......... .......... .......... .......... ..........  5%  402M 5s
1776313631,,ui,error,==> control.amazon-ebs.ubuntu:   5700K .......... .......... .......... .......... ..........  5%  394M 5s
1776313631,,ui,error,==> control.amazon-ebs.ubuntu:   5750K .......... .......... .......... .......... ..........  5%  348M 5s
1776313631,,ui,error,==> control.amazon-ebs.ubuntu:   5800K .......... .......... .......... .......... ..........  5%  396M 5s
1776313631,,ui,error,==> control.amazon-ebs.ubuntu:   5850K .......... .......... .......... .......... ..........  5%  393M 5s
1776313631,,ui,error,==> control.amazon-ebs.ubuntu:   5900K .......... .......... .......... .......... ..........  5%  384M 5s
1776313631,,ui,error,==> control.amazon-ebs.ubuntu:   5950K .......... .......... .......... .......... ..........  5%  670K 6s
1776313631,,ui,error,==> control.amazon-ebs.ubuntu:   6000K .......... .......... .......... .......... ..........  5%  179M 6s
1776313631,,ui,error,==> control.amazon-ebs.ubuntu:   6050K .......... .......... .......... .......... ..........  5%  266M 6s
1776313631,,ui,error,==> control.amazon-ebs.ubuntu:   6100K .......... .......... .......... .......... ..........  6%  244M 6s
1776313631,,ui,error,==> control.amazon-ebs.ubuntu:   6150K .......... .......... .......... .......... ..........  6%  268M 6s
1776313631,,ui,error,==> control.amazon-ebs.ubuntu:   6200K .......... .......... .......... .......... ..........  6%  273M 6s
1776313631,,ui,error,==> control.amazon-ebs.ubuntu:   6250K .......... .......... .......... .......... ..........  6%  263M 6s
1776313631,,ui,error,==> control.amazon-ebs.ubuntu:   6300K .......... .......... .......... .......... ..........  6%  289M 6s
1776313631,,ui,error,==> control.amazon-ebs.ubuntu:   6350K .......... .......... .......... .......... ..........  6%  218M 6s
1776313631,,ui,error,==> control.amazon-ebs.ubuntu:   6400K .......... .......... .......... .......... ..........  6%  246M 6s
1776313631,,ui,error,==> control.amazon-ebs.ubuntu:   6450K .......... .......... .......... .......... ..........  6%  243M 6s
1776313631,,ui,error,==> control.amazon-ebs.ubuntu:   6500K .......... .......... .......... .......... ..........  6%  261M 6s
1776313631,,ui,error,==> control.amazon-ebs.ubuntu:   6550K .......... .......... .......... .......... ..........  6%  210M 6s
1776313631,,ui,error,==> control.amazon-ebs.ubuntu:   6600K .......... .......... .......... .......... ..........  6%  208M 6s
1776313631,,ui,error,==> control.amazon-ebs.ubuntu:   6650K .......... .......... .......... .......... ..........  6%  229M 6s
1776313631,,ui,error,==> control.amazon-ebs.ubuntu:   6700K .......... .......... .......... .......... ..........  6%  240M 5s
1776313631,,ui,error,==> control.amazon-ebs.ubuntu:   6750K .......... .......... .......... .......... ..........  6%  189M 5s
1776313632,,ui,error,==> control.amazon-ebs.ubuntu:   6800K .......... .......... .......... .......... ..........  6%  782K 6s
1776313632,,ui,error,==> control.amazon-ebs.ubuntu:   6850K .......... .......... .......... .......... ..........  6%  215M 6s
1776313632,,ui,error,==> control.amazon-ebs.ubuntu:   6900K .......... .......... .......... .......... ..........  6%  180M 6s
1776313632,,ui,error,==> control.amazon-ebs.ubuntu:   6950K .......... .......... .......... .......... ..........  6%  257M 6s
1776313632,,ui,error,==> control.amazon-ebs.ubuntu:   7000K .......... .......... .......... .......... ..........  6%  138M 6s
1776313632,,ui,error,==> control.amazon-ebs.ubuntu:   7050K .......... .......... .......... .......... ..........  6% 72.3M 6s
1776313632,,ui,error,==> control.amazon-ebs.ubuntu:   7100K .......... .......... .......... .......... ..........  6% 30.8M 6s
1776313632,,ui,error,==> control.amazon-ebs.ubuntu:   7150K .......... .......... .......... .......... ..........  7%  213M 6s
1776313632,,ui,error,==> control.amazon-ebs.ubuntu:   7200K .......... .......... .......... .......... ..........  7%  288M 6s
1776313632,,ui,error,==> control.amazon-ebs.ubuntu:   7250K .......... .......... .......... .......... ..........  7%  299M 6s
1776313632,,ui,error,==> control.amazon-ebs.ubuntu:   7300K .......... .......... .......... .......... ..........  7%  292M 6s
1776313632,,ui,error,==> control.amazon-ebs.ubuntu:   7350K .......... .......... .......... .......... ..........  7%  277M 6s
1776313632,,ui,error,==> control.amazon-ebs.ubuntu:   7400K .......... .......... .......... .......... ..........  7% 13.1M 6s
1776313632,,ui,error,==> control.amazon-ebs.ubuntu:   7450K .......... .......... .......... .......... ..........  7%  206M 6s
1776313632,,ui,error,==> control.amazon-ebs.ubuntu:   7500K .......... .......... .......... .......... ..........  7%  175M 6s
1776313632,,ui,error,==> control.amazon-ebs.ubuntu:   7550K .......... .......... .......... .......... ..........  7%  235M 6s
1776313632,,ui,error,==> control.amazon-ebs.ubuntu:   7600K .......... .......... .......... .......... ..........  7%  274M 6s
1776313632,,ui,error,==> control.amazon-ebs.ubuntu:   7650K .......... .......... .......... .......... ..........  7%  277M 6s
1776313632,,ui,error,==> control.amazon-ebs.ubuntu:   7700K .......... .......... .......... .......... ..........  7%  262M 6s
1776313632,,ui,error,==> control.amazon-ebs.ubuntu:   7750K .......... .......... .......... .......... ..........  7% 24.5M 6s
1776313632,,ui,error,==> control.amazon-ebs.ubuntu:   7800K .......... .......... .......... .......... ..........  7%  208M 6s
1776313632,,ui,error,==> control.amazon-ebs.ubuntu:   7850K .......... .......... .......... .......... ..........  7%  183M 6s
1776313632,,ui,error,==> control.amazon-ebs.ubuntu:   7900K .......... .......... .......... .......... ..........  7%  287M 6s
1776313632,,ui,error,==> control.amazon-ebs.ubuntu:   7950K .......... .......... .......... .......... ..........  7%  228M 5s
1776313632,,ui,error,==> control.amazon-ebs.ubuntu:   8000K .......... .......... .......... .......... ..........  7% 13.2M 5s
1776313632,,ui,error,==> control.amazon-ebs.ubuntu:   8050K .......... .......... .......... .......... ..........  7%  334M 5s
1776313632,,ui,error,==> control.amazon-ebs.ubuntu:   8100K .......... .......... .......... .......... ..........  7%  365M 5s
1776313632,,ui,error,==> control.amazon-ebs.ubuntu:   8150K .......... .......... .......... .......... ..........  8%  318M 5s
1776313632,,ui,error,==> control.amazon-ebs.ubuntu:   8200K .......... .......... .......... .......... ..........  8%  195M 5s
1776313632,,ui,error,==> control.amazon-ebs.ubuntu:   8250K .......... .......... .......... .......... ..........  8%  362M 5s
1776313632,,ui,error,==> control.amazon-ebs.ubuntu:   8300K .......... .......... .......... .......... ..........  8%  358M 5s
1776313632,,ui,error,==> control.amazon-ebs.ubuntu:   8350K .......... .......... .......... .......... ..........  8%  175M 5s
1776313632,,ui,error,==> control.amazon-ebs.ubuntu:   8400K .......... .......... .......... .......... ..........  8%  265M 5s
1776313632,,ui,error,==> control.amazon-ebs.ubuntu:   8450K .......... .......... .......... .......... ..........  8%  343K 7s
1776313632,,ui,error,==> control.amazon-ebs.ubuntu:   8500K .......... .......... .......... .......... ..........  8%  246M 7s
1776313632,,ui,error,==> control.amazon-ebs.ubuntu:   8550K .......... .......... .......... .......... ..........  8%  136M 7s
1776313632,,ui,error,==> control.amazon-ebs.ubuntu:   8600K .......... .......... .......... .......... ..........  8%  259M 7s
1776313632,,ui,error,==> control.amazon-ebs.ubuntu:   8650K .......... .......... .......... .......... ..........  8%  273M 7s
1776313632,,ui,error,==> control.amazon-ebs.ubuntu:   8700K .......... .......... .......... .......... ..........  8%  276M 7s
1776313632,,ui,error,==> control.amazon-ebs.ubuntu:   8750K .......... .......... .......... .......... ..........  8%  234M 7s
1776313632,,ui,error,==> control.amazon-ebs.ubuntu:   8800K .......... .......... .......... .......... ..........  8%  221M 7s
1776313632,,ui,error,==> control.amazon-ebs.ubuntu:   8850K .......... .......... .......... .......... ..........  8%  264M 6s
1776313632,,ui,error,==> control.amazon-ebs.ubuntu:   8900K .......... .......... .......... .......... ..........  8%  234M 6s
1776313632,,ui,error,==> control.amazon-ebs.ubuntu:   8950K .......... .......... .......... .......... ..........  8%  206M 6s
1776313632,,ui,error,==> control.amazon-ebs.ubuntu:   9000K .......... .......... .......... .......... ..........  8%  246M 6s
1776313632,,ui,error,==> control.amazon-ebs.ubuntu:   9050K .......... .......... .......... .......... ..........  8%  236M 6s
1776313632,,ui,error,==> control.amazon-ebs.ubuntu:   9100K .......... .......... .......... .......... ..........  8%  281M 6s
1776313632,,ui,error,==> control.amazon-ebs.ubuntu:   9150K .......... .......... .......... .......... ..........  9%  237M 6s
1776313632,,ui,error,==> control.amazon-ebs.ubuntu:   9200K .......... .......... .......... .......... ..........  9%  280M 6s
1776313632,,ui,error,==> control.amazon-ebs.ubuntu:   9250K .......... .......... .......... .......... ..........  9%  291M 6s
1776313632,,ui,error,==> control.amazon-ebs.ubuntu:   9300K .......... .......... .......... .......... ..........  9%  220M 6s
1776313632,,ui,error,==> control.amazon-ebs.ubuntu:   9350K .......... .......... .......... .......... ..........  9%  216M 6s
1776313632,,ui,error,==> control.amazon-ebs.ubuntu:   9400K .......... .......... .......... .......... ..........  9%  244M 6s
1776313632,,ui,error,==> control.amazon-ebs.ubuntu:   9450K .......... .......... .......... .......... ..........  9%  242M 6s
1776313632,,ui,error,==> control.amazon-ebs.ubuntu:   9500K .......... .......... .......... .......... ..........  9%  257M 6s
1776313632,,ui,error,==> control.amazon-ebs.ubuntu:   9550K .......... .......... .......... .......... ..........  9% 35.6M 6s
1776313632,,ui,error,==> control.amazon-ebs.ubuntu:   9600K .......... .......... .......... .......... ..........  9%  239M 6s
1776313632,,ui,error,==> control.amazon-ebs.ubuntu:   9650K .......... .......... .......... .......... ..........  9%  241M 6s
1776313632,,ui,error,==> control.amazon-ebs.ubuntu:   9700K .......... .......... .......... .......... ..........  9%  240M 6s
1776313632,,ui,error,==> control.amazon-ebs.ubuntu:   9750K .......... .......... .......... .......... ..........  9%  199M 6s
1776313632,,ui,error,==> control.amazon-ebs.ubuntu:   9800K .......... .......... .......... .......... ..........  9%  263M 6s
1776313632,,ui,error,==> control.amazon-ebs.ubuntu:   9850K .......... .......... .......... .......... ..........  9%  232M 6s
1776313632,,ui,error,==> control.amazon-ebs.ubuntu:   9900K .......... .......... .......... .......... ..........  9%  240M 6s
1776313632,,ui,error,==> control.amazon-ebs.ubuntu:   9950K .......... .......... .......... .......... ..........  9%  240M 6s
1776313632,,ui,error,==> control.amazon-ebs.ubuntu:  10000K .......... .......... .......... .......... ..........  9% 40.7M 6s
1776313632,,ui,error,==> control.amazon-ebs.ubuntu:  10050K .......... .......... .......... .......... ..........  9%  273M 6s
1776313632,,ui,error,==> control.amazon-ebs.ubuntu:  10100K .......... .......... .......... .......... ..........  9%  389M 6s
1776313632,,ui,error,==> control.amazon-ebs.ubuntu:  10150K .......... .......... .......... .......... ..........  9%  351M 6s
1776313632,,ui,error,==> control.amazon-ebs.ubuntu:  10200K .......... .......... .......... .......... .......... 10%  363M 6s
1776313632,,ui,error,==> control.amazon-ebs.ubuntu:  10250K .......... .......... .......... .......... .......... 10%  406M 6s
1776313632,,ui,error,==> control.amazon-ebs.ubuntu:  10300K .......... .......... .......... .......... .......... 10%  413M 6s
1776313632,,ui,error,==> control.amazon-ebs.ubuntu:  10350K .......... .......... .......... .......... .......... 10%  289M 6s
1776313632,,ui,error,==> control.amazon-ebs.ubuntu:  10400K .......... .......... .......... .......... .......... 10%  393M 5s
1776313632,,ui,error,==> control.amazon-ebs.ubuntu:  10450K .......... .......... .......... .......... .......... 10%  392M 5s
1776313632,,ui,error,==> control.amazon-ebs.ubuntu:  10500K .......... .......... .......... .......... .......... 10%  384M 5s
1776313632,,ui,error,==> control.amazon-ebs.ubuntu:  10550K .......... .......... .......... .......... .......... 10%  353M 5s
1776313632,,ui,error,==> control.amazon-ebs.ubuntu:  10600K .......... .......... .......... .......... .......... 10%  398M 5s
1776313632,,ui,error,==> control.amazon-ebs.ubuntu:  10650K .......... .......... .......... .......... .......... 10%  386M 5s
1776313632,,ui,error,==> control.amazon-ebs.ubuntu:  10700K .......... .......... .......... .......... .......... 10% 22.5M 5s
1776313632,,ui,error,==> control.amazon-ebs.ubuntu:  10750K .......... .......... .......... .......... .......... 10%  308M 5s
1776313632,,ui,error,==> control.amazon-ebs.ubuntu:  10800K .......... .......... .......... .......... .......... 10%  380M 5s
1776313632,,ui,error,==> control.amazon-ebs.ubuntu:  10850K .......... .......... .......... .......... .......... 10%  381M 5s
1776313632,,ui,error,==> control.amazon-ebs.ubuntu:  10900K .......... .......... .......... .......... .......... 10%  389M 5s
1776313632,,ui,error,==> control.amazon-ebs.ubuntu:  10950K .......... .......... .......... .......... .......... 10%  355M 5s
1776313632,,ui,error,==> control.amazon-ebs.ubuntu:  11000K .......... .......... .......... .......... .......... 10%  389M 5s
1776313632,,ui,error,==> control.amazon-ebs.ubuntu:  11050K .......... .......... .......... .......... .......... 10%  787K 6s
1776313632,,ui,error,==> control.amazon-ebs.ubuntu:  11100K .......... .......... .......... .......... .......... 10%  264M 6s
1776313632,,ui,error,==> control.amazon-ebs.ubuntu:  11150K .......... .......... .......... .......... .......... 10%  226M 6s
1776313632,,ui,error,==> control.amazon-ebs.ubuntu:  11200K .......... .......... .......... .......... .......... 11%  248M 6s
1776313632,,ui,error,==> control.amazon-ebs.ubuntu:  11250K .......... .......... .......... .......... .......... 11%  258M 6s
1776313632,,ui,error,==> control.amazon-ebs.ubuntu:  11300K .......... .......... .......... .......... .......... 11%  249M 6s
1776313632,,ui,error,==> control.amazon-ebs.ubuntu:  11350K .......... .......... .......... .......... .......... 11%  234M 6s
1776313632,,ui,error,==> control.amazon-ebs.ubuntu:  11400K .......... .......... .......... .......... .......... 11%  307M 6s
1776313632,,ui,error,==> control.amazon-ebs.ubuntu:  11450K .......... .......... .......... .......... .......... 11%  292M 5s
1776313632,,ui,error,==> control.amazon-ebs.ubuntu:  11500K .......... .......... .......... .......... .......... 11% 15.5M 5s
1776313632,,ui,error,==> control.amazon-ebs.ubuntu:  11550K .......... .......... .......... .......... .......... 11% 40.7M 5s
1776313632,,ui,error,==> control.amazon-ebs.ubuntu:  11600K .......... .......... .......... .......... .......... 11%  283M 5s
1776313632,,ui,error,==> control.amazon-ebs.ubuntu:  11650K .......... .......... .......... .......... .......... 11%  268M 5s
1776313632,,ui,error,==> control.amazon-ebs.ubuntu:  11700K .......... .......... .......... .......... .......... 11%  273M 5s
1776313632,,ui,error,==> control.amazon-ebs.ubuntu:  11750K .......... .......... .......... .......... .......... 11% 52.6M 5s
1776313632,,ui,error,==> control.amazon-ebs.ubuntu:  11800K .......... .......... .......... .......... .......... 11%  213M 5s
1776313632,,ui,error,==> control.amazon-ebs.ubuntu:  11850K .......... .......... .......... .......... .......... 11%  250M 5s
1776313632,,ui,error,==> control.amazon-ebs.ubuntu:  11900K .......... .......... .......... .......... .......... 11%  221M 5s
1776313632,,ui,error,==> control.amazon-ebs.ubuntu:  11950K .......... .......... .......... .......... .......... 11%  157M 5s
1776313632,,ui,error,==> control.amazon-ebs.ubuntu:  12000K .......... .......... .......... .......... .......... 11%  199M 5s
1776313632,,ui,error,==> control.amazon-ebs.ubuntu:  12050K .......... .......... .......... .......... .......... 11% 28.8M 5s
1776313632,,ui,error,==> control.amazon-ebs.ubuntu:  12100K .......... .......... .......... .......... .......... 11%  278M 5s
1776313632,,ui,error,==> control.amazon-ebs.ubuntu:  12150K .......... .......... .......... .......... .......... 11% 23.6M 5s
1776313632,,ui,error,==> control.amazon-ebs.ubuntu:  12200K .......... .......... .......... .......... .......... 11%  204M 5s
1776313632,,ui,error,==> control.amazon-ebs.ubuntu:  12250K .......... .......... .......... .......... .......... 12% 38.3M 5s
1776313632,,ui,error,==> control.amazon-ebs.ubuntu:  12300K .......... .......... .......... .......... .......... 12% 25.9M 5s
1776313632,,ui,error,==> control.amazon-ebs.ubuntu:  12350K .......... .......... .......... .......... .......... 12%  780K 6s
1776313632,,ui,error,==> control.amazon-ebs.ubuntu:  12400K .......... .......... .......... .......... .......... 12%  253M 6s
1776313632,,ui,error,==> control.amazon-ebs.ubuntu:  12450K .......... .......... .......... .......... .......... 12%  268M 6s
1776313632,,ui,error,==> control.amazon-ebs.ubuntu:  12500K .......... .......... .......... .......... .......... 12%  285M 6s
1776313632,,ui,error,==> control.amazon-ebs.ubuntu:  12550K .......... .......... .......... .......... .......... 12%  203M 6s
1776313632,,ui,error,==> control.amazon-ebs.ubuntu:  12600K .......... .......... .......... .......... .......... 12%  287M 5s
1776313632,,ui,error,==> control.amazon-ebs.ubuntu:  12650K .......... .......... .......... .......... .......... 12%  253M 5s
1776313632,,ui,error,==> control.amazon-ebs.ubuntu:  12700K .......... .......... .......... .......... .......... 12%  283M 5s
1776313632,,ui,error,==> control.amazon-ebs.ubuntu:  12750K .......... .......... .......... .......... .......... 12%  229M 5s
1776313632,,ui,error,==> control.amazon-ebs.ubuntu:  12800K .......... .......... .......... .......... .......... 12%  180M 5s
1776313632,,ui,error,==> control.amazon-ebs.ubuntu:  12850K .......... .......... .......... .......... .......... 12%  228M 5s
1776313632,,ui,error,==> control.amazon-ebs.ubuntu:  12900K .......... .......... .......... .......... .......... 12%  263M 5s
1776313632,,ui,error,==> control.amazon-ebs.ubuntu:  12950K .......... .......... .......... .......... .......... 12%  262M 5s
1776313632,,ui,error,==> control.amazon-ebs.ubuntu:  13000K .......... .......... .......... .......... .......... 12%  301M 5s
1776313632,,ui,error,==> control.amazon-ebs.ubuntu:  13050K .......... .......... .......... .......... .......... 12%  251M 5s
1776313632,,ui,error,==> control.amazon-ebs.ubuntu:  13100K .......... .......... .......... .......... .......... 12%  283M 5s
1776313632,,ui,error,==> control.amazon-ebs.ubuntu:  13150K .......... .......... .......... .......... .......... 12%  255M 5s
1776313632,,ui,error,==> control.amazon-ebs.ubuntu:  13200K .......... .......... .......... .......... .......... 12%  293M 5s
1776313632,,ui,error,==> control.amazon-ebs.ubuntu:  13250K .......... .......... .......... .......... .......... 13%  305M 5s
1776313632,,ui,error,==> control.amazon-ebs.ubuntu:  13300K .......... .......... .......... .......... .......... 13%  165M 5s
1776313632,,ui,error,==> control.amazon-ebs.ubuntu:  13350K .......... .......... .......... .......... .......... 13% 52.6M 5s
1776313632,,ui,error,==> control.amazon-ebs.ubuntu:  13400K .......... .......... .......... .......... .......... 13% 22.4M 5s
1776313632,,ui,error,==> control.amazon-ebs.ubuntu:  13450K .......... .......... .......... .......... .......... 13% 19.8M 5s
1776313632,,ui,error,==> control.amazon-ebs.ubuntu:  13500K .......... .......... .......... .......... .......... 13% 30.0M 5s
1776313632,,ui,error,==> control.amazon-ebs.ubuntu:  13550K .......... .......... .......... .......... .......... 13% 31.1M 5s
1776313632,,ui,error,==> control.amazon-ebs.ubuntu:  13600K .......... .......... .......... .......... .......... 13%  163M 5s
1776313632,,ui,error,==> control.amazon-ebs.ubuntu:  13650K .......... .......... .......... .......... .......... 13% 40.1M 5s
1776313632,,ui,error,==> control.amazon-ebs.ubuntu:  13700K .......... .......... .......... .......... .......... 13% 73.7M 5s
1776313632,,ui,error,==> control.amazon-ebs.ubuntu:  13750K .......... .......... .......... .......... .......... 13% 73.6M 5s
1776313632,,ui,error,==> control.amazon-ebs.ubuntu:  13800K .......... .......... .......... .......... .......... 13%  217M 5s
1776313632,,ui,error,==> control.amazon-ebs.ubuntu:  13850K .......... .......... .......... .......... .......... 13%  128M 5s
1776313632,,ui,error,==> control.amazon-ebs.ubuntu:  13900K .......... .......... .......... .......... .......... 13%  122M 5s
1776313632,,ui,error,==> control.amazon-ebs.ubuntu:  13950K .......... .......... .......... .......... .......... 13%  104M 5s
1776313632,,ui,error,==> control.amazon-ebs.ubuntu:  14000K .......... .......... .......... .......... .......... 13%  148M 5s
1776313632,,ui,error,==> control.amazon-ebs.ubuntu:  14050K .......... .......... .......... .......... .......... 13%  160M 5s
1776313632,,ui,error,==> control.amazon-ebs.ubuntu:  14100K .......... .......... .......... .......... .......... 13%  132M 5s
1776313632,,ui,error,==> control.amazon-ebs.ubuntu:  14150K .......... .......... .......... .......... .......... 13%  148M 5s
1776313632,,ui,error,==> control.amazon-ebs.ubuntu:  14200K .......... .......... .......... .......... .......... 13% 87.5M 5s
1776313632,,ui,error,==> control.amazon-ebs.ubuntu:  14250K .......... .......... .......... .......... .......... 13%  114M 5s
1776313632,,ui,error,==> control.amazon-ebs.ubuntu:  14300K .......... .......... .......... .......... .......... 14% 46.3M 5s
1776313632,,ui,error,==> control.amazon-ebs.ubuntu:  14350K .......... .......... .......... .......... .......... 14% 45.1M 5s
1776313632,,ui,error,==> control.amazon-ebs.ubuntu:  14400K .......... .......... .......... .......... .......... 14% 63.7M 5s
1776313632,,ui,error,==> control.amazon-ebs.ubuntu:  14450K .......... .......... .......... .......... .......... 14% 85.7M 5s
1776313632,,ui,error,==> control.amazon-ebs.ubuntu:  14500K .......... .......... .......... .......... .......... 14%  124M 5s
1776313632,,ui,error,==> control.amazon-ebs.ubuntu:  14550K .......... .......... .......... .......... .......... 14%  110M 5s
1776313632,,ui,error,==> control.amazon-ebs.ubuntu:  14600K .......... .......... .......... .......... .......... 14%  880K 5s
1776313632,,ui,error,==> control.amazon-ebs.ubuntu:  14650K .......... .......... .......... .......... .......... 14%  232M 5s
1776313632,,ui,error,==> control.amazon-ebs.ubuntu:  14700K .......... .......... .......... .......... .......... 14%  223M 5s
1776313632,,ui,error,==> control.amazon-ebs.ubuntu:  14750K .......... .......... .......... .......... .......... 14%  199M 5s
1776313632,,ui,error,==> control.amazon-ebs.ubuntu:  14800K .......... .......... .......... .......... .......... 14%  262M 5s
1776313632,,ui,error,==> control.amazon-ebs.ubuntu:  14850K .......... .......... .......... .......... .......... 14%  236M 5s
1776313632,,ui,error,==> control.amazon-ebs.ubuntu:  14900K .......... .......... .......... .......... .......... 14%  305M 5s
1776313632,,ui,error,==> control.amazon-ebs.ubuntu:  14950K .......... .......... .......... .......... .......... 14%  196M 5s
1776313632,,ui,error,==> control.amazon-ebs.ubuntu:  15000K .......... .......... .......... .......... .......... 14%  235M 5s
1776313632,,ui,error,==> control.amazon-ebs.ubuntu:  15050K .......... .......... .......... .......... .......... 14%  239M 5s
1776313632,,ui,error,==> control.amazon-ebs.ubuntu:  15100K .......... .......... .......... .......... .......... 14%  236M 5s
1776313632,,ui,error,==> control.amazon-ebs.ubuntu:  15150K .......... .......... .......... .......... .......... 14%  209M 5s
1776313632,,ui,error,==> control.amazon-ebs.ubuntu:  15200K .......... .......... .......... .......... .......... 14%  214M 5s
1776313632,,ui,error,==> control.amazon-ebs.ubuntu:  15250K .......... .......... .......... .......... .......... 14%  250M 5s
1776313632,,ui,error,==> control.amazon-ebs.ubuntu:  15300K .......... .......... .......... .......... .......... 15%  237M 5s
1776313632,,ui,error,==> control.amazon-ebs.ubuntu:  15350K .......... .......... .......... .......... .......... 15%  224M 5s
1776313632,,ui,error,==> control.amazon-ebs.ubuntu:  15400K .......... .......... .......... .......... .......... 15%  200M 5s
1776313632,,ui,error,==> control.amazon-ebs.ubuntu:  15450K .......... .......... .......... .......... .......... 15%  240M 5s
1776313632,,ui,error,==> control.amazon-ebs.ubuntu:  15500K .......... .......... .......... .......... .......... 15%  243M 5s
1776313632,,ui,error,==> control.amazon-ebs.ubuntu:  15550K .......... .......... .......... .......... .......... 15%  206M 5s
1776313632,,ui,error,==> control.amazon-ebs.ubuntu:  15600K .......... .......... .......... .......... .......... 15%  237M 5s
1776313632,,ui,error,==> control.amazon-ebs.ubuntu:  15650K .......... .......... .......... .......... .......... 15%  228M 5s
1776313632,,ui,error,==> control.amazon-ebs.ubuntu:  15700K .......... .......... .......... .......... .......... 15%  241M 5s
1776313632,,ui,error,==> control.amazon-ebs.ubuntu:  15750K .......... .......... .......... .......... .......... 15%  217M 5s
1776313632,,ui,error,==> control.amazon-ebs.ubuntu:  15800K .......... .......... .......... .......... .......... 15%  258M 5s
1776313632,,ui,error,==> control.amazon-ebs.ubuntu:  15850K .......... .......... .......... .......... .......... 15%  237M 5s
1776313632,,ui,error,==> control.amazon-ebs.ubuntu:  15900K .......... .......... .......... .......... .......... 15%  188M 5s
1776313632,,ui,error,==> control.amazon-ebs.ubuntu:  15950K .......... .......... .......... .......... .......... 15%  195M 5s
1776313632,,ui,error,==> control.amazon-ebs.ubuntu:  16000K .......... .......... .......... .......... .......... 15%  242M 5s
1776313632,,ui,error,==> control.amazon-ebs.ubuntu:  16050K .......... .......... .......... .......... .......... 15%  245M 5s
1776313632,,ui,error,==> control.amazon-ebs.ubuntu:  16100K .......... .......... .......... .......... .......... 15%  221M 5s
1776313632,,ui,error,==> control.amazon-ebs.ubuntu:  16150K .......... .......... .......... .......... .......... 15%  217M 5s
1776313632,,ui,error,==> control.amazon-ebs.ubuntu:  16200K .......... .......... .......... .......... .......... 15%  248M 5s
1776313632,,ui,error,==> control.amazon-ebs.ubuntu:  16250K .......... .......... .......... .......... .......... 15%  246M 5s
1776313632,,ui,error,==> control.amazon-ebs.ubuntu:  16300K .......... .......... .......... .......... .......... 15%  244M 5s
1776313632,,ui,error,==> control.amazon-ebs.ubuntu:  16350K .......... .......... .......... .......... .......... 16%  187M 5s
1776313632,,ui,error,==> control.amazon-ebs.ubuntu:  16400K .......... .......... .......... .......... .......... 16%  240M 4s
1776313632,,ui,error,==> control.amazon-ebs.ubuntu:  16450K .......... .......... .......... .......... .......... 16%  233M 4s
1776313632,,ui,error,==> control.amazon-ebs.ubuntu:  16500K .......... .......... .......... .......... .......... 16%  236M 4s
1776313632,,ui,error,==> control.amazon-ebs.ubuntu:  16550K .......... .......... .......... .......... .......... 16%  205M 4s
1776313632,,ui,error,==> control.amazon-ebs.ubuntu:  16600K .......... .......... .......... .......... .......... 16%  233M 4s
1776313632,,ui,error,==> control.amazon-ebs.ubuntu:  16650K .......... .......... .......... .......... .......... 16%  241M 4s
1776313632,,ui,error,==> control.amazon-ebs.ubuntu:  16700K .......... .......... .......... .......... .......... 16%  258M 4s
1776313632,,ui,error,==> control.amazon-ebs.ubuntu:  16750K .......... .......... .......... .......... .......... 16%  212M 4s
1776313632,,ui,error,==> control.amazon-ebs.ubuntu:  16800K .......... .......... .......... .......... .......... 16%  233M 4s
1776313632,,ui,error,==> control.amazon-ebs.ubuntu:  16850K .......... .......... .......... .......... .......... 16%  239M 4s
1776313632,,ui,error,==> control.amazon-ebs.ubuntu:  16900K .......... .......... .......... .......... .......... 16%  230M 4s
1776313632,,ui,error,==> control.amazon-ebs.ubuntu:  16950K .......... .......... .......... .......... .......... 16%  218M 4s
1776313632,,ui,error,==> control.amazon-ebs.ubuntu:  17000K .......... .......... .......... .......... .......... 16%  244M 4s
1776313632,,ui,error,==> control.amazon-ebs.ubuntu:  17050K .......... .......... .......... .......... .......... 16%  235M 4s
1776313632,,ui,error,==> control.amazon-ebs.ubuntu:  17100K .......... .......... .......... .......... .......... 16%  251M 4s
1776313632,,ui,error,==> control.amazon-ebs.ubuntu:  17150K .......... .......... .......... .......... .......... 16%  208M 4s
1776313632,,ui,error,==> control.amazon-ebs.ubuntu:  17200K .......... .......... .......... .......... .......... 16%  238M 4s
1776313632,,ui,error,==> control.amazon-ebs.ubuntu:  17250K .......... .......... .......... .......... .......... 16%  265M 4s
1776313632,,ui,error,==> control.amazon-ebs.ubuntu:  17300K .......... .......... .......... .......... .......... 16%  240M 4s
1776313632,,ui,error,==> control.amazon-ebs.ubuntu:  17350K .......... .......... .......... .......... .......... 17%  221M 4s
1776313632,,ui,error,==> control.amazon-ebs.ubuntu:  17400K .......... .......... .......... .......... .......... 17%  253M 4s
1776313632,,ui,error,==> control.amazon-ebs.ubuntu:  17450K .......... .......... .......... .......... .......... 17%  257M 4s
1776313632,,ui,error,==> control.amazon-ebs.ubuntu:  17500K .......... .......... .......... .......... .......... 17%  257M 4s
1776313632,,ui,error,==> control.amazon-ebs.ubuntu:  17550K .......... .......... .......... .......... .......... 17%  176M 4s
1776313632,,ui,error,==> control.amazon-ebs.ubuntu:  17600K .......... .......... .......... .......... .......... 17%  248M 4s
1776313632,,ui,error,==> control.amazon-ebs.ubuntu:  17650K .......... .......... .......... .......... .......... 17%  262M 4s
1776313632,,ui,error,==> control.amazon-ebs.ubuntu:  17700K .......... .......... .......... .......... .......... 17%  247M 4s
1776313632,,ui,error,==> control.amazon-ebs.ubuntu:  17750K .......... .......... .......... .......... .......... 17%  229M 4s
1776313632,,ui,error,==> control.amazon-ebs.ubuntu:  17800K .......... .......... .......... .......... .......... 17%  234M 4s
1776313632,,ui,error,==> control.amazon-ebs.ubuntu:  17850K .......... .......... .......... .......... .......... 17%  256M 4s
1776313632,,ui,error,==> control.amazon-ebs.ubuntu:  17900K .......... .......... .......... .......... .......... 17%  257M 4s
1776313632,,ui,error,==> control.amazon-ebs.ubuntu:  17950K .......... .......... .......... .......... .......... 17%  205M 4s
1776313632,,ui,error,==> control.amazon-ebs.ubuntu:  18000K .......... .......... .......... .......... .......... 17%  221M 4s
1776313632,,ui,error,==> control.amazon-ebs.ubuntu:  18050K .......... .......... .......... .......... .......... 17%  338M 4s
1776313632,,ui,error,==> control.amazon-ebs.ubuntu:  18100K .......... .......... .......... .......... .......... 17%  375M 4s
1776313632,,ui,error,==> control.amazon-ebs.ubuntu:  18150K .......... .......... .......... .......... .......... 17%  342M 4s
1776313632,,ui,error,==> control.amazon-ebs.ubuntu:  18200K .......... .......... .......... .......... .......... 17%  387M 4s
1776313632,,ui,error,==> control.amazon-ebs.ubuntu:  18250K .......... .......... .......... .......... .......... 17%  389M 4s
1776313632,,ui,error,==> control.amazon-ebs.ubuntu:  18300K .......... .......... .......... .......... .......... 17%  385M 4s
1776313632,,ui,error,==> control.amazon-ebs.ubuntu:  18350K .......... .......... .......... .......... .......... 18%  241M 4s
1776313632,,ui,error,==> control.amazon-ebs.ubuntu:  18400K .......... .......... .......... .......... .......... 18%  369M 4s
1776313632,,ui,error,==> control.amazon-ebs.ubuntu:  18450K .......... .......... .......... .......... .......... 18%  381M 4s
1776313632,,ui,error,==> control.amazon-ebs.ubuntu:  18500K .......... .......... .......... .......... .......... 18% 45.0M 4s
1776313632,,ui,error,==> control.amazon-ebs.ubuntu:  18550K .......... .......... .......... .......... .......... 18%  349M 4s
1776313632,,ui,error,==> control.amazon-ebs.ubuntu:  18600K .......... .......... .......... .......... .......... 18%  378M 4s
1776313632,,ui,error,==> control.amazon-ebs.ubuntu:  18650K .......... .......... .......... .......... .......... 18%  347M 4s
1776313632,,ui,error,==> control.amazon-ebs.ubuntu:  18700K .......... .......... .......... .......... .......... 18%  354M 4s
1776313632,,ui,error,==> control.amazon-ebs.ubuntu:  18750K .......... .......... .......... .......... .......... 18%  297M 4s
1776313632,,ui,error,==> control.amazon-ebs.ubuntu:  18800K .......... .......... .......... .......... .......... 18%  374M 4s
1776313632,,ui,error,==> control.amazon-ebs.ubuntu:  18850K .......... .......... .......... .......... .......... 18%  381M 4s
1776313632,,ui,error,==> control.amazon-ebs.ubuntu:  18900K .......... .......... .......... .......... .......... 18%  380M 4s
1776313632,,ui,error,==> control.amazon-ebs.ubuntu:  18950K .......... .......... .......... .......... .......... 18%  274M 4s
1776313632,,ui,error,==> control.amazon-ebs.ubuntu:  19000K .......... .......... .......... .......... .......... 18%  809K 4s
1776313632,,ui,error,==> control.amazon-ebs.ubuntu:  19050K .......... .......... .......... .......... .......... 18%  136M 4s
1776313632,,ui,error,==> control.amazon-ebs.ubuntu:  19100K .......... .......... .......... .......... .......... 18%  218M 4s
1776313632,,ui,error,==> control.amazon-ebs.ubuntu:  19150K .......... .......... .......... .......... .......... 18%  230M 4s
1776313632,,ui,error,==> control.amazon-ebs.ubuntu:  19200K .......... .......... .......... .......... .......... 18%  259M 4s
1776313632,,ui,error,==> control.amazon-ebs.ubuntu:  19250K .......... .......... .......... .......... .......... 18%  282M 4s
1776313632,,ui,error,==> control.amazon-ebs.ubuntu:  19300K .......... .......... .......... .......... .......... 18%  238M 4s
1776313632,,ui,error,==> control.amazon-ebs.ubuntu:  19350K .......... .......... .......... .......... .......... 18% 75.6M 4s
1776313632,,ui,error,==> control.amazon-ebs.ubuntu:  19400K .......... .......... .......... .......... .......... 19%  199M 4s
1776313632,,ui,error,==> control.amazon-ebs.ubuntu:  19450K .......... .......... .......... .......... .......... 19%  197M 4s
1776313632,,ui,error,==> control.amazon-ebs.ubuntu:  19500K .......... .......... .......... .......... .......... 19%  121M 4s
1776313632,,ui,error,==> control.amazon-ebs.ubuntu:  19550K .......... .......... .......... .......... .......... 19%  174M 4s
1776313632,,ui,error,==> control.amazon-ebs.ubuntu:  19600K .......... .......... .......... .......... .......... 19%  212M 4s
1776313632,,ui,error,==> control.amazon-ebs.ubuntu:  19650K .......... .......... .......... .......... .......... 19%  146M 4s
1776313632,,ui,error,==> control.amazon-ebs.ubuntu:  19700K .......... .......... .......... .......... .......... 19%  151M 4s
1776313632,,ui,error,==> control.amazon-ebs.ubuntu:  19750K .......... .......... .......... .......... .......... 19%  240M 4s
1776313632,,ui,error,==> control.amazon-ebs.ubuntu:  19800K .......... .......... .......... .......... .......... 19%  290M 4s
1776313632,,ui,error,==> control.amazon-ebs.ubuntu:  19850K .......... .......... .......... .......... .......... 19%  187M 4s
1776313632,,ui,error,==> control.amazon-ebs.ubuntu:  19900K .......... .......... .......... .......... .......... 19%  201M 4s
1776313632,,ui,error,==> control.amazon-ebs.ubuntu:  19950K .......... .......... .......... .......... .......... 19%  164M 4s
1776313632,,ui,error,==> control.amazon-ebs.ubuntu:  20000K .......... .......... .......... .......... .......... 19%  201M 4s
1776313632,,ui,error,==> control.amazon-ebs.ubuntu:  20050K .......... .......... .......... .......... .......... 19%  178M 4s
1776313632,,ui,error,==> control.amazon-ebs.ubuntu:  20100K .......... .......... .......... .......... .......... 19%  144M 4s
1776313632,,ui,error,==> control.amazon-ebs.ubuntu:  20150K .......... .......... .......... .......... .......... 19%  263M 4s
1776313632,,ui,error,==> control.amazon-ebs.ubuntu:  20200K .......... .......... .......... .......... .......... 19%  278M 4s
1776313632,,ui,error,==> control.amazon-ebs.ubuntu:  20250K .......... .......... .......... .......... .......... 19%  194M 4s
1776313632,,ui,error,==> control.amazon-ebs.ubuntu:  20300K .......... .......... .......... .......... .......... 19%  203M 4s
1776313632,,ui,error,==> control.amazon-ebs.ubuntu:  20350K .......... .......... .......... .......... .......... 19%  169M 4s
1776313632,,ui,error,==> control.amazon-ebs.ubuntu:  20400K .......... .......... .......... .......... .......... 20% 45.4M 4s
1776313632,,ui,error,==> control.amazon-ebs.ubuntu:  20450K .......... .......... .......... .......... .......... 20% 24.5M 4s
1776313632,,ui,error,==> control.amazon-ebs.ubuntu:  20500K .......... .......... .......... .......... .......... 20%  162M 4s
1776313632,,ui,error,==> control.amazon-ebs.ubuntu:  20550K .......... .......... .......... .......... .......... 20% 33.6M 4s
1776313632,,ui,error,==> control.amazon-ebs.ubuntu:  20600K .......... .......... .......... .......... .......... 20% 59.7M 4s
1776313632,,ui,error,==> control.amazon-ebs.ubuntu:  20650K .......... .......... .......... .......... .......... 20%  116M 4s
1776313632,,ui,error,==> control.amazon-ebs.ubuntu:  20700K .......... .......... .......... .......... .......... 20%  252M 4s
1776313632,,ui,error,==> control.amazon-ebs.ubuntu:  20750K .......... .......... .......... .......... .......... 20% 73.0M 4s
1776313632,,ui,error,==> control.amazon-ebs.ubuntu:  20800K .......... .......... .......... .......... .......... 20%  132M 4s
1776313632,,ui,error,==> control.amazon-ebs.ubuntu:  20850K .......... .......... .......... .......... .......... 20%  175M 4s
1776313632,,ui,error,==> control.amazon-ebs.ubuntu:  20900K .......... .......... .......... .......... .......... 20% 97.5M 4s
1776313632,,ui,error,==> control.amazon-ebs.ubuntu:  20950K .......... .......... .......... .......... .......... 20%  111M 4s
1776313632,,ui,error,==> control.amazon-ebs.ubuntu:  21000K .......... .......... .......... .......... .......... 20% 56.9M 4s
1776313632,,ui,error,==> control.amazon-ebs.ubuntu:  21050K .......... .......... .......... .......... .......... 20% 81.9M 4s
1776313632,,ui,error,==> control.amazon-ebs.ubuntu:  21100K .......... .......... .......... .......... .......... 20% 64.8M 4s
1776313632,,ui,error,==> control.amazon-ebs.ubuntu:  21150K .......... .......... .......... .......... .......... 20% 49.9M 4s
1776313632,,ui,error,==> control.amazon-ebs.ubuntu:  21200K .......... .......... .......... .......... .......... 20% 36.2M 4s
1776313632,,ui,error,==> control.amazon-ebs.ubuntu:  21250K .......... .......... .......... .......... .......... 20%  103M 4s
1776313632,,ui,error,==> control.amazon-ebs.ubuntu:  21300K .......... .......... .......... .......... .......... 20% 99.0M 4s
1776313632,,ui,error,==> control.amazon-ebs.ubuntu:  21350K .......... .......... .......... .......... .......... 20% 78.5M 4s
1776313632,,ui,error,==> control.amazon-ebs.ubuntu:  21400K .......... .......... .......... .......... .......... 20%  106M 4s
1776313632,,ui,error,==> control.amazon-ebs.ubuntu:  21450K .......... .......... .......... .......... .......... 21%  139M 4s
1776313632,,ui,error,==> control.amazon-ebs.ubuntu:  21500K .......... .......... .......... .......... .......... 21%  127M 4s
1776313632,,ui,error,==> control.amazon-ebs.ubuntu:  21550K .......... .......... .......... .......... .......... 21%  875K 4s
1776313632,,ui,error,==> control.amazon-ebs.ubuntu:  21600K .......... .......... .......... .......... .......... 21%  172M 4s
1776313632,,ui,error,==> control.amazon-ebs.ubuntu:  21650K .......... .......... .......... .......... .......... 21%  170M 4s
1776313632,,ui,error,==> control.amazon-ebs.ubuntu:  21700K .......... .......... .......... .......... .......... 21%  213M 4s
1776313632,,ui,error,==> control.amazon-ebs.ubuntu:  21750K .......... .......... .......... .......... .......... 21%  183M 4s
1776313632,,ui,error,==> control.amazon-ebs.ubuntu:  21800K .......... .......... .......... .......... .......... 21%  199M 4s
1776313632,,ui,error,==> control.amazon-ebs.ubuntu:  21850K .......... .......... .......... .......... .......... 21%  195M 4s
1776313632,,ui,error,==> control.amazon-ebs.ubuntu:  21900K .......... .......... .......... .......... .......... 21%  154M 4s
1776313632,,ui,error,==> control.amazon-ebs.ubuntu:  21950K .......... .......... .......... .......... .......... 21%  102M 4s
1776313632,,ui,error,==> control.amazon-ebs.ubuntu:  22000K .......... .......... .......... .......... .......... 21%  258M 4s
1776313632,,ui,error,==> control.amazon-ebs.ubuntu:  22050K .......... .......... .......... .......... .......... 21%  156M 4s
1776313632,,ui,error,==> control.amazon-ebs.ubuntu:  22100K .......... .......... .......... .......... .......... 21%  275M 4s
1776313632,,ui,error,==> control.amazon-ebs.ubuntu:  22150K .......... .......... .......... .......... .......... 21%  136M 4s
1776313632,,ui,error,==> control.amazon-ebs.ubuntu:  22200K .......... .......... .......... .......... .......... 21%  205M 4s
1776313632,,ui,error,==> control.amazon-ebs.ubuntu:  22250K .......... .......... .......... .......... .......... 21%  271M 4s
1776313632,,ui,error,==> control.amazon-ebs.ubuntu:  22300K .......... .......... .......... .......... .......... 21%  184M 4s
1776313632,,ui,error,==> control.amazon-ebs.ubuntu:  22350K .......... .......... .......... .......... .......... 21%  121M 4s
1776313632,,ui,error,==> control.amazon-ebs.ubuntu:  22400K .......... .......... .......... .......... .......... 21%  147M 4s
1776313632,,ui,error,==> control.amazon-ebs.ubuntu:  22450K .......... .......... .......... .......... .......... 22%  135M 4s
1776313632,,ui,error,==> control.amazon-ebs.ubuntu:  22500K .......... .......... .......... .......... .......... 22% 51.5M 4s
1776313632,,ui,error,==> control.amazon-ebs.ubuntu:  22550K .......... .......... .......... .......... .......... 22%  188M 4s
1776313632,,ui,error,==> control.amazon-ebs.ubuntu:  22600K .......... .......... .......... .......... .......... 22%  201M 4s
1776313632,,ui,error,==> control.amazon-ebs.ubuntu:  22650K .......... .......... .......... .......... .......... 22%  123M 4s
1776313632,,ui,error,==> control.amazon-ebs.ubuntu:  22700K .......... .......... .......... .......... .......... 22%  118M 4s
1776313632,,ui,error,==> control.amazon-ebs.ubuntu:  22750K .......... .......... .......... .......... .......... 22%  241M 4s
1776313632,,ui,error,==> control.amazon-ebs.ubuntu:  22800K .......... .......... .......... .......... .......... 22%  277M 4s
1776313632,,ui,error,==> control.amazon-ebs.ubuntu:  22850K .......... .......... .......... .......... .......... 22%  285M 4s
1776313632,,ui,error,==> control.amazon-ebs.ubuntu:  22900K .......... .......... .......... .......... .......... 22%  247M 4s
1776313632,,ui,error,==> control.amazon-ebs.ubuntu:  22950K .......... .......... .......... .......... .......... 22% 65.2M 4s
1776313632,,ui,error,==> control.amazon-ebs.ubuntu:  23000K .......... .......... .......... .......... .......... 22%  206M 4s
1776313632,,ui,error,==> control.amazon-ebs.ubuntu:  23050K .......... .......... .......... .......... .......... 22% 78.0M 4s
1776313632,,ui,error,==> control.amazon-ebs.ubuntu:  23100K .......... .......... .......... .......... .......... 22%  129M 3s
1776313632,,ui,error,==> control.amazon-ebs.ubuntu:  23150K .......... .......... .......... .......... .......... 22%  143M 3s
1776313632,,ui,error,==> control.amazon-ebs.ubuntu:  23200K .......... .......... .......... .......... .......... 22%  207M 3s
1776313632,,ui,error,==> control.amazon-ebs.ubuntu:  23250K .......... .......... .......... .......... .......... 22%  201M 3s
1776313632,,ui,error,==> control.amazon-ebs.ubuntu:  23300K .......... .......... .......... .......... .......... 22%  125M 3s
1776313632,,ui,error,==> control.amazon-ebs.ubuntu:  23350K .......... .......... .......... .......... .......... 22%  180M 3s
1776313632,,ui,error,==> control.amazon-ebs.ubuntu:  23400K .......... .......... .......... .......... .......... 22%  104M 3s
1776313632,,ui,error,==> control.amazon-ebs.ubuntu:  23450K .......... .......... .......... .......... .......... 22%  326M 3s
1776313632,,ui,error,==> control.amazon-ebs.ubuntu:  23500K .......... .......... .......... .......... .......... 23%  180M 3s
1776313632,,ui,error,==> control.amazon-ebs.ubuntu:  23550K .......... .......... .......... .......... .......... 23%  181M 3s
1776313632,,ui,error,==> control.amazon-ebs.ubuntu:  23600K .......... .......... .......... .......... .......... 23%  224M 3s
1776313632,,ui,error,==> control.amazon-ebs.ubuntu:  23650K .......... .......... .......... .......... .......... 23%  300M 3s
1776313632,,ui,error,==> control.amazon-ebs.ubuntu:  23700K .......... .......... .......... .......... .......... 23%  253M 3s
1776313632,,ui,error,==> control.amazon-ebs.ubuntu:  23750K .......... .......... .......... .......... .......... 23%  295M 3s
1776313632,,ui,error,==> control.amazon-ebs.ubuntu:  23800K .......... .......... .......... .......... .......... 23%  117M 3s
1776313632,,ui,error,==> control.amazon-ebs.ubuntu:  23850K .......... .......... .......... .......... .......... 23%  151M 3s
1776313632,,ui,error,==> control.amazon-ebs.ubuntu:  23900K .......... .......... .......... .......... .......... 23%  161M 3s
1776313632,,ui,error,==> control.amazon-ebs.ubuntu:  23950K .......... .......... .......... .......... .......... 23%  212M 3s
1776313632,,ui,error,==> control.amazon-ebs.ubuntu:  24000K .......... .......... .......... .......... .......... 23%  243M 3s
1776313632,,ui,error,==> control.amazon-ebs.ubuntu:  24050K .......... .......... .......... .......... .......... 23%  244M 3s
1776313632,,ui,error,==> control.amazon-ebs.ubuntu:  24100K .......... .......... .......... .......... .......... 23%  766K 4s
1776313632,,ui,error,==> control.amazon-ebs.ubuntu:  24150K .......... .......... .......... .......... .......... 23%  243M 4s
1776313632,,ui,error,==> control.amazon-ebs.ubuntu:  24200K .......... .......... .......... .......... .......... 23%  239M 4s
1776313632,,ui,error,==> control.amazon-ebs.ubuntu:  24250K .......... .......... .......... .......... .......... 23%  266M 4s
1776313632,,ui,error,==> control.amazon-ebs.ubuntu:  24300K .......... .......... .......... .......... .......... 23%  185M 3s
1776313632,,ui,error,==> control.amazon-ebs.ubuntu:  24350K .......... .......... .......... .......... .......... 23%  216M 3s
1776313632,,ui,error,==> control.amazon-ebs.ubuntu:  24400K .......... .......... .......... .......... .......... 23%  167M 3s
1776313632,,ui,error,==> control.amazon-ebs.ubuntu:  24450K .......... .......... .......... .......... .......... 23%  140M 3s
1776313632,,ui,error,==> control.amazon-ebs.ubuntu:  24500K .......... .......... .......... .......... .......... 24%  161M 3s
1776313632,,ui,error,==> control.amazon-ebs.ubuntu:  24550K .......... .......... .......... .......... .......... 24%  125M 3s
1776313632,,ui,error,==> control.amazon-ebs.ubuntu:  24600K .......... .......... .......... .......... .......... 24%  195M 3s
1776313632,,ui,error,==> control.amazon-ebs.ubuntu:  24650K .......... .......... .......... .......... .......... 24%  175M 3s
1776313632,,ui,error,==> control.amazon-ebs.ubuntu:  24700K .......... .......... .......... .......... .......... 24%  151M 3s
1776313632,,ui,error,==> control.amazon-ebs.ubuntu:  24750K .......... .......... .......... .......... .......... 24%  244M 3s
1776313632,,ui,error,==> control.amazon-ebs.ubuntu:  24800K .......... .......... .......... .......... .......... 24%  207M 3s
1776313632,,ui,error,==> control.amazon-ebs.ubuntu:  24850K .......... .......... .......... .......... .......... 24%  180M 3s
1776313632,,ui,error,==> control.amazon-ebs.ubuntu:  24900K .......... .......... .......... .......... .......... 24%  149M 3s
1776313632,,ui,error,==> control.amazon-ebs.ubuntu:  24950K .......... .......... .......... .......... .......... 24%  213M 3s
1776313632,,ui,error,==> control.amazon-ebs.ubuntu:  25000K .......... .......... .......... .......... .......... 24%  121M 3s
1776313632,,ui,error,==> control.amazon-ebs.ubuntu:  25050K .......... .......... .......... .......... .......... 24%  211M 3s
1776313632,,ui,error,==> control.amazon-ebs.ubuntu:  25100K .......... .......... .......... .......... .......... 24%  174M 3s
1776313632,,ui,error,==> control.amazon-ebs.ubuntu:  25150K .......... .......... .......... .......... .......... 24%  136M 3s
1776313632,,ui,error,==> control.amazon-ebs.ubuntu:  25200K .......... .......... .......... .......... .......... 24%  200M 3s
1776313632,,ui,error,==> control.amazon-ebs.ubuntu:  25250K .......... .......... .......... .......... .......... 24%  255M 3s
1776313632,,ui,error,==> control.amazon-ebs.ubuntu:  25300K .......... .......... .......... .......... .......... 24%  169M 3s
1776313632,,ui,error,==> control.amazon-ebs.ubuntu:  25350K .......... .......... .......... .......... .......... 24%  135M 3s
1776313632,,ui,error,==> control.amazon-ebs.ubuntu:  25400K .......... .......... .......... .......... .......... 24%  109M 3s
1776313632,,ui,error,==> control.amazon-ebs.ubuntu:  25450K .......... .......... .......... .......... .......... 24%  138M 3s
1776313632,,ui,error,==> control.amazon-ebs.ubuntu:  25500K .......... .......... .......... .......... .......... 24% 88.6M 3s
1776313632,,ui,error,==> control.amazon-ebs.ubuntu:  25550K .......... .......... .......... .......... .......... 25% 97.2M 3s
1776313632,,ui,error,==> control.amazon-ebs.ubuntu:  25600K .......... .......... .......... .......... .......... 25% 70.8M 3s
1776313632,,ui,error,==> control.amazon-ebs.ubuntu:  25650K .......... .......... .......... .......... .......... 25% 73.7M 3s
1776313632,,ui,error,==> control.amazon-ebs.ubuntu:  25700K .......... .......... .......... .......... .......... 25%  120M 3s
1776313632,,ui,error,==> control.amazon-ebs.ubuntu:  25750K .......... .......... .......... .......... .......... 25%  272M 3s
1776313632,,ui,error,==> control.amazon-ebs.ubuntu:  25800K .......... .......... .......... .......... .......... 25%  176M 3s
1776313632,,ui,error,==> control.amazon-ebs.ubuntu:  25850K .......... .......... .......... .......... .......... 25%  129M 3s
1776313632,,ui,error,==> control.amazon-ebs.ubuntu:  25900K .......... .......... .......... .......... .......... 25%  143M 3s
1776313632,,ui,error,==> control.amazon-ebs.ubuntu:  25950K .......... .......... .......... .......... .......... 25%  103M 3s
1776313632,,ui,error,==> control.amazon-ebs.ubuntu:  26000K .......... .......... .......... .......... .......... 25%  208M 3s
1776313632,,ui,error,==> control.amazon-ebs.ubuntu:  26050K .......... .......... .......... .......... .......... 25%  141M 3s
1776313632,,ui,error,==> control.amazon-ebs.ubuntu:  26100K .......... .......... .......... .......... .......... 25%  111M 3s
1776313632,,ui,error,==> control.amazon-ebs.ubuntu:  26150K .......... .......... .......... .......... .......... 25%  184M 3s
1776313632,,ui,error,==> control.amazon-ebs.ubuntu:  26200K .......... .......... .......... .......... .......... 25%  150M 3s
1776313632,,ui,error,==> control.amazon-ebs.ubuntu:  26250K .......... .......... .......... .......... .......... 25%  187M 3s
1776313632,,ui,error,==> control.amazon-ebs.ubuntu:  26300K .......... .......... .......... .......... .......... 25%  197M 3s
1776313632,,ui,error,==> control.amazon-ebs.ubuntu:  26350K .......... .......... .......... .......... .......... 25%  150M 3s
1776313632,,ui,error,==> control.amazon-ebs.ubuntu:  26400K .......... .......... .......... .......... .......... 25%  358M 3s
1776313632,,ui,error,==> control.amazon-ebs.ubuntu:  26450K .......... .......... .......... .......... .......... 25%  280M 3s
1776313632,,ui,error,==> control.amazon-ebs.ubuntu:  26500K .......... .......... .......... .......... .......... 25%  342M 3s
1776313632,,ui,error,==> control.amazon-ebs.ubuntu:  26550K .......... .......... .......... .......... .......... 26%  264M 3s
1776313632,,ui,error,==> control.amazon-ebs.ubuntu:  26600K .......... .......... .......... .......... .......... 26%  142M 3s
1776313632,,ui,error,==> control.amazon-ebs.ubuntu:  26650K .......... .......... .......... .......... .......... 26%  353M 3s
1776313632,,ui,error,==> control.amazon-ebs.ubuntu:  26700K .......... .......... .......... .......... .......... 26%  275M 3s
1776313632,,ui,error,==> control.amazon-ebs.ubuntu:  26750K .......... .......... .......... .......... .......... 26%  380M 3s
1776313632,,ui,error,==> control.amazon-ebs.ubuntu:  26800K .......... .......... .......... .......... .......... 26%  248M 3s
1776313632,,ui,error,==> control.amazon-ebs.ubuntu:  26850K .......... .......... .......... .......... .......... 26%  135M 3s
1776313632,,ui,error,==> control.amazon-ebs.ubuntu:  26900K .......... .......... .......... .......... .......... 26%  307M 3s
1776313632,,ui,error,==> control.amazon-ebs.ubuntu:  26950K .......... .......... .......... .......... .......... 26%  340M 3s
1776313632,,ui,error,==> control.amazon-ebs.ubuntu:  27000K .......... .......... .......... .......... .......... 26%  377M 3s
1776313632,,ui,error,==> control.amazon-ebs.ubuntu:  27050K .......... .......... .......... .......... .......... 26%  153M 3s
1776313632,,ui,error,==> control.amazon-ebs.ubuntu:  27100K .......... .......... .......... .......... .......... 26%  250M 3s
1776313632,,ui,error,==> control.amazon-ebs.ubuntu:  27150K .......... .......... .......... .......... .......... 26%  233M 3s
1776313632,,ui,error,==> control.amazon-ebs.ubuntu:  27200K .......... .......... .......... .......... .......... 26%  335M 3s
1776313632,,ui,error,==> control.amazon-ebs.ubuntu:  27250K .......... .......... .......... .......... .......... 26%  209M 3s
1776313632,,ui,error,==> control.amazon-ebs.ubuntu:  27300K .......... .......... .......... .......... .......... 26%  170M 3s
1776313632,,ui,error,==> control.amazon-ebs.ubuntu:  27350K .......... .......... .......... .......... .......... 26%  380M 3s
1776313632,,ui,error,==> control.amazon-ebs.ubuntu:  27400K .......... .......... .......... .......... .......... 26%  250M 3s
1776313632,,ui,error,==> control.amazon-ebs.ubuntu:  27450K .......... .......... .......... .......... .......... 26%  819K 3s
1776313632,,ui,error,==> control.amazon-ebs.ubuntu:  27500K .......... .......... .......... .......... .......... 26%  150M 3s
1776313632,,ui,error,==> control.amazon-ebs.ubuntu:  27550K .......... .......... .......... .......... .......... 27%  203M 3s
1776313632,,ui,error,==> control.amazon-ebs.ubuntu:  27600K .......... .......... .......... .......... .......... 27%  204M 3s
1776313632,,ui,error,==> control.amazon-ebs.ubuntu:  27650K .......... .......... .......... .......... .......... 27%  182M 3s
1776313632,,ui,error,==> control.amazon-ebs.ubuntu:  27700K .......... .......... .......... .......... .......... 27%  176M 3s
1776313632,,ui,error,==> control.amazon-ebs.ubuntu:  27750K .......... .......... .......... .......... .......... 27%  194M 3s
1776313632,,ui,error,==> control.amazon-ebs.ubuntu:  27800K .......... .......... .......... .......... .......... 27%  152M 3s
1776313632,,ui,error,==> control.amazon-ebs.ubuntu:  27850K .......... .......... .......... .......... .......... 27%  188M 3s
1776313632,,ui,error,==> control.amazon-ebs.ubuntu:  27900K .......... .......... .......... .......... .......... 27%  122M 3s
1776313632,,ui,error,==> control.amazon-ebs.ubuntu:  27950K .......... .......... .......... .......... .......... 27%  271M 3s
1776313632,,ui,error,==> control.amazon-ebs.ubuntu:  28000K .......... .......... .......... .......... .......... 27%  279M 3s
1776313632,,ui,error,==> control.amazon-ebs.ubuntu:  28050K .......... .......... .......... .......... .......... 27%  111M 3s
1776313632,,ui,error,==> control.amazon-ebs.ubuntu:  28100K .......... .......... .......... .......... .......... 27%  248M 3s
1776313632,,ui,error,==> control.amazon-ebs.ubuntu:  28150K .......... .......... .......... .......... .......... 27%  269M 3s
1776313632,,ui,error,==> control.amazon-ebs.ubuntu:  28200K .......... .......... .......... .......... .......... 27%  275M 3s
1776313632,,ui,error,==> control.amazon-ebs.ubuntu:  28250K .......... .......... .......... .......... .......... 27%  173M 3s
1776313632,,ui,error,==> control.amazon-ebs.ubuntu:  28300K .......... .......... .......... .......... .......... 27%  225M 3s
1776313632,,ui,error,==> control.amazon-ebs.ubuntu:  28350K .......... .......... .......... .......... .......... 27%  235M 3s
1776313632,,ui,error,==> control.amazon-ebs.ubuntu:  28400K .......... .......... .......... .......... .......... 27%  152M 3s
1776313632,,ui,error,==> control.amazon-ebs.ubuntu:  28450K .......... .......... .......... .......... .......... 27%  156M 3s
1776313632,,ui,error,==> control.amazon-ebs.ubuntu:  28500K .......... .......... .......... .......... .......... 27%  187M 3s
1776313632,,ui,error,==> control.amazon-ebs.ubuntu:  28550K .......... .......... .......... .......... .......... 27%  140M 3s
1776313632,,ui,error,==> control.amazon-ebs.ubuntu:  28600K .......... .......... .......... .......... .......... 28%  189M 3s
1776313632,,ui,error,==> control.amazon-ebs.ubuntu:  28650K .......... .......... .......... .......... .......... 28%  200M 3s
1776313632,,ui,error,==> control.amazon-ebs.ubuntu:  28700K .......... .......... .......... .......... .......... 28%  118M 3s
1776313632,,ui,error,==> control.amazon-ebs.ubuntu:  28750K .......... .......... .......... .......... .......... 28% 95.4M 3s
1776313632,,ui,error,==> control.amazon-ebs.ubuntu:  28800K .......... .......... .......... .......... .......... 28%  140M 3s
1776313632,,ui,error,==> control.amazon-ebs.ubuntu:  28850K .......... .......... .......... .......... .......... 28%  142M 3s
1776313632,,ui,error,==> control.amazon-ebs.ubuntu:  28900K .......... .......... .......... .......... .......... 28% 76.3M 3s
1776313632,,ui,error,==> control.amazon-ebs.ubuntu:  28950K .......... .......... .......... .......... .......... 28% 82.5M 3s
1776313632,,ui,error,==> control.amazon-ebs.ubuntu:  29000K .......... .......... .......... .......... .......... 28% 57.0M 3s
1776313632,,ui,error,==> control.amazon-ebs.ubuntu:  29050K .......... .......... .......... .......... .......... 28% 96.7M 3s
1776313632,,ui,error,==> control.amazon-ebs.ubuntu:  29100K .......... .......... .......... .......... .......... 28%  127M 3s
1776313632,,ui,error,==> control.amazon-ebs.ubuntu:  29150K .......... .......... .......... .......... .......... 28%  240M 3s
1776313632,,ui,error,==> control.amazon-ebs.ubuntu:  29200K .......... .......... .......... .......... .......... 28%  138M 3s
1776313632,,ui,error,==> control.amazon-ebs.ubuntu:  29250K .......... .......... .......... .......... .......... 28%  186M 3s
1776313632,,ui,error,==> control.amazon-ebs.ubuntu:  29300K .......... .......... .......... .......... .......... 28%  167M 3s
1776313632,,ui,error,==> control.amazon-ebs.ubuntu:  29350K .......... .......... .......... .......... .......... 28%  224M 3s
1776313632,,ui,error,==> control.amazon-ebs.ubuntu:  29400K .......... .......... .......... .......... .......... 28%  240M 3s
1776313632,,ui,error,==> control.amazon-ebs.ubuntu:  29450K .......... .......... .......... .......... .......... 28%  239M 3s
1776313632,,ui,error,==> control.amazon-ebs.ubuntu:  29500K .......... .......... .......... .......... .......... 28%  191M 3s
1776313632,,ui,error,==> control.amazon-ebs.ubuntu:  29550K .......... .......... .......... .......... .......... 28%  218M 3s
1776313632,,ui,error,==> control.amazon-ebs.ubuntu:  29600K .......... .......... .......... .......... .......... 29%  241M 3s
1776313632,,ui,error,==> control.amazon-ebs.ubuntu:  29650K .......... .......... .......... .......... .......... 29%  236M 3s
1776313632,,ui,error,==> control.amazon-ebs.ubuntu:  29700K .......... .......... .......... .......... .......... 29%  247M 3s
1776313632,,ui,error,==> control.amazon-ebs.ubuntu:  29750K .......... .......... .......... .......... .......... 29%  337M 3s
1776313632,,ui,error,==> control.amazon-ebs.ubuntu:  29800K .......... .......... .......... .......... .......... 29%  258M 3s
1776313632,,ui,error,==> control.amazon-ebs.ubuntu:  29850K .......... .......... .......... .......... .......... 29%  346M 3s
1776313632,,ui,error,==> control.amazon-ebs.ubuntu:  29900K .......... .......... .......... .......... .......... 29% 37.2M 3s
1776313632,,ui,error,==> control.amazon-ebs.ubuntu:  29950K .......... .......... .......... .......... .......... 29%  328M 3s
1776313632,,ui,error,==> control.amazon-ebs.ubuntu:  30000K .......... .......... .......... .......... .......... 29%  353M 3s
1776313632,,ui,error,==> control.amazon-ebs.ubuntu:  30050K .......... .......... .......... .......... .......... 29%  374M 3s
1776313632,,ui,error,==> control.amazon-ebs.ubuntu:  30100K .......... .......... .......... .......... .......... 29%  306M 3s
1776313632,,ui,error,==> control.amazon-ebs.ubuntu:  30150K .......... .......... .......... .......... .......... 29%  385M 3s
1776313632,,ui,error,==> control.amazon-ebs.ubuntu:  30200K .......... .......... .......... .......... .......... 29%  309M 3s
1776313632,,ui,error,==> control.amazon-ebs.ubuntu:  30250K .......... .......... .......... .......... .......... 29%  370M 3s
1776313632,,ui,error,==> control.amazon-ebs.ubuntu:  30300K .......... .......... .......... .......... .......... 29%  299M 3s
1776313632,,ui,error,==> control.amazon-ebs.ubuntu:  30350K .......... .......... .......... .......... .......... 29%  380M 3s
1776313632,,ui,error,==> control.amazon-ebs.ubuntu:  30400K .......... .......... .......... .......... .......... 29%  357M 3s
1776313632,,ui,error,==> control.amazon-ebs.ubuntu:  30450K .......... .......... .......... .......... .......... 29%  328M 3s
1776313632,,ui,error,==> control.amazon-ebs.ubuntu:  30500K .......... .......... .......... .......... .......... 29%  332M 3s
1776313632,,ui,error,==> control.amazon-ebs.ubuntu:  30550K .......... .......... .......... .......... .......... 29%  372M 3s
1776313632,,ui,error,==> control.amazon-ebs.ubuntu:  30600K .......... .......... .......... .......... .......... 29%  352M 3s
1776313632,,ui,error,==> control.amazon-ebs.ubuntu:  30650K .......... .......... .......... .......... .......... 30%  376M 3s
1776313632,,ui,error,==> control.amazon-ebs.ubuntu:  30700K .......... .......... .......... .......... .......... 30%  318M 3s
1776313632,,ui,error,==> control.amazon-ebs.ubuntu:  30750K .......... .......... .......... .......... .......... 30%  361M 3s
1776313632,,ui,error,==> control.amazon-ebs.ubuntu:  30800K .......... .......... .......... .......... .......... 30%  347M 3s
1776313632,,ui,error,==> control.amazon-ebs.ubuntu:  30850K .......... .......... .......... .......... .......... 30%  383M 3s
1776313632,,ui,error,==> control.amazon-ebs.ubuntu:  30900K .......... .......... .......... .......... .......... 30%  345M 3s
1776313632,,ui,error,==> control.amazon-ebs.ubuntu:  30950K .......... .......... .......... .......... .......... 30%  359M 3s
1776313632,,ui,error,==> control.amazon-ebs.ubuntu:  31000K .......... .......... .......... .......... .......... 30%  377M 3s
1776313632,,ui,error,==> control.amazon-ebs.ubuntu:  31050K .......... .......... .......... .......... .......... 30%  382M 3s
1776313632,,ui,error,==> control.amazon-ebs.ubuntu:  31100K .......... .......... .......... .......... .......... 30%  319M 3s
1776313632,,ui,error,==> control.amazon-ebs.ubuntu:  31150K .......... .......... .......... .......... .......... 30%  827K 3s
1776313632,,ui,error,==> control.amazon-ebs.ubuntu:  31200K .......... .......... .......... .......... .......... 30%  232M 3s
1776313632,,ui,error,==> control.amazon-ebs.ubuntu:  31250K .......... .......... .......... .......... .......... 30%  260M 3s
1776313632,,ui,error,==> control.amazon-ebs.ubuntu:  31300K .......... .......... .......... .......... .......... 30%  208M 3s
1776313632,,ui,error,==> control.amazon-ebs.ubuntu:  31350K .......... .......... .......... .......... .......... 30%  217M 3s
1776313632,,ui,error,==> control.amazon-ebs.ubuntu:  31400K .......... .......... .......... .......... .......... 30%  257M 3s
1776313632,,ui,error,==> control.amazon-ebs.ubuntu:  31450K .......... .......... .......... .......... .......... 30%  267M 3s
1776313632,,ui,error,==> control.amazon-ebs.ubuntu:  31500K .......... .......... .......... .......... .......... 30%  192M 3s
1776313632,,ui,error,==> control.amazon-ebs.ubuntu:  31550K .......... .......... .......... .......... .......... 30%  226M 3s
1776313632,,ui,error,==> control.amazon-ebs.ubuntu:  31600K .......... .......... .......... .......... .......... 30%  230M 3s
1776313632,,ui,error,==> control.amazon-ebs.ubuntu:  31650K .......... .......... .......... .......... .......... 31%  221M 3s
1776313632,,ui,error,==> control.amazon-ebs.ubuntu:  31700K .......... .......... .......... .......... .......... 31%  200M 3s
1776313632,,ui,error,==> control.amazon-ebs.ubuntu:  31750K .......... .......... .......... .......... .......... 31%  243M 3s
1776313632,,ui,error,==> control.amazon-ebs.ubuntu:  31800K .......... .......... .......... .......... .......... 31%  217M 3s
1776313632,,ui,error,==> control.amazon-ebs.ubuntu:  31850K .......... .......... .......... .......... .......... 31% 49.4M 3s
1776313632,,ui,error,==> control.amazon-ebs.ubuntu:  31900K .......... .......... .......... .......... .......... 31%  170M 3s
1776313632,,ui,error,==> control.amazon-ebs.ubuntu:  31950K .......... .......... .......... .......... .......... 31%  217M 3s
1776313632,,ui,error,==> control.amazon-ebs.ubuntu:  32000K .......... .......... .......... .......... .......... 31%  179M 3s
1776313632,,ui,error,==> control.amazon-ebs.ubuntu:  32050K .......... .......... .......... .......... .......... 31%  223M 3s
1776313632,,ui,error,==> control.amazon-ebs.ubuntu:  32100K .......... .......... .......... .......... .......... 31%  222M 3s
1776313632,,ui,error,==> control.amazon-ebs.ubuntu:  32150K .......... .......... .......... .......... .......... 31%  219M 3s
1776313632,,ui,error,==> control.amazon-ebs.ubuntu:  32200K .......... .......... .......... .......... .......... 31%  237M 3s
1776313632,,ui,error,==> control.amazon-ebs.ubuntu:  32250K .......... .......... .......... .......... .......... 31%  220M 3s
1776313632,,ui,error,==> control.amazon-ebs.ubuntu:  32300K .......... .......... .......... .......... .......... 31%  181M 3s
1776313632,,ui,error,==> control.amazon-ebs.ubuntu:  32350K .......... .......... .......... .......... .......... 31%  235M 3s
1776313632,,ui,error,==> control.amazon-ebs.ubuntu:  32400K .......... .......... .......... .......... .......... 31%  225M 3s
1776313632,,ui,error,==> control.amazon-ebs.ubuntu:  32450K .......... .......... .......... .......... .......... 31%  233M 3s
1776313632,,ui,error,==> control.amazon-ebs.ubuntu:  32500K .......... .......... .......... .......... .......... 31%  190M 3s
1776313632,,ui,error,==> control.amazon-ebs.ubuntu:  32550K .......... .......... .......... .......... .......... 31%  221M 3s
1776313632,,ui,error,==> control.amazon-ebs.ubuntu:  32600K .......... .......... .......... .......... .......... 31%  223M 3s
1776313632,,ui,error,==> control.amazon-ebs.ubuntu:  32650K .......... .......... .......... .......... .......... 31%  237M 3s
1776313632,,ui,error,==> control.amazon-ebs.ubuntu:  32700K .......... .......... .......... .......... .......... 32%  187M 3s
1776313632,,ui,error,==> control.amazon-ebs.ubuntu:  32750K .......... .......... .......... .......... .......... 32%  239M 3s
1776313632,,ui,error,==> control.amazon-ebs.ubuntu:  32800K .......... .......... .......... .......... .......... 32%  199M 3s
1776313632,,ui,error,==> control.amazon-ebs.ubuntu:  32850K .......... .......... .......... .......... .......... 32%  233M 3s
1776313632,,ui,error,==> control.amazon-ebs.ubuntu:  32900K .......... .......... .......... .......... .......... 32%  205M 3s
1776313632,,ui,error,==> control.amazon-ebs.ubuntu:  32950K .......... .......... .......... .......... .......... 32%  265M 3s
1776313632,,ui,error,==> control.amazon-ebs.ubuntu:  33000K .......... .......... .......... .......... .......... 32%  290M 3s
1776313632,,ui,error,==> control.amazon-ebs.ubuntu:  33050K .......... .......... .......... .......... .......... 32%  284M 3s
1776313632,,ui,error,==> control.amazon-ebs.ubuntu:  33100K .......... .......... .......... .......... .......... 32%  237M 3s
1776313632,,ui,error,==> control.amazon-ebs.ubuntu:  33150K .......... .......... .......... .......... .......... 32%  294M 3s
1776313632,,ui,error,==> control.amazon-ebs.ubuntu:  33200K .......... .......... .......... .......... .......... 32%  239M 3s
1776313632,,ui,error,==> control.amazon-ebs.ubuntu:  33250K .......... .......... .......... .......... .......... 32%  216M 3s
1776313632,,ui,error,==> control.amazon-ebs.ubuntu:  33300K .......... .......... .......... .......... .......... 32%  212M 3s
1776313632,,ui,error,==> control.amazon-ebs.ubuntu:  33350K .......... .......... .......... .......... .......... 32%  236M 3s
1776313632,,ui,error,==> control.amazon-ebs.ubuntu:  33400K .......... .......... .......... .......... .......... 32%  221M 3s
1776313632,,ui,error,==> control.amazon-ebs.ubuntu:  33450K .......... .......... .......... .......... .......... 32%  234M 3s
1776313632,,ui,error,==> control.amazon-ebs.ubuntu:  33500K .......... .......... .......... .......... .......... 32%  195M 3s
1776313632,,ui,error,==> control.amazon-ebs.ubuntu:  33550K .......... .......... .......... .......... .......... 32%  238M 3s
1776313632,,ui,error,==> control.amazon-ebs.ubuntu:  33600K .......... .......... .......... .......... .......... 32%  253M 3s
1776313632,,ui,error,==> control.amazon-ebs.ubuntu:  33650K .......... .......... .......... .......... .......... 32%  236M 3s
1776313632,,ui,error,==> control.amazon-ebs.ubuntu:  33700K .......... .......... .......... .......... .......... 33%  221M 3s
1776313632,,ui,error,==> control.amazon-ebs.ubuntu:  33750K .......... .......... .......... .......... .......... 33%  232M 3s
1776313632,,ui,error,==> control.amazon-ebs.ubuntu:  33800K .......... .......... .......... .......... .......... 33%  239M 3s
1776313632,,ui,error,==> control.amazon-ebs.ubuntu:  33850K .......... .......... .......... .......... .......... 33%  234M 3s
1776313632,,ui,error,==> control.amazon-ebs.ubuntu:  33900K .......... .......... .......... .......... .......... 33%  191M 3s
1776313632,,ui,error,==> control.amazon-ebs.ubuntu:  33950K .......... .......... .......... .......... .......... 33%  238M 3s
1776313632,,ui,error,==> control.amazon-ebs.ubuntu:  34000K .......... .......... .......... .......... .......... 33%  237M 3s
1776313632,,ui,error,==> control.amazon-ebs.ubuntu:  34050K .......... .......... .......... .......... .......... 33%  245M 3s
1776313632,,ui,error,==> control.amazon-ebs.ubuntu:  34100K .......... .......... .......... .......... .......... 33%  249M 3s
1776313632,,ui,error,==> control.amazon-ebs.ubuntu:  34150K .......... .......... .......... .......... .......... 33%  262M 3s
1776313632,,ui,error,==> control.amazon-ebs.ubuntu:  34200K .......... .......... .......... .......... .......... 33%  245M 3s
1776313632,,ui,error,==> control.amazon-ebs.ubuntu:  34250K .......... .......... .......... .......... .......... 33%  229M 3s
1776313632,,ui,error,==> control.amazon-ebs.ubuntu:  34300K .......... .......... .......... .......... .......... 33%  186M 3s
1776313632,,ui,error,==> control.amazon-ebs.ubuntu:  34350K .......... .......... .......... .......... .......... 33%  223M 2s
1776313632,,ui,error,==> control.amazon-ebs.ubuntu:  34400K .......... .......... .......... .......... .......... 33%  368M 2s
1776313632,,ui,error,==> control.amazon-ebs.ubuntu:  34450K .......... .......... .......... .......... .......... 33%  381M 2s
1776313632,,ui,error,==> control.amazon-ebs.ubuntu:  34500K .......... .......... .......... .......... .......... 33%  349M 2s
1776313632,,ui,error,==> control.amazon-ebs.ubuntu:  34550K .......... .......... .......... .......... .......... 33%  374M 2s
1776313632,,ui,error,==> control.amazon-ebs.ubuntu:  34600K .......... .......... .......... .......... .......... 33%  758K 3s
1776313632,,ui,error,==> control.amazon-ebs.ubuntu:  34650K .......... .......... .......... .......... .......... 33%  243M 3s
1776313632,,ui,error,==> control.amazon-ebs.ubuntu:  34700K .......... .......... .......... .......... .......... 33%  175M 3s
1776313632,,ui,error,==> control.amazon-ebs.ubuntu:  34750K .......... .......... .......... .......... .......... 34%  256M 3s
1776313632,,ui,error,==> control.amazon-ebs.ubuntu:  34800K .......... .......... .......... .......... .......... 34%  233M 3s
1776313632,,ui,error,==> control.amazon-ebs.ubuntu:  34850K .......... .......... .......... .......... .......... 34%  235M 3s
1776313632,,ui,error,==> control.amazon-ebs.ubuntu:  34900K .......... .......... .......... .......... .......... 34%  170M 3s
1776313632,,ui,error,==> control.amazon-ebs.ubuntu:  34950K .......... .......... .......... .......... .......... 34% 48.9M 3s
1776313632,,ui,error,==> control.amazon-ebs.ubuntu:  35000K .......... .......... .......... .......... .......... 34%  162M 3s
1776313632,,ui,error,==> control.amazon-ebs.ubuntu:  35050K .......... .......... .......... .......... .......... 34%  223M 3s
1776313632,,ui,error,==> control.amazon-ebs.ubuntu:  35100K .......... .......... .......... .......... .......... 34%  194M 3s
1776313632,,ui,error,==> control.amazon-ebs.ubuntu:  35150K .......... .......... .......... .......... .......... 34%  231M 3s
1776313632,,ui,error,==> control.amazon-ebs.ubuntu:  35200K .......... .......... .......... .......... .......... 34%  216M 3s
1776313632,,ui,error,==> control.amazon-ebs.ubuntu:  35250K .......... .......... .......... .......... .......... 34%  229M 3s
1776313632,,ui,error,==> control.amazon-ebs.ubuntu:  35300K .......... .......... .......... .......... .......... 34%  204M 3s
1776313632,,ui,error,==> control.amazon-ebs.ubuntu:  35350K .......... .......... .......... .......... .......... 34%  236M 3s
1776313632,,ui,error,==> control.amazon-ebs.ubuntu:  35400K .......... .......... .......... .......... .......... 34%  183M 3s
1776313632,,ui,error,==> control.amazon-ebs.ubuntu:  35450K .......... .......... .......... .......... .......... 34%  201M 3s
1776313632,,ui,error,==> control.amazon-ebs.ubuntu:  35500K .......... .......... .......... .......... .......... 34%  190M 3s
1776313632,,ui,error,==> control.amazon-ebs.ubuntu:  35550K .......... .......... .......... .......... .......... 34%  232M 3s
1776313632,,ui,error,==> control.amazon-ebs.ubuntu:  35600K .......... .......... .......... .......... .......... 34%  233M 3s
1776313632,,ui,error,==> control.amazon-ebs.ubuntu:  35650K .......... .......... .......... .......... .......... 34%  214M 2s
1776313632,,ui,error,==> control.amazon-ebs.ubuntu:  35700K .......... .......... .......... .......... .......... 34%  209M 2s
1776313632,,ui,error,==> control.amazon-ebs.ubuntu:  35750K .......... .......... .......... .......... .......... 35%  234M 2s
1776313632,,ui,error,==> control.amazon-ebs.ubuntu:  35800K .......... .......... .......... .......... .......... 35%  250M 2s
1776313632,,ui,error,==> control.amazon-ebs.ubuntu:  35850K .......... .......... .......... .......... .......... 35% 29.4M 2s
1776313632,,ui,error,==> control.amazon-ebs.ubuntu:  35900K .......... .......... .......... .......... .......... 35% 32.1M 2s
1776313632,,ui,error,==> control.amazon-ebs.ubuntu:  35950K .......... .......... .......... .......... .......... 35% 75.2M 2s
1776313632,,ui,error,==> control.amazon-ebs.ubuntu:  36000K .......... .......... .......... .......... .......... 35%  118M 2s
1776313632,,ui,error,==> control.amazon-ebs.ubuntu:  36050K .......... .......... .......... .......... .......... 35%  139M 2s
1776313632,,ui,error,==> control.amazon-ebs.ubuntu:  36100K .......... .......... .......... .......... .......... 35%  153M 2s
1776313632,,ui,error,==> control.amazon-ebs.ubuntu:  36150K .......... .......... .......... .......... .......... 35%  128M 2s
1776313632,,ui,error,==> control.amazon-ebs.ubuntu:  36200K .......... .......... .......... .......... .......... 35%  124M 2s
1776313632,,ui,error,==> control.amazon-ebs.ubuntu:  36250K .......... .......... .......... .......... .......... 35%  176M 2s
1776313632,,ui,error,==> control.amazon-ebs.ubuntu:  36300K .......... .......... .......... .......... .......... 35%  122M 2s
1776313632,,ui,error,==> control.amazon-ebs.ubuntu:  36350K .......... .......... .......... .......... .......... 35% 99.1M 2s
1776313632,,ui,error,==> control.amazon-ebs.ubuntu:  36400K .......... .......... .......... .......... .......... 35% 84.4M 2s
1776313632,,ui,error,==> control.amazon-ebs.ubuntu:  36450K .......... .......... .......... .......... .......... 35% 81.8M 2s
1776313632,,ui,error,==> control.amazon-ebs.ubuntu:  36500K .......... .......... .......... .......... .......... 35% 41.0M 2s
1776313632,,ui,error,==> control.amazon-ebs.ubuntu:  36550K .......... .......... .......... .......... .......... 35% 41.2M 2s
1776313632,,ui,error,==> control.amazon-ebs.ubuntu:  36600K .......... .......... .......... .......... .......... 35%  792K 3s
1776313632,,ui,error,==> control.amazon-ebs.ubuntu:  36650K .......... .......... .......... .......... .......... 35%  184M 3s
1776313632,,ui,error,==> control.amazon-ebs.ubuntu:  36700K .......... .......... .......... .......... .......... 35%  114M 3s
1776313632,,ui,error,==> control.amazon-ebs.ubuntu:  36750K .......... .......... .......... .......... .......... 36%  186M 3s
1776313632,,ui,error,==> control.amazon-ebs.ubuntu:  36800K .......... .......... .......... .......... .......... 36%  125M 3s
1776313632,,ui,error,==> control.amazon-ebs.ubuntu:  36850K .......... .......... .......... .......... .......... 36%  130M 3s
1776313632,,ui,error,==> control.amazon-ebs.ubuntu:  36900K .......... .......... .......... .......... .......... 36%  186M 3s
1776313632,,ui,error,==> control.amazon-ebs.ubuntu:  36950K .......... .......... .......... .......... .......... 36%  260M 2s
1776313632,,ui,error,==> control.amazon-ebs.ubuntu:  37000K .......... .......... .......... .......... .......... 36%  282M 2s
1776313632,,ui,error,==> control.amazon-ebs.ubuntu:  37050K .......... .......... .......... .......... .......... 36%  127M 2s
1776313632,,ui,error,==> control.amazon-ebs.ubuntu:  37100K .......... .......... .......... .......... .......... 36%  161M 2s
1776313632,,ui,error,==> control.amazon-ebs.ubuntu:  37150K .......... .......... .......... .......... .......... 36%  125M 2s
1776313632,,ui,error,==> control.amazon-ebs.ubuntu:  37200K .......... .......... .......... .......... .......... 36%  174M 2s
1776313632,,ui,error,==> control.amazon-ebs.ubuntu:  37250K .......... .......... .......... .......... .......... 36%  150M 2s
1776313632,,ui,error,==> control.amazon-ebs.ubuntu:  37300K .......... .......... .......... .......... .......... 36%  190M 2s
1776313632,,ui,error,==> control.amazon-ebs.ubuntu:  37350K .......... .......... .......... .......... .......... 36%  137M 2s
1776313632,,ui,error,==> control.amazon-ebs.ubuntu:  37400K .......... .......... .......... .......... .......... 36%  110M 2s
1776313632,,ui,error,==> control.amazon-ebs.ubuntu:  37450K .......... .......... .......... .......... .......... 36%  121M 2s
1776313632,,ui,error,==> control.amazon-ebs.ubuntu:  37500K .......... .......... .......... .......... .......... 36% 82.3M 2s
1776313632,,ui,error,==> control.amazon-ebs.ubuntu:  37550K .......... .......... .......... .......... .......... 36%  107M 2s
1776313632,,ui,error,==> control.amazon-ebs.ubuntu:  37600K .......... .......... .......... .......... .......... 36% 8.87M 2s
1776313632,,ui,error,==> control.amazon-ebs.ubuntu:  37650K .......... .......... .......... .......... .......... 36%  317M 2s
1776313632,,ui,error,==> control.amazon-ebs.ubuntu:  37700K .......... .......... .......... .......... .......... 36%  320M 2s
1776313632,,ui,error,==> control.amazon-ebs.ubuntu:  37750K .......... .......... .......... .......... .......... 36%  364M 2s
1776313632,,ui,error,==> control.amazon-ebs.ubuntu:  37800K .......... .......... .......... .......... .......... 37%  305M 2s
1776313632,,ui,error,==> control.amazon-ebs.ubuntu:  37850K .......... .......... .......... .......... .......... 37%  372M 2s
1776313632,,ui,error,==> control.amazon-ebs.ubuntu:  37900K .......... .......... .......... .......... .......... 37%  247M 2s
1776313632,,ui,error,==> control.amazon-ebs.ubuntu:  37950K .......... .......... .......... .......... .......... 37%  239M 2s
1776313632,,ui,error,==> control.amazon-ebs.ubuntu:  38000K .......... .......... .......... .......... .......... 37%  246M 2s
1776313632,,ui,error,==> control.amazon-ebs.ubuntu:  38050K .......... .......... .......... .......... .......... 37%  296M 2s
1776313632,,ui,error,==> control.amazon-ebs.ubuntu:  38100K .......... .......... .......... .......... .......... 37% 27.7M 2s
1776313632,,ui,error,==> control.amazon-ebs.ubuntu:  38150K .......... .......... .......... .......... .......... 37% 70.8M 2s
1776313632,,ui,error,==> control.amazon-ebs.ubuntu:  38200K .......... .......... .......... .......... .......... 37%  273M 2s
1776313632,,ui,error,==> control.amazon-ebs.ubuntu:  38250K .......... .......... .......... .......... .......... 37%  264M 2s
1776313632,,ui,error,==> control.amazon-ebs.ubuntu:  38300K .......... .......... .......... .......... .......... 37%  188M 2s
1776313632,,ui,error,==> control.amazon-ebs.ubuntu:  38350K .......... .......... .......... .......... .......... 37%  234M 2s
1776313632,,ui,error,==> control.amazon-ebs.ubuntu:  38400K .......... .......... .......... .......... .......... 37%  236M 2s
1776313632,,ui,error,==> control.amazon-ebs.ubuntu:  38450K .......... .......... .......... .......... .......... 37%  242M 2s
1776313632,,ui,error,==> control.amazon-ebs.ubuntu:  38500K .......... .......... .......... .......... .......... 37%  188M 2s
1776313632,,ui,error,==> control.amazon-ebs.ubuntu:  38550K .......... .......... .......... .......... .......... 37%  227M 2s
1776313632,,ui,error,==> control.amazon-ebs.ubuntu:  38600K .......... .......... .......... .......... .......... 37%  261M 2s
1776313632,,ui,error,==> control.amazon-ebs.ubuntu:  38650K .......... .......... .......... .......... .......... 37%  264M 2s
1776313632,,ui,error,==> control.amazon-ebs.ubuntu:  38700K .......... .......... .......... .......... .......... 37%  215M 2s
1776313632,,ui,error,==> control.amazon-ebs.ubuntu:  38750K .......... .......... .......... .......... .......... 37%  283M 2s
1776313633,,ui,error,==> control.amazon-ebs.ubuntu:  38800K .......... .......... .......... .......... .......... 38%  827K 2s
1776313633,,ui,error,==> control.amazon-ebs.ubuntu:  38850K .......... .......... .......... .......... .......... 38%  258M 2s
1776313633,,ui,error,==> control.amazon-ebs.ubuntu:  38900K .......... .......... .......... .......... .......... 38%  124M 2s
1776313633,,ui,error,==> control.amazon-ebs.ubuntu:  38950K .......... .......... .......... .......... .......... 38%  174M 2s
1776313633,,ui,error,==> control.amazon-ebs.ubuntu:  39000K .......... .......... .......... .......... .......... 38%  223M 2s
1776313633,,ui,error,==> control.amazon-ebs.ubuntu:  39050K .......... .......... .......... .......... .......... 38%  239M 2s
1776313633,,ui,error,==> control.amazon-ebs.ubuntu:  39100K .......... .......... .......... .......... .......... 38%  198M 2s
1776313633,,ui,error,==> control.amazon-ebs.ubuntu:  39150K .......... .......... .......... .......... .......... 38%  214M 2s
1776313633,,ui,error,==> control.amazon-ebs.ubuntu:  39200K .......... .......... .......... .......... .......... 38%  259M 2s
1776313633,,ui,error,==> control.amazon-ebs.ubuntu:  39250K .......... .......... .......... .......... .......... 38%  271M 2s
1776313633,,ui,error,==> control.amazon-ebs.ubuntu:  39300K .......... .......... .......... .......... .......... 38%  242M 2s
1776313633,,ui,error,==> control.amazon-ebs.ubuntu:  39350K .......... .......... .......... .......... .......... 38%  248M 2s
1776313633,,ui,error,==> control.amazon-ebs.ubuntu:  39400K .......... .......... .......... .......... .......... 38%  212M 2s
1776313633,,ui,error,==> control.amazon-ebs.ubuntu:  39450K .......... .......... .......... .......... .......... 38%  225M 2s
1776313633,,ui,error,==> control.amazon-ebs.ubuntu:  39500K .......... .......... .......... .......... .......... 38%  191M 2s
1776313633,,ui,error,==> control.amazon-ebs.ubuntu:  39550K .......... .......... .......... .......... .......... 38%  285M 2s
1776313633,,ui,error,==> control.amazon-ebs.ubuntu:  39600K .......... .......... .......... .......... .......... 38%  258M 2s
1776313633,,ui,error,==> control.amazon-ebs.ubuntu:  39650K .......... .......... .......... .......... .......... 38%  242M 2s
1776313633,,ui,error,==> control.amazon-ebs.ubuntu:  39700K .......... .......... .......... .......... .......... 38%  254M 2s
1776313633,,ui,error,==> control.amazon-ebs.ubuntu:  39750K .......... .......... .......... .......... .......... 38%  282M 2s
1776313633,,ui,error,==> control.amazon-ebs.ubuntu:  39800K .......... .......... .......... .......... .......... 38%  273M 2s
1776313633,,ui,error,==> control.amazon-ebs.ubuntu:  39850K .......... .......... .......... .......... .......... 39%  252M 2s
1776313633,,ui,error,==> control.amazon-ebs.ubuntu:  39900K .......... .......... .......... .......... .......... 39%  218M 2s
1776313633,,ui,error,==> control.amazon-ebs.ubuntu:  39950K .......... .......... .......... .......... .......... 39%  277M 2s
1776313633,,ui,error,==> control.amazon-ebs.ubuntu:  40000K .......... .......... .......... .......... .......... 39%  270M 2s
1776313633,,ui,error,==> control.amazon-ebs.ubuntu:  40050K .......... .......... .......... .......... .......... 39%  259M 2s
1776313633,,ui,error,==> control.amazon-ebs.ubuntu:  40100K .......... .......... .......... .......... .......... 39%  253M 2s
1776313633,,ui,error,==> control.amazon-ebs.ubuntu:  40150K .......... .......... .......... .......... .......... 39%  255M 2s
1776313633,,ui,error,==> control.amazon-ebs.ubuntu:  40200K .......... .......... .......... .......... .......... 39%  261M 2s
1776313633,,ui,error,==> control.amazon-ebs.ubuntu:  40250K .......... .......... .......... .......... .......... 39%  281M 2s
1776313633,,ui,error,==> control.amazon-ebs.ubuntu:  40300K .......... .......... .......... .......... .......... 39%  214M 2s
1776313633,,ui,error,==> control.amazon-ebs.ubuntu:  40350K .......... .......... .......... .......... .......... 39%  230M 2s
1776313633,,ui,error,==> control.amazon-ebs.ubuntu:  40400K .......... .......... .......... .......... .......... 39%  247M 2s
1776313633,,ui,error,==> control.amazon-ebs.ubuntu:  40450K .......... .......... .......... .......... .......... 39%  251M 2s
1776313633,,ui,error,==> control.amazon-ebs.ubuntu:  40500K .......... .......... .......... .......... .......... 39%  219M 2s
1776313633,,ui,error,==> control.amazon-ebs.ubuntu:  40550K .......... .......... .......... .......... .......... 39%  252M 2s
1776313633,,ui,error,==> control.amazon-ebs.ubuntu:  40600K .......... .......... .......... .......... .......... 39%  250M 2s
1776313633,,ui,error,==> control.amazon-ebs.ubuntu:  40650K .......... .......... .......... .......... .......... 39%  220M 2s
1776313633,,ui,error,==> control.amazon-ebs.ubuntu:  40700K .......... .......... .......... .......... .......... 39%  224M 2s
1776313633,,ui,error,==> control.amazon-ebs.ubuntu:  40750K .......... .......... .......... .......... .......... 39%  248M 2s
1776313633,,ui,error,==> control.amazon-ebs.ubuntu:  40800K .......... .......... .......... .......... .......... 39%  276M 2s
1776313633,,ui,error,==> control.amazon-ebs.ubuntu:  40850K .......... .......... .......... .......... .......... 40%  257M 2s
1776313633,,ui,error,==> control.amazon-ebs.ubuntu:  40900K .......... .......... .......... .......... .......... 40%  236M 2s
1776313633,,ui,error,==> control.amazon-ebs.ubuntu:  40950K .......... .......... .......... .......... .......... 40%  268M 2s
1776313633,,ui,error,==> control.amazon-ebs.ubuntu:  41000K .......... .......... .......... .......... .......... 40%  249M 2s
1776313633,,ui,error,==> control.amazon-ebs.ubuntu:  41050K .......... .......... .......... .......... .......... 40%  279M 2s
1776313633,,ui,error,==> control.amazon-ebs.ubuntu:  41100K .......... .......... .......... .......... .......... 40%  230M 2s
1776313633,,ui,error,==> control.amazon-ebs.ubuntu:  41150K .......... .......... .......... .......... .......... 40%  256M 2s
1776313633,,ui,error,==> control.amazon-ebs.ubuntu:  41200K .......... .......... .......... .......... .......... 40%  258M 2s
1776313633,,ui,error,==> control.amazon-ebs.ubuntu:  41250K .......... .......... .......... .......... .......... 40%  275M 2s
1776313633,,ui,error,==> control.amazon-ebs.ubuntu:  41300K .......... .......... .......... .......... .......... 40%  256M 2s
1776313633,,ui,error,==> control.amazon-ebs.ubuntu:  41350K .......... .......... .......... .......... .......... 40%  268M 2s
1776313633,,ui,error,==> control.amazon-ebs.ubuntu:  41400K .......... .......... .......... .......... .......... 40%  243M 2s
1776313633,,ui,error,==> control.amazon-ebs.ubuntu:  41450K .......... .......... .......... .......... .......... 40%  246M 2s
1776313633,,ui,error,==> control.amazon-ebs.ubuntu:  41500K .......... .......... .......... .......... .......... 40%  195M 2s
1776313633,,ui,error,==> control.amazon-ebs.ubuntu:  41550K .......... .......... .......... .......... .......... 40%  242M 2s
1776313633,,ui,error,==> control.amazon-ebs.ubuntu:  41600K .......... .......... .......... .......... .......... 40%  259M 2s
1776313633,,ui,error,==> control.amazon-ebs.ubuntu:  41650K .......... .......... .......... .......... .......... 40%  231M 2s
1776313633,,ui,error,==> control.amazon-ebs.ubuntu:  41700K .......... .......... .......... .......... .......... 40%  234M 2s
1776313633,,ui,error,==> control.amazon-ebs.ubuntu:  41750K .......... .......... .......... .......... .......... 40%  259M 2s
1776313633,,ui,error,==> control.amazon-ebs.ubuntu:  41800K .......... .......... .......... .......... .......... 40%  260M 2s
1776313633,,ui,error,==> control.amazon-ebs.ubuntu:  41850K .......... .......... .......... .......... .......... 40%  244M 2s
1776313633,,ui,error,==> control.amazon-ebs.ubuntu:  41900K .......... .......... .......... .......... .......... 41%  192M 2s
1776313633,,ui,error,==> control.amazon-ebs.ubuntu:  41950K .......... .......... .......... .......... .......... 41%  252M 2s
1776313633,,ui,error,==> control.amazon-ebs.ubuntu:  42000K .......... .......... .......... .......... .......... 41%  243M 2s
1776313633,,ui,error,==> control.amazon-ebs.ubuntu:  42050K .......... .......... .......... .......... .......... 41%  240M 2s
1776313633,,ui,error,==> control.amazon-ebs.ubuntu:  42100K .......... .......... .......... .......... .......... 41%  233M 2s
1776313633,,ui,error,==> control.amazon-ebs.ubuntu:  42150K .......... .......... .......... .......... .......... 41%  217M 2s
1776313633,,ui,error,==> control.amazon-ebs.ubuntu:  42200K .......... .......... .......... .......... .......... 41%  263M 2s
1776313633,,ui,error,==> control.amazon-ebs.ubuntu:  42250K .......... .......... .......... .......... .......... 41%  248M 2s
1776313633,,ui,error,==> control.amazon-ebs.ubuntu:  42300K .......... .......... .......... .......... .......... 41%  204M 2s
1776313633,,ui,error,==> control.amazon-ebs.ubuntu:  42350K .......... .......... .......... .......... .......... 41%  282M 2s
1776313633,,ui,error,==> control.amazon-ebs.ubuntu:  42400K .......... .......... .......... .......... .......... 41%  260M 2s
1776313633,,ui,error,==> control.amazon-ebs.ubuntu:  42450K .......... .......... .......... .......... .......... 41%  270M 2s
1776313633,,ui,error,==> control.amazon-ebs.ubuntu:  42500K .......... .......... .......... .......... .......... 41%  226M 2s
1776313633,,ui,error,==> control.amazon-ebs.ubuntu:  42550K .......... .......... .......... .......... .......... 41%  260M 2s
1776313633,,ui,error,==> control.amazon-ebs.ubuntu:  42600K .......... .......... .......... .......... .......... 41%  274M 2s
1776313633,,ui,error,==> control.amazon-ebs.ubuntu:  42650K .......... .......... .......... .......... .......... 41%  254M 2s
1776313633,,ui,error,==> control.amazon-ebs.ubuntu:  42700K .......... .......... .......... .......... .......... 41%  307M 2s
1776313633,,ui,error,==> control.amazon-ebs.ubuntu:  42750K .......... .......... .......... .......... .......... 41%  377M 2s
1776313633,,ui,error,==> control.amazon-ebs.ubuntu:  42800K .......... .......... .......... .......... .......... 41%  370M 2s
1776313633,,ui,error,==> control.amazon-ebs.ubuntu:  42850K .......... .......... .......... .......... .......... 41%  386M 2s
1776313633,,ui,error,==> control.amazon-ebs.ubuntu:  42900K .......... .......... .......... .......... .......... 42%  348M 2s
1776313633,,ui,error,==> control.amazon-ebs.ubuntu:  42950K .......... .......... .......... .......... .......... 42%  382M 2s
1776313633,,ui,error,==> control.amazon-ebs.ubuntu:  43000K .......... .......... .......... .......... .......... 42%  372M 2s
1776313633,,ui,error,==> control.amazon-ebs.ubuntu:  43050K .......... .......... .......... .......... .......... 42%  340M 2s
1776313633,,ui,error,==> control.amazon-ebs.ubuntu:  43100K .......... .......... .......... .......... .......... 42%  315M 2s
1776313633,,ui,error,==> control.amazon-ebs.ubuntu:  43150K .......... .......... .......... .......... .......... 42%  386M 2s
1776313633,,ui,error,==> control.amazon-ebs.ubuntu:  43200K .......... .......... .......... .......... .......... 42%  386M 2s
1776313633,,ui,error,==> control.amazon-ebs.ubuntu:  43250K .......... .......... .......... .......... .......... 42%  380M 2s
1776313633,,ui,error,==> control.amazon-ebs.ubuntu:  43300K .......... .......... .......... .......... .......... 42%  351M 2s
1776313633,,ui,error,==> control.amazon-ebs.ubuntu:  43350K .......... .......... .......... .......... .......... 42%  394M 2s
1776313633,,ui,error,==> control.amazon-ebs.ubuntu:  43400K .......... .......... .......... .......... .......... 42%  354M 2s
1776313633,,ui,error,==> control.amazon-ebs.ubuntu:  43450K .......... .......... .......... .......... .......... 42%  378M 2s
1776313633,,ui,error,==> control.amazon-ebs.ubuntu:  43500K .......... .......... .......... .......... .......... 42%  322M 2s
1776313633,,ui,error,==> control.amazon-ebs.ubuntu:  43550K .......... .......... .......... .......... .......... 42%  393M 2s
1776313633,,ui,error,==> control.amazon-ebs.ubuntu:  43600K .......... .......... .......... .......... .......... 42%  383M 2s
1776313633,,ui,error,==> control.amazon-ebs.ubuntu:  43650K .......... .......... .......... .......... .......... 42%  378M 2s
1776313633,,ui,error,==> control.amazon-ebs.ubuntu:  43700K .......... .......... .......... .......... .......... 42%  356M 2s
1776313633,,ui,error,==> control.amazon-ebs.ubuntu:  43750K .......... .......... .......... .......... .......... 42%  376M 2s
1776313633,,ui,error,==> control.amazon-ebs.ubuntu:  43800K .......... .......... .......... .......... .......... 42%  348M 2s
1776313633,,ui,error,==> control.amazon-ebs.ubuntu:  43850K .......... .......... .......... .......... .......... 42%  382M 2s
1776313633,,ui,error,==> control.amazon-ebs.ubuntu:  43900K .......... .......... .......... .......... .......... 43%  312M 2s
1776313633,,ui,error,==> control.amazon-ebs.ubuntu:  43950K .......... .......... .......... .......... .......... 43%  385M 2s
1776313633,,ui,error,==> control.amazon-ebs.ubuntu:  44000K .......... .......... .......... .......... .......... 43%  379M 2s
1776313633,,ui,error,==> control.amazon-ebs.ubuntu:  44050K .......... .......... .......... .......... .......... 43%  379M 2s
1776313633,,ui,error,==> control.amazon-ebs.ubuntu:  44100K .......... .......... .......... .......... .......... 43%  343M 2s
1776313633,,ui,error,==> control.amazon-ebs.ubuntu:  44150K .......... .......... .......... .......... .......... 43%  827K 2s
1776313633,,ui,error,==> control.amazon-ebs.ubuntu:  44200K .......... .......... .......... .......... .......... 43%  261M 2s
1776313633,,ui,error,==> control.amazon-ebs.ubuntu:  44250K .......... .......... .......... .......... .......... 43%  277M 2s
1776313633,,ui,error,==> control.amazon-ebs.ubuntu:  44300K .......... .......... .......... .......... .......... 43%  237M 2s
1776313633,,ui,error,==> control.amazon-ebs.ubuntu:  44350K .......... .......... .......... .......... .......... 43% 31.1M 2s
1776313633,,ui,error,==> control.amazon-ebs.ubuntu:  44400K .......... .......... .......... .......... .......... 43%  213M 2s
1776313633,,ui,error,==> control.amazon-ebs.ubuntu:  44450K .......... .......... .......... .......... .......... 43%  250M 2s
1776313633,,ui,error,==> control.amazon-ebs.ubuntu:  44500K .......... .......... .......... .......... .......... 43% 62.0M 2s
1776313633,,ui,error,==> control.amazon-ebs.ubuntu:  44550K .......... .......... .......... .......... .......... 43%  354M 2s
1776313633,,ui,error,==> control.amazon-ebs.ubuntu:  44600K .......... .......... .......... .......... .......... 43%  236M 2s
1776313633,,ui,error,==> control.amazon-ebs.ubuntu:  44650K .......... .......... .......... .......... .......... 43%  265M 2s
1776313633,,ui,error,==> control.amazon-ebs.ubuntu:  44700K .......... .......... .......... .......... .......... 43%  213M 2s
1776313633,,ui,error,==> control.amazon-ebs.ubuntu:  44750K .......... .......... .......... .......... .......... 43%  288M 2s
1776313633,,ui,error,==> control.amazon-ebs.ubuntu:  44800K .......... .......... .......... .......... .......... 43%  271M 2s
1776313633,,ui,error,==> control.amazon-ebs.ubuntu:  44850K .......... .......... .......... .......... .......... 43% 77.3M 2s
1776313633,,ui,error,==> control.amazon-ebs.ubuntu:  44900K .......... .......... .......... .......... .......... 43% 38.4M 2s
1776313633,,ui,error,==> control.amazon-ebs.ubuntu:  44950K .......... .......... .......... .......... .......... 44%  271M 2s
1776313633,,ui,error,==> control.amazon-ebs.ubuntu:  45000K .......... .......... .......... .......... .......... 44%  295M 2s
1776313633,,ui,error,==> control.amazon-ebs.ubuntu:  45050K .......... .......... .......... .......... .......... 44%  355M 2s
1776313633,,ui,error,==> control.amazon-ebs.ubuntu:  45100K .......... .......... .......... .......... .......... 44%  292M 2s
1776313633,,ui,error,==> control.amazon-ebs.ubuntu:  45150K .......... .......... .......... .......... .......... 44%  343M 2s
1776313633,,ui,error,==> control.amazon-ebs.ubuntu:  45200K .......... .......... .......... .......... .......... 44%  375M 2s
1776313633,,ui,error,==> control.amazon-ebs.ubuntu:  45250K .......... .......... .......... .......... .......... 44%  351M 2s
1776313633,,ui,error,==> control.amazon-ebs.ubuntu:  45300K .......... .......... .......... .......... .......... 44% 58.9M 2s
1776313633,,ui,error,==> control.amazon-ebs.ubuntu:  45350K .......... .......... .......... .......... .......... 44% 43.1M 2s
1776313633,,ui,error,==> control.amazon-ebs.ubuntu:  45400K .......... .......... .......... .......... .......... 44%  294M 2s
1776313633,,ui,error,==> control.amazon-ebs.ubuntu:  45450K .......... .......... .......... .......... .......... 44%  330M 2s
1776313633,,ui,error,==> control.amazon-ebs.ubuntu:  45500K .......... .......... .......... .......... .......... 44%  236M 2s
1776313633,,ui,error,==> control.amazon-ebs.ubuntu:  45550K .......... .......... .......... .......... .......... 44%  276M 2s
1776313633,,ui,error,==> control.amazon-ebs.ubuntu:  45600K .......... .......... .......... .......... .......... 44%  284M 2s
1776313633,,ui,error,==> control.amazon-ebs.ubuntu:  45650K .......... .......... .......... .......... .......... 44%  250M 2s
1776313633,,ui,error,==> control.amazon-ebs.ubuntu:  45700K .......... .......... .......... .......... .......... 44% 61.1M 2s
1776313633,,ui,error,==> control.amazon-ebs.ubuntu:  45750K .......... .......... .......... .......... .......... 44% 49.0M 2s
1776313633,,ui,error,==> control.amazon-ebs.ubuntu:  45800K .......... .......... .......... .......... .......... 44%  303M 2s
1776313633,,ui,error,==> control.amazon-ebs.ubuntu:  45850K .......... .......... .......... .......... .......... 44%  293M 2s
1776313633,,ui,error,==> control.amazon-ebs.ubuntu:  45900K .......... .......... .......... .......... .......... 44%  272M 2s
1776313633,,ui,error,==> control.amazon-ebs.ubuntu:  45950K .......... .......... .......... .......... .......... 45%  387M 2s
1776313633,,ui,error,==> control.amazon-ebs.ubuntu:  46000K .......... .......... .......... .......... .......... 45%  388M 2s
1776313633,,ui,error,==> control.amazon-ebs.ubuntu:  46050K .......... .......... .......... .......... .......... 45%  276M 2s
1776313633,,ui,error,==> control.amazon-ebs.ubuntu:  46100K .......... .......... .......... .......... .......... 45%  247M 2s
1776313633,,ui,error,==> control.amazon-ebs.ubuntu:  46150K .......... .......... .......... .......... .......... 45%  275M 2s
1776313633,,ui,error,==> control.amazon-ebs.ubuntu:  46200K .......... .......... .......... .......... .......... 45% 43.6M 2s
1776313633,,ui,error,==> control.amazon-ebs.ubuntu:  46250K .......... .......... .......... .......... .......... 45% 62.7M 2s
1776313633,,ui,error,==> control.amazon-ebs.ubuntu:  46300K .......... .......... .......... .......... .......... 45%  250M 2s
1776313633,,ui,error,==> control.amazon-ebs.ubuntu:  46350K .......... .......... .......... .......... .......... 45%  370M 2s
1776313633,,ui,error,==> control.amazon-ebs.ubuntu:  46400K .......... .......... .......... .......... .......... 45%  387M 2s
1776313633,,ui,error,==> control.amazon-ebs.ubuntu:  46450K .......... .......... .......... .......... .......... 45%  390M 2s
1776313633,,ui,error,==> control.amazon-ebs.ubuntu:  46500K .......... .......... .......... .......... .......... 45%  313M 2s
1776313633,,ui,error,==> control.amazon-ebs.ubuntu:  46550K .......... .......... .......... .......... .......... 45%  389M 2s
1776313633,,ui,error,==> control.amazon-ebs.ubuntu:  46600K .......... .......... .......... .......... .......... 45%  368M 2s
1776313633,,ui,error,==> control.amazon-ebs.ubuntu:  46650K .......... .......... .......... .......... .......... 45%  373M 2s
1776313633,,ui,error,==> control.amazon-ebs.ubuntu:  46700K .......... .......... .......... .......... .......... 45% 44.2M 2s
1776313633,,ui,error,==> control.amazon-ebs.ubuntu:  46750K .......... .......... .......... .......... .......... 45%  101M 2s
1776313633,,ui,error,==> control.amazon-ebs.ubuntu:  46800K .......... .......... .......... .......... .......... 45%  387M 2s
1776313633,,ui,error,==> control.amazon-ebs.ubuntu:  46850K .......... .......... .......... .......... .......... 45%  381M 2s
1776313633,,ui,error,==> control.amazon-ebs.ubuntu:  46900K .......... .......... .......... .......... .......... 45%  352M 2s
1776313633,,ui,error,==> control.amazon-ebs.ubuntu:  46950K .......... .......... .......... .......... .......... 45%  349M 2s
1776313633,,ui,error,==> control.amazon-ebs.ubuntu:  47000K .......... .......... .......... .......... .......... 46%  372M 2s
1776313633,,ui,error,==> control.amazon-ebs.ubuntu:  47050K .......... .......... .......... .......... .......... 46%  383M 2s
1776313633,,ui,error,==> control.amazon-ebs.ubuntu:  47100K .......... .......... .......... .......... .......... 46%  319M 2s
1776313633,,ui,error,==> control.amazon-ebs.ubuntu:  47150K .......... .......... .......... .......... .......... 46%  376M 2s
1776313633,,ui,error,==> control.amazon-ebs.ubuntu:  47200K .......... .......... .......... .......... .......... 46%  379M 2s
1776313633,,ui,error,==> control.amazon-ebs.ubuntu:  47250K .......... .......... .......... .......... .......... 46%  386M 2s
1776313633,,ui,error,==> control.amazon-ebs.ubuntu:  47300K .......... .......... .......... .......... .......... 46%  809K 2s
1776313633,,ui,error,==> control.amazon-ebs.ubuntu:  47350K .......... .......... .......... .......... .......... 46% 82.2M 2s
1776313633,,ui,error,==> control.amazon-ebs.ubuntu:  47400K .......... .......... .......... .......... .......... 46%  152M 2s
1776313633,,ui,error,==> control.amazon-ebs.ubuntu:  47450K .......... .......... .......... .......... .......... 46%  136M 2s
1776313633,,ui,error,==> control.amazon-ebs.ubuntu:  47500K .......... .......... .......... .......... .......... 46%  155M 2s
1776313633,,ui,error,==> control.amazon-ebs.ubuntu:  47550K .......... .......... .......... .......... .......... 46%  199M 2s
1776313633,,ui,error,==> control.amazon-ebs.ubuntu:  47600K .......... .......... .......... .......... .......... 46%  205M 2s
1776313633,,ui,error,==> control.amazon-ebs.ubuntu:  47650K .......... .......... .......... .......... .......... 46% 94.1M 2s
1776313633,,ui,error,==> control.amazon-ebs.ubuntu:  47700K .......... .......... .......... .......... .......... 46%  133M 2s
1776313633,,ui,error,==> control.amazon-ebs.ubuntu:  47750K .......... .......... .......... .......... .......... 46%  194M 2s
1776313633,,ui,error,==> control.amazon-ebs.ubuntu:  47800K .......... .......... .......... .......... .......... 46%  186M 2s
1776313633,,ui,error,==> control.amazon-ebs.ubuntu:  47850K .......... .......... .......... .......... .......... 46%  131M 2s
1776313633,,ui,error,==> control.amazon-ebs.ubuntu:  47900K .......... .......... .......... .......... .......... 46%  168M 2s
1776313633,,ui,error,==> control.amazon-ebs.ubuntu:  47950K .......... .......... .......... .......... .......... 46%  162M 2s
1776313633,,ui,error,==> control.amazon-ebs.ubuntu:  48000K .......... .......... .......... .......... .......... 47%  200M 2s
1776313633,,ui,error,==> control.amazon-ebs.ubuntu:  48050K .......... .......... .......... .......... .......... 47%  132M 2s
1776313633,,ui,error,==> control.amazon-ebs.ubuntu:  48100K .......... .......... .......... .......... .......... 47%  173M 2s
1776313633,,ui,error,==> control.amazon-ebs.ubuntu:  48150K .......... .......... .......... .......... .......... 47%  120M 2s
1776313633,,ui,error,==> control.amazon-ebs.ubuntu:  48200K .......... .......... .......... .......... .......... 47%  196M 2s
1776313633,,ui,error,==> control.amazon-ebs.ubuntu:  48250K .......... .......... .......... .......... .......... 47%  117M 2s
1776313633,,ui,error,==> control.amazon-ebs.ubuntu:  48300K .......... .......... .......... .......... .......... 47%  159M 2s
1776313633,,ui,error,==> control.amazon-ebs.ubuntu:  48350K .......... .......... .......... .......... .......... 47% 68.9M 2s
1776313633,,ui,error,==> control.amazon-ebs.ubuntu:  48400K .......... .......... .......... .......... .......... 47%  268M 2s
1776313633,,ui,error,==> control.amazon-ebs.ubuntu:  48450K .......... .......... .......... .......... .......... 47%  276M 2s
1776313633,,ui,error,==> control.amazon-ebs.ubuntu:  48500K .......... .......... .......... .......... .......... 47%  245M 2s
1776313633,,ui,error,==> control.amazon-ebs.ubuntu:  48550K .......... .......... .......... .......... .......... 47%  255M 2s
1776313633,,ui,error,==> control.amazon-ebs.ubuntu:  48600K .......... .......... .......... .......... .......... 47%  216M 2s
1776313633,,ui,error,==> control.amazon-ebs.ubuntu:  48650K .......... .......... .......... .......... .......... 47%  219M 2s
1776313633,,ui,error,==> control.amazon-ebs.ubuntu:  48700K .......... .......... .......... .......... .......... 47%  189M 2s
1776313633,,ui,error,==> control.amazon-ebs.ubuntu:  48750K .......... .......... .......... .......... .......... 47%  250M 2s
1776313633,,ui,error,==> control.amazon-ebs.ubuntu:  48800K .......... .......... .......... .......... .......... 47%  242M 2s
1776313633,,ui,error,==> control.amazon-ebs.ubuntu:  48850K .......... .......... .......... .......... .......... 47%  228M 2s
1776313633,,ui,error,==> control.amazon-ebs.ubuntu:  48900K .......... .......... .......... .......... .......... 47%  231M 2s
1776313633,,ui,error,==> control.amazon-ebs.ubuntu:  48950K .......... .......... .......... .......... .......... 47%  241M 2s
1776313633,,ui,error,==> control.amazon-ebs.ubuntu:  49000K .......... .......... .......... .......... .......... 47%  247M 2s
1776313633,,ui,error,==> control.amazon-ebs.ubuntu:  49050K .......... .......... .......... .......... .......... 48%  179M 2s
1776313633,,ui,error,==> control.amazon-ebs.ubuntu:  49100K .......... .......... .......... .......... .......... 48%  208M 2s
1776313633,,ui,error,==> control.amazon-ebs.ubuntu:  49150K .......... .......... .......... .......... .......... 48%  241M 2s
1776313633,,ui,error,==> control.amazon-ebs.ubuntu:  49200K .......... .......... .......... .......... .......... 48%  264M 2s
1776313633,,ui,error,==> control.amazon-ebs.ubuntu:  49250K .......... .......... .......... .......... .......... 48%  148M 2s
1776313633,,ui,error,==> control.amazon-ebs.ubuntu:  49300K .......... .......... .......... .......... .......... 48%  159M 2s
1776313633,,ui,error,==> control.amazon-ebs.ubuntu:  49350K .......... .......... .......... .......... .......... 48%  184M 2s
1776313633,,ui,error,==> control.amazon-ebs.ubuntu:  49400K .......... .......... .......... .......... .......... 48%  246M 2s
1776313633,,ui,error,==> control.amazon-ebs.ubuntu:  49450K .......... .......... .......... .......... .......... 48%  197M 2s
1776313633,,ui,error,==> control.amazon-ebs.ubuntu:  49500K .......... .......... .......... .......... .......... 48%  244M 2s
1776313633,,ui,error,==> control.amazon-ebs.ubuntu:  49550K .......... .......... .......... .......... .......... 48%  296M 2s
1776313633,,ui,error,==> control.amazon-ebs.ubuntu:  49600K .......... .......... .......... .......... .......... 48%  277M 2s
1776313633,,ui,error,==> control.amazon-ebs.ubuntu:  49650K .......... .......... .......... .......... .......... 48%  293M 2s
1776313633,,ui,error,==> control.amazon-ebs.ubuntu:  49700K .......... .......... .......... .......... .......... 48%  259M 2s
1776313633,,ui,error,==> control.amazon-ebs.ubuntu:  49750K .......... .......... .......... .......... .......... 48%  250M 2s
1776313633,,ui,error,==> control.amazon-ebs.ubuntu:  49800K .......... .......... .......... .......... .......... 48%  284M 2s
1776313633,,ui,error,==> control.amazon-ebs.ubuntu:  49850K .......... .......... .......... .......... .......... 48%  264M 2s
1776313633,,ui,error,==> control.amazon-ebs.ubuntu:  49900K .......... .......... .......... .......... .......... 48%  228M 2s
1776313633,,ui,error,==> control.amazon-ebs.ubuntu:  49950K .......... .......... .......... .......... .......... 48%  276M 2s
1776313633,,ui,error,==> control.amazon-ebs.ubuntu:  50000K .......... .......... .......... .......... .......... 48%  775K 2s
1776313633,,ui,error,==> control.amazon-ebs.ubuntu:  50050K .......... .......... .......... .......... .......... 49%  238M 2s
1776313633,,ui,error,==> control.amazon-ebs.ubuntu:  50100K .......... .......... .......... .......... .......... 49%  204M 2s
1776313633,,ui,error,==> control.amazon-ebs.ubuntu:  50150K .......... .......... .......... .......... .......... 49%  225M 2s
1776313633,,ui,error,==> control.amazon-ebs.ubuntu:  50200K .......... .......... .......... .......... .......... 49%  267M 2s
1776313633,,ui,error,==> control.amazon-ebs.ubuntu:  50250K .......... .......... .......... .......... .......... 49%  261M 2s
1776313633,,ui,error,==> control.amazon-ebs.ubuntu:  50300K .......... .......... .......... .......... .......... 49%  230M 2s
1776313633,,ui,error,==> control.amazon-ebs.ubuntu:  50350K .......... .......... .......... .......... .......... 49%  274M 2s
1776313633,,ui,error,==> control.amazon-ebs.ubuntu:  50400K .......... .......... .......... .......... .......... 49%  280M 2s
1776313633,,ui,error,==> control.amazon-ebs.ubuntu:  50450K .......... .......... .......... .......... .......... 49%  242M 2s
1776313633,,ui,error,==> control.amazon-ebs.ubuntu:  50500K .......... .......... .......... .......... .......... 49%  230M 2s
1776313633,,ui,error,==> control.amazon-ebs.ubuntu:  50550K .......... .......... .......... .......... .......... 49%  247M 2s
1776313633,,ui,error,==> control.amazon-ebs.ubuntu:  50600K .......... .......... .......... .......... .......... 49%  257M 2s
1776313633,,ui,error,==> control.amazon-ebs.ubuntu:  50650K .......... .......... .......... .......... .......... 49%  132M 2s
1776313633,,ui,error,==> control.amazon-ebs.ubuntu:  50700K .......... .......... .......... .......... .......... 49%  205M 2s
1776313633,,ui,error,==> control.amazon-ebs.ubuntu:  50750K .......... .......... .......... .......... .......... 49%  230M 2s
1776313633,,ui,error,==> control.amazon-ebs.ubuntu:  50800K .......... .......... .......... .......... .......... 49%  259M 2s
1776313633,,ui,error,==> control.amazon-ebs.ubuntu:  50850K .......... .......... .......... .......... .......... 49%  214M 2s
1776313633,,ui,error,==> control.amazon-ebs.ubuntu:  50900K .......... .......... .......... .......... .......... 49%  229M 2s
1776313633,,ui,error,==> control.amazon-ebs.ubuntu:  50950K .......... .......... .......... .......... .......... 49%  244M 2s
1776313633,,ui,error,==> control.amazon-ebs.ubuntu:  51000K .......... .......... .......... .......... .......... 49%  254M 2s
1776313633,,ui,error,==> control.amazon-ebs.ubuntu:  51050K .......... .......... .......... .......... .......... 49%  242M 2s
1776313633,,ui,error,==> control.amazon-ebs.ubuntu:  51100K .......... .......... .......... .......... .......... 50%  202M 2s
1776313633,,ui,error,==> control.amazon-ebs.ubuntu:  51150K .......... .......... .......... .......... .......... 50%  261M 2s
1776313633,,ui,error,==> control.amazon-ebs.ubuntu:  51200K .......... .......... .......... .......... .......... 50%  228M 2s
1776313633,,ui,error,==> control.amazon-ebs.ubuntu:  51250K .......... .......... .......... .......... .......... 50%  249M 2s
1776313633,,ui,error,==> control.amazon-ebs.ubuntu:  51300K .......... .......... .......... .......... .......... 50%  224M 2s
1776313633,,ui,error,==> control.amazon-ebs.ubuntu:  51350K .......... .......... .......... .......... .......... 50%  253M 2s
1776313633,,ui,error,==> control.amazon-ebs.ubuntu:  51400K .......... .......... .......... .......... .......... 50%  258M 2s
1776313633,,ui,error,==> control.amazon-ebs.ubuntu:  51450K .......... .......... .......... .......... .......... 50%  268M 2s
1776313633,,ui,error,==> control.amazon-ebs.ubuntu:  51500K .......... .......... .......... .......... .......... 50%  232M 2s
1776313633,,ui,error,==> control.amazon-ebs.ubuntu:  51550K .......... .......... .......... .......... .......... 50%  244M 2s
1776313633,,ui,error,==> control.amazon-ebs.ubuntu:  51600K .......... .......... .......... .......... .......... 50%  250M 2s
1776313633,,ui,error,==> control.amazon-ebs.ubuntu:  51650K .......... .......... .......... .......... .......... 50%  255M 2s
1776313633,,ui,error,==> control.amazon-ebs.ubuntu:  51700K .......... .......... .......... .......... .......... 50%  216M 2s
1776313633,,ui,error,==> control.amazon-ebs.ubuntu:  51750K .......... .......... .......... .......... .......... 50%  231M 2s
1776313633,,ui,error,==> control.amazon-ebs.ubuntu:  51800K .......... .......... .......... .......... .......... 50%  270M 2s
1776313633,,ui,error,==> control.amazon-ebs.ubuntu:  51850K .......... .......... .......... .......... .......... 50%  241M 2s
1776313633,,ui,error,==> control.amazon-ebs.ubuntu:  51900K .......... .......... .......... .......... .......... 50%  207M 2s
1776313633,,ui,error,==> control.amazon-ebs.ubuntu:  51950K .......... .......... .......... .......... .......... 50%  273M 2s
1776313633,,ui,error,==> control.amazon-ebs.ubuntu:  52000K .......... .......... .......... .......... .......... 50%  285M 2s
1776313633,,ui,error,==> control.amazon-ebs.ubuntu:  52050K .......... .......... .......... .......... .......... 50%  284M 2s
1776313633,,ui,error,==> control.amazon-ebs.ubuntu:  52100K .......... .......... .......... .......... .......... 51%  227M 2s
1776313633,,ui,error,==> control.amazon-ebs.ubuntu:  52150K .......... .......... .......... .......... .......... 51%  254M 2s
1776313633,,ui,error,==> control.amazon-ebs.ubuntu:  52200K .......... .......... .......... .......... .......... 51%  277M 2s
1776313633,,ui,error,==> control.amazon-ebs.ubuntu:  52250K .......... .......... .......... .......... .......... 51%  278M 2s
1776313633,,ui,error,==> control.amazon-ebs.ubuntu:  52300K .......... .......... .......... .......... .......... 51%  232M 2s
1776313633,,ui,error,==> control.amazon-ebs.ubuntu:  52350K .......... .......... .......... .......... .......... 51%  273M 2s
1776313633,,ui,error,==> control.amazon-ebs.ubuntu:  52400K .......... .......... .......... .......... .......... 51%  235M 2s
1776313633,,ui,error,==> control.amazon-ebs.ubuntu:  52450K .......... .......... .......... .......... .......... 51%  270M 2s
1776313633,,ui,error,==> control.amazon-ebs.ubuntu:  52500K .......... .......... .......... .......... .......... 51%  253M 2s
1776313633,,ui,error,==> control.amazon-ebs.ubuntu:  52550K .......... .......... .......... .......... .......... 51%  261M 2s
1776313633,,ui,error,==> control.amazon-ebs.ubuntu:  52600K .......... .......... .......... .......... .......... 51%  281M 2s
1776313633,,ui,error,==> control.amazon-ebs.ubuntu:  52650K .......... .......... .......... .......... .......... 51%  248M 2s
1776313633,,ui,error,==> control.amazon-ebs.ubuntu:  52700K .......... .......... .......... .......... .......... 51%  231M 2s
1776313633,,ui,error,==> control.amazon-ebs.ubuntu:  52750K .......... .......... .......... .......... .......... 51%  275M 2s
1776313633,,ui,error,==> control.amazon-ebs.ubuntu:  52800K .......... .......... .......... .......... .......... 51%  271M 2s
1776313633,,ui,error,==> control.amazon-ebs.ubuntu:  52850K .......... .......... .......... .......... .......... 51%  249M 2s
1776313633,,ui,error,==> control.amazon-ebs.ubuntu:  52900K .......... .......... .......... .......... .......... 51%  217M 2s
1776313633,,ui,error,==> control.amazon-ebs.ubuntu:  52950K .......... .......... .......... .......... .......... 51%  255M 2s
1776313633,,ui,error,==> control.amazon-ebs.ubuntu:  53000K .......... .......... .......... .......... .......... 51%  266M 2s
1776313633,,ui,error,==> control.amazon-ebs.ubuntu:  53050K .......... .......... .......... .......... .......... 51%  254M 2s
1776313633,,ui,error,==> control.amazon-ebs.ubuntu:  53100K .......... .......... .......... .......... .......... 52%  214M 2s
1776313633,,ui,error,==> control.amazon-ebs.ubuntu:  53150K .......... .......... .......... .......... .......... 52%  244M 2s
1776313633,,ui,error,==> control.amazon-ebs.ubuntu:  53200K .......... .......... .......... .......... .......... 52%  244M 2s
1776313633,,ui,error,==> control.amazon-ebs.ubuntu:  53250K .......... .......... .......... .......... .......... 52%  276M 2s
1776313633,,ui,error,==> control.amazon-ebs.ubuntu:  53300K .......... .......... .......... .......... .......... 52%  229M 2s
1776313633,,ui,error,==> control.amazon-ebs.ubuntu:  53350K .......... .......... .......... .......... .......... 52%  269M 2s
1776313633,,ui,error,==> control.amazon-ebs.ubuntu:  53400K .......... .......... .......... .......... .......... 52%  239M 2s
1776313633,,ui,error,==> control.amazon-ebs.ubuntu:  53450K .......... .......... .......... .......... .......... 52%  262M 2s
1776313633,,ui,error,==> control.amazon-ebs.ubuntu:  53500K .......... .......... .......... .......... .......... 52%  198M 2s
1776313633,,ui,error,==> control.amazon-ebs.ubuntu:  53550K .......... .......... .......... .......... .......... 52%  273M 2s
1776313633,,ui,error,==> control.amazon-ebs.ubuntu:  53600K .......... .......... .......... .......... .......... 52%  268M 2s
1776313633,,ui,error,==> control.amazon-ebs.ubuntu:  53650K .......... .......... .......... .......... .......... 52%  239M 2s
1776313633,,ui,error,==> control.amazon-ebs.ubuntu:  53700K .......... .......... .......... .......... .......... 52%  251M 2s
1776313633,,ui,error,==> control.amazon-ebs.ubuntu:  53750K .......... .......... .......... .......... .......... 52%  269M 2s
1776313633,,ui,error,==> control.amazon-ebs.ubuntu:  53800K .......... .......... .......... .......... .......... 52%  260M 2s
1776313633,,ui,error,==> control.amazon-ebs.ubuntu:  53850K .......... .......... .......... .......... .......... 52%  263M 2s
1776313633,,ui,error,==> control.amazon-ebs.ubuntu:  53900K .......... .......... .......... .......... .......... 52%  223M 2s
1776313633,,ui,error,==> control.amazon-ebs.ubuntu:  53950K .......... .......... .......... .......... .......... 52%  373M 2s
1776313633,,ui,error,==> control.amazon-ebs.ubuntu:  54000K .......... .......... .......... .......... .......... 52%  379M 2s
1776313633,,ui,error,==> control.amazon-ebs.ubuntu:  54050K .......... .......... .......... .......... .......... 52%  383M 2s
1776313633,,ui,error,==> control.amazon-ebs.ubuntu:  54100K .......... .......... .......... .......... .......... 52%  344M 2s
1776313633,,ui,error,==> control.amazon-ebs.ubuntu:  54150K .......... .......... .......... .......... .......... 53%  379M 2s
1776313633,,ui,error,==> control.amazon-ebs.ubuntu:  54200K .......... .......... .......... .......... .......... 53%  377M 2s
1776313633,,ui,error,==> control.amazon-ebs.ubuntu:  54250K .......... .......... .......... .......... .......... 53%  365M 2s
1776313633,,ui,error,==> control.amazon-ebs.ubuntu:  54300K .......... .......... .......... .......... .......... 53%  298M 2s
1776313633,,ui,error,==> control.amazon-ebs.ubuntu:  54350K .......... .......... .......... .......... .......... 53%  381M 2s
1776313633,,ui,error,==> control.amazon-ebs.ubuntu:  54400K .......... .......... .......... .......... .......... 53%  386M 2s
1776313633,,ui,error,==> control.amazon-ebs.ubuntu:  54450K .......... .......... .......... .......... .......... 53%  381M 2s
1776313633,,ui,error,==> control.amazon-ebs.ubuntu:  54500K .......... .......... .......... .......... .......... 53%  351M 2s
1776313633,,ui,error,==> control.amazon-ebs.ubuntu:  54550K .......... .......... .......... .......... .......... 53%  390M 2s
1776313633,,ui,error,==> control.amazon-ebs.ubuntu:  54600K .......... .......... .......... .......... .......... 53%  391M 2s
1776313633,,ui,error,==> control.amazon-ebs.ubuntu:  54650K .......... .......... .......... .......... .......... 53%  355M 2s
1776313633,,ui,error,==> control.amazon-ebs.ubuntu:  54700K .......... .......... .......... .......... .......... 53%  322M 2s
1776313633,,ui,error,==> control.amazon-ebs.ubuntu:  54750K .......... .......... .......... .......... .......... 53%  377M 2s
1776313633,,ui,error,==> control.amazon-ebs.ubuntu:  54800K .......... .......... .......... .......... .......... 53%  385M 2s
1776313633,,ui,error,==> control.amazon-ebs.ubuntu:  54850K .......... .......... .......... .......... .......... 53%  379M 2s
1776313633,,ui,error,==> control.amazon-ebs.ubuntu:  54900K .......... .......... .......... .......... .......... 53%  341M 2s
1776313633,,ui,error,==> control.amazon-ebs.ubuntu:  54950K .......... .......... .......... .......... .......... 53%  389M 2s
1776313633,,ui,error,==> control.amazon-ebs.ubuntu:  55000K .......... .......... .......... .......... .......... 53%  390M 2s
1776313633,,ui,error,==> control.amazon-ebs.ubuntu:  55050K .......... .......... .......... .......... .......... 53%  355M 1s
1776313633,,ui,error,==> control.amazon-ebs.ubuntu:  55100K .......... .......... .......... .......... .......... 53%  319M 1s
1776313633,,ui,error,==> control.amazon-ebs.ubuntu:  55150K .......... .......... .......... .......... .......... 54%  390M 1s
1776313633,,ui,error,==> control.amazon-ebs.ubuntu:  55200K .......... .......... .......... .......... .......... 54%  383M 1s
1776313633,,ui,error,==> control.amazon-ebs.ubuntu:  55250K .......... .......... .......... .......... .......... 54%  357M 1s
1776313633,,ui,error,==> control.amazon-ebs.ubuntu:  55300K .......... .......... .......... .......... .......... 54%  351M 1s
1776313633,,ui,error,==> control.amazon-ebs.ubuntu:  55350K .......... .......... .......... .......... .......... 54%  388M 1s
1776313633,,ui,error,==> control.amazon-ebs.ubuntu:  55400K .......... .......... .......... .......... .......... 54%  807K 2s
1776313633,,ui,error,==> control.amazon-ebs.ubuntu:  55450K .......... .......... .......... .......... .......... 54%  199M 2s
1776313633,,ui,error,==> control.amazon-ebs.ubuntu:  55500K .......... .......... .......... .......... .......... 54%  188M 2s
1776313633,,ui,error,==> control.amazon-ebs.ubuntu:  55550K .......... .......... .......... .......... .......... 54%  309M 2s
1776313633,,ui,error,==> control.amazon-ebs.ubuntu:  55600K .......... .......... .......... .......... .......... 54%  267M 2s
1776313633,,ui,error,==> control.amazon-ebs.ubuntu:  55650K .......... .......... .......... .......... .......... 54%  305M 2s
1776313633,,ui,error,==> control.amazon-ebs.ubuntu:  55700K .......... .......... .......... .......... .......... 54%  159M 2s
1776313633,,ui,error,==> control.amazon-ebs.ubuntu:  55750K .......... .......... .......... .......... .......... 54%  229M 2s
1776313633,,ui,error,==> control.amazon-ebs.ubuntu:  55800K .......... .......... .......... .......... .......... 54%  211M 2s
1776313633,,ui,error,==> control.amazon-ebs.ubuntu:  55850K .......... .......... .......... .......... .......... 54%  227M 2s
1776313633,,ui,error,==> control.amazon-ebs.ubuntu:  55900K .......... .......... .......... .......... .......... 54%  115M 2s
1776313633,,ui,error,==> control.amazon-ebs.ubuntu:  55950K .......... .......... .......... .......... .......... 54%  257M 1s
1776313633,,ui,error,==> control.amazon-ebs.ubuntu:  56000K .......... .......... .......... .......... .......... 54%  275M 1s
1776313633,,ui,error,==> control.amazon-ebs.ubuntu:  56050K .......... .......... .......... .......... .......... 54%  281M 1s
1776313633,,ui,error,==> control.amazon-ebs.ubuntu:  56100K .......... .......... .......... .......... .......... 54%  239M 1s
1776313633,,ui,error,==> control.amazon-ebs.ubuntu:  56150K .......... .......... .......... .......... .......... 54%  271M 1s
1776313633,,ui,error,==> control.amazon-ebs.ubuntu:  56200K .......... .......... .......... .......... .......... 55%  285M 1s
1776313633,,ui,error,==> control.amazon-ebs.ubuntu:  56250K .......... .......... .......... .......... .......... 55%  249M 1s
1776313633,,ui,error,==> control.amazon-ebs.ubuntu:  56300K .......... .......... .......... .......... .......... 55%  199M 1s
1776313633,,ui,error,==> control.amazon-ebs.ubuntu:  56350K .......... .......... .......... .......... .......... 55%  214M 1s
1776313633,,ui,error,==> control.amazon-ebs.ubuntu:  56400K .......... .......... .......... .......... .......... 55%  229M 1s
1776313633,,ui,error,==> control.amazon-ebs.ubuntu:  56450K .......... .......... .......... .......... .......... 55%  239M 1s
1776313633,,ui,error,==> control.amazon-ebs.ubuntu:  56500K .......... .......... .......... .......... .......... 55%  215M 1s
1776313633,,ui,error,==> control.amazon-ebs.ubuntu:  56550K .......... .......... .......... .......... .......... 55%  242M 1s
1776313633,,ui,error,==> control.amazon-ebs.ubuntu:  56600K .......... .......... .......... .......... .......... 55%  209M 1s
1776313633,,ui,error,==> control.amazon-ebs.ubuntu:  56650K .......... .......... .......... .......... .......... 55%  243M 1s
1776313633,,ui,error,==> control.amazon-ebs.ubuntu:  56700K .......... .......... .......... .......... .......... 55%  199M 1s
1776313633,,ui,error,==> control.amazon-ebs.ubuntu:  56750K .......... .......... .......... .......... .......... 55%  242M 1s
1776313633,,ui,error,==> control.amazon-ebs.ubuntu:  56800K .......... .......... .......... .......... .......... 55%  239M 1s
1776313633,,ui,error,==> control.amazon-ebs.ubuntu:  56850K .......... .......... .......... .......... .......... 55%  227M 1s
1776313633,,ui,error,==> control.amazon-ebs.ubuntu:  56900K .......... .......... .......... .......... .......... 55%  200M 1s
1776313633,,ui,error,==> control.amazon-ebs.ubuntu:  56950K .......... .......... .......... .......... .......... 55%  234M 1s
1776313633,,ui,error,==> control.amazon-ebs.ubuntu:  57000K .......... .......... .......... .......... .......... 55%  244M 1s
1776313633,,ui,error,==> control.amazon-ebs.ubuntu:  57050K .......... .......... .......... .......... .......... 55%  226M 1s
1776313633,,ui,error,==> control.amazon-ebs.ubuntu:  57100K .......... .......... .......... .......... .......... 55%  190M 1s
1776313633,,ui,error,==> control.amazon-ebs.ubuntu:  57150K .......... .......... .......... .......... .......... 55%  214M 1s
1776313633,,ui,error,==> control.amazon-ebs.ubuntu:  57200K .......... .......... .......... .......... .......... 56%  227M 1s
1776313633,,ui,error,==> control.amazon-ebs.ubuntu:  57250K .......... .......... .......... .......... .......... 56%  230M 1s
1776313633,,ui,error,==> control.amazon-ebs.ubuntu:  57300K .......... .......... .......... .......... .......... 56%  213M 1s
1776313633,,ui,error,==> control.amazon-ebs.ubuntu:  57350K .......... .......... .......... .......... .......... 56%  225M 1s
1776313633,,ui,error,==> control.amazon-ebs.ubuntu:  57400K .......... .......... .......... .......... .......... 56%  234M 1s
1776313633,,ui,error,==> control.amazon-ebs.ubuntu:  57450K .......... .......... .......... .......... .......... 56%  244M 1s
1776313633,,ui,error,==> control.amazon-ebs.ubuntu:  57500K .......... .......... .......... .......... .......... 56%  189M 1s
1776313633,,ui,error,==> control.amazon-ebs.ubuntu:  57550K .......... .......... .......... .......... .......... 56%  256M 1s
1776313633,,ui,error,==> control.amazon-ebs.ubuntu:  57600K .......... .......... .......... .......... .......... 56%  238M 1s
1776313633,,ui,error,==> control.amazon-ebs.ubuntu:  57650K .......... .......... .......... .......... .......... 56%  243M 1s
1776313633,,ui,error,==> control.amazon-ebs.ubuntu:  57700K .......... .......... .......... .......... .......... 56%  224M 1s
1776313633,,ui,error,==> control.amazon-ebs.ubuntu:  57750K .......... .......... .......... .......... .......... 56%  247M 1s
1776313633,,ui,error,==> control.amazon-ebs.ubuntu:  57800K .......... .......... .......... .......... .......... 56%  251M 1s
1776313633,,ui,error,==> control.amazon-ebs.ubuntu:  57850K .......... .......... .......... .......... .......... 56%  232M 1s
1776313633,,ui,error,==> control.amazon-ebs.ubuntu:  57900K .......... .......... .......... .......... .......... 56%  199M 1s
1776313633,,ui,error,==> control.amazon-ebs.ubuntu:  57950K .......... .......... .......... .......... .......... 56%  741K 1s
1776313633,,ui,error,==> control.amazon-ebs.ubuntu:  58000K .......... .......... .......... .......... .......... 56%  213M 1s
1776313633,,ui,error,==> control.amazon-ebs.ubuntu:  58050K .......... .......... .......... .......... .......... 56%  293M 1s
1776313633,,ui,error,==> control.amazon-ebs.ubuntu:  58100K .......... .......... .......... .......... .......... 56%  246M 1s
1776313633,,ui,error,==> control.amazon-ebs.ubuntu:  58150K .......... .......... .......... .......... .......... 56%  195M 1s
1776313633,,ui,error,==> control.amazon-ebs.ubuntu:  58200K .......... .......... .......... .......... .......... 56%  267M 1s
1776313633,,ui,error,==> control.amazon-ebs.ubuntu:  58250K .......... .......... .......... .......... .......... 57%  248M 1s
1776313633,,ui,error,==> control.amazon-ebs.ubuntu:  58300K .......... .......... .......... .......... .......... 57%  223M 1s
1776313633,,ui,error,==> control.amazon-ebs.ubuntu:  58350K .......... .......... .......... .......... .......... 57%  261M 1s
1776313633,,ui,error,==> control.amazon-ebs.ubuntu:  58400K .......... .......... .......... .......... .......... 57%  250M 1s
1776313633,,ui,error,==> control.amazon-ebs.ubuntu:  58450K .......... .......... .......... .......... .......... 57%  255M 1s
1776313633,,ui,error,==> control.amazon-ebs.ubuntu:  58500K .......... .......... .......... .......... .......... 57%  182M 1s
1776313633,,ui,error,==> control.amazon-ebs.ubuntu:  58550K .......... .......... .......... .......... .......... 57%  230M 1s
1776313633,,ui,error,==> control.amazon-ebs.ubuntu:  58600K .......... .......... .......... .......... .......... 57%  229M 1s
1776313633,,ui,error,==> control.amazon-ebs.ubuntu:  58650K .......... .......... .......... .......... .......... 57%  215M 1s
1776313633,,ui,error,==> control.amazon-ebs.ubuntu:  58700K .......... .......... .......... .......... .......... 57%  198M 1s
1776313633,,ui,error,==> control.amazon-ebs.ubuntu:  58750K .......... .......... .......... .......... .......... 57%  210M 1s
1776313633,,ui,error,==> control.amazon-ebs.ubuntu:  58800K .......... .......... .......... .......... .......... 57%  225M 1s
1776313633,,ui,error,==> control.amazon-ebs.ubuntu:  58850K .......... .......... .......... .......... .......... 57%  222M 1s
1776313633,,ui,error,==> control.amazon-ebs.ubuntu:  58900K .......... .......... .......... .......... .......... 57%  203M 1s
1776313633,,ui,error,==> control.amazon-ebs.ubuntu:  58950K .......... .......... .......... .......... .......... 57%  264M 1s
1776313633,,ui,error,==> control.amazon-ebs.ubuntu:  59000K .......... .......... .......... .......... .......... 57%  285M 1s
1776313633,,ui,error,==> control.amazon-ebs.ubuntu:  59050K .......... .......... .......... .......... .......... 57%  284M 1s
1776313633,,ui,error,==> control.amazon-ebs.ubuntu:  59100K .......... .......... .......... .......... .......... 57%  216M 1s
1776313633,,ui,error,==> control.amazon-ebs.ubuntu:  59150K .......... .......... .......... .......... .......... 57%  293M 1s
1776313633,,ui,error,==> control.amazon-ebs.ubuntu:  59200K .......... .......... .......... .......... .......... 57%  236M 1s
1776313633,,ui,error,==> control.amazon-ebs.ubuntu:  59250K .......... .......... .......... .......... .......... 58%  245M 1s
1776313633,,ui,error,==> control.amazon-ebs.ubuntu:  59300K .......... .......... .......... .......... .......... 58%  204M 1s
1776313633,,ui,error,==> control.amazon-ebs.ubuntu:  59350K .......... .......... .......... .......... .......... 58%  219M 1s
1776313633,,ui,error,==> control.amazon-ebs.ubuntu:  59400K .......... .......... .......... .......... .......... 58%  235M 1s
1776313633,,ui,error,==> control.amazon-ebs.ubuntu:  59450K .......... .......... .......... .......... .......... 58%  237M 1s
1776313633,,ui,error,==> control.amazon-ebs.ubuntu:  59500K .......... .......... .......... .......... .......... 58%  193M 1s
1776313633,,ui,error,==> control.amazon-ebs.ubuntu:  59550K .......... .......... .......... .......... .......... 58%  237M 1s
1776313633,,ui,error,==> control.amazon-ebs.ubuntu:  59600K .......... .......... .......... .......... .......... 58%  218M 1s
1776313633,,ui,error,==> control.amazon-ebs.ubuntu:  59650K .......... .......... .......... .......... .......... 58%  231M 1s
1776313633,,ui,error,==> control.amazon-ebs.ubuntu:  59700K .......... .......... .......... .......... .......... 58% 57.3M 1s
1776313633,,ui,error,==> control.amazon-ebs.ubuntu:  59750K .......... .......... .......... .......... .......... 58%  222M 1s
1776313633,,ui,error,==> control.amazon-ebs.ubuntu:  59800K .......... .......... .......... .......... .......... 58% 25.1M 1s
1776313633,,ui,error,==> control.amazon-ebs.ubuntu:  59850K .......... .......... .......... .......... .......... 58% 25.9M 1s
1776313633,,ui,error,==> control.amazon-ebs.ubuntu:  59900K .......... .......... .......... .......... .......... 58% 40.9M 1s
1776313633,,ui,error,==> control.amazon-ebs.ubuntu:  59950K .......... .......... .......... .......... .......... 58% 57.6M 1s
1776313633,,ui,error,==> control.amazon-ebs.ubuntu:  60000K .......... .......... .......... .......... .......... 58%  228M 1s
1776313633,,ui,error,==> control.amazon-ebs.ubuntu:  60050K .......... .......... .......... .......... .......... 58% 72.7M 1s
1776313633,,ui,error,==> control.amazon-ebs.ubuntu:  60100K .......... .......... .......... .......... .......... 58%  229M 1s
1776313633,,ui,error,==> control.amazon-ebs.ubuntu:  60150K .......... .......... .......... .......... .......... 58%  258M 1s
1776313633,,ui,error,==> control.amazon-ebs.ubuntu:  60200K .......... .......... .......... .......... .......... 58%  220M 1s
1776313633,,ui,error,==> control.amazon-ebs.ubuntu:  60250K .......... .......... .......... .......... .......... 58%  125M 1s
1776313633,,ui,error,==> control.amazon-ebs.ubuntu:  60300K .......... .......... .......... .......... .......... 59%  210M 1s
1776313633,,ui,error,==> control.amazon-ebs.ubuntu:  60350K .......... .......... .......... .......... .......... 59%  225M 1s
1776313633,,ui,error,==> control.amazon-ebs.ubuntu:  60400K .......... .......... .......... .......... .......... 59%  262M 1s
1776313633,,ui,error,==> control.amazon-ebs.ubuntu:  60450K .......... .......... .......... .......... .......... 59%  243M 1s
1776313633,,ui,error,==> control.amazon-ebs.ubuntu:  60500K .......... .......... .......... .......... .......... 59%  226M 1s
1776313633,,ui,error,==> control.amazon-ebs.ubuntu:  60550K .......... .......... .......... .......... .......... 59%  264M 1s
1776313633,,ui,error,==> control.amazon-ebs.ubuntu:  60600K .......... .......... .......... .......... .......... 59%  269M 1s
1776313633,,ui,error,==> control.amazon-ebs.ubuntu:  60650K .......... .......... .......... .......... .......... 59%  247M 1s
1776313633,,ui,error,==> control.amazon-ebs.ubuntu:  60700K .......... .......... .......... .......... .......... 59%  203M 1s
1776313633,,ui,error,==> control.amazon-ebs.ubuntu:  60750K .......... .......... .......... .......... .......... 59%  256M 1s
1776313633,,ui,error,==> control.amazon-ebs.ubuntu:  60800K .......... .......... .......... .......... .......... 59%  269M 1s
1776313633,,ui,error,==> control.amazon-ebs.ubuntu:  60850K .......... .......... .......... .......... .......... 59%  244M 1s
1776313633,,ui,error,==> control.amazon-ebs.ubuntu:  60900K .......... .......... .......... .......... .......... 59%  238M 1s
1776313633,,ui,error,==> control.amazon-ebs.ubuntu:  60950K .......... .......... .......... .......... .......... 59%  223M 1s
1776313633,,ui,error,==> control.amazon-ebs.ubuntu:  61000K .......... .......... .......... .......... .......... 59%  244M 1s
1776313633,,ui,error,==> control.amazon-ebs.ubuntu:  61050K .......... .......... .......... .......... .......... 59%  254M 1s
1776313633,,ui,error,==> control.amazon-ebs.ubuntu:  61100K .......... .......... .......... .......... .......... 59%  219M 1s
1776313633,,ui,error,==> control.amazon-ebs.ubuntu:  61150K .......... .......... .......... .......... .......... 59%  235M 1s
1776313633,,ui,error,==> control.amazon-ebs.ubuntu:  61200K .......... .......... .......... .......... .......... 59%  280M 1s
1776313633,,ui,error,==> control.amazon-ebs.ubuntu:  61250K .......... .......... .......... .......... .......... 59%  374M 1s
1776313633,,ui,error,==> control.amazon-ebs.ubuntu:  61300K .......... .......... .......... .......... .......... 60%  334M 1s
1776313633,,ui,error,==> control.amazon-ebs.ubuntu:  61350K .......... .......... .......... .......... .......... 60%  380M 1s
1776313633,,ui,error,==> control.amazon-ebs.ubuntu:  61400K .......... .......... .......... .......... .......... 60%  367M 1s
1776313633,,ui,error,==> control.amazon-ebs.ubuntu:  61450K .......... .......... .......... .......... .......... 60%  384M 1s
1776313633,,ui,error,==> control.amazon-ebs.ubuntu:  61500K .......... .......... .......... .......... .......... 60%  296M 1s
1776313633,,ui,error,==> control.amazon-ebs.ubuntu:  61550K .......... .......... .......... .......... .......... 60%  348M 1s
1776313633,,ui,error,==> control.amazon-ebs.ubuntu:  61600K .......... .......... .......... .......... .......... 60%  377M 1s
1776313633,,ui,error,==> control.amazon-ebs.ubuntu:  61650K .......... .......... .......... .......... .......... 60%  393M 1s
1776313633,,ui,error,==> control.amazon-ebs.ubuntu:  61700K .......... .......... .......... .......... .......... 60%  355M 1s
1776313633,,ui,error,==> control.amazon-ebs.ubuntu:  61750K .......... .......... .......... .......... .......... 60%  382M 1s
1776313633,,ui,error,==> control.amazon-ebs.ubuntu:  61800K .......... .......... .......... .......... .......... 60%  848K 1s
1776313633,,ui,error,==> control.amazon-ebs.ubuntu:  61850K .......... .......... .......... .......... .......... 60%  231M 1s
1776313633,,ui,error,==> control.amazon-ebs.ubuntu:  61900K .......... .......... .......... .......... .......... 60%  200M 1s
1776313633,,ui,error,==> control.amazon-ebs.ubuntu:  61950K .......... .......... .......... .......... .......... 60%  249M 1s
1776313633,,ui,error,==> control.amazon-ebs.ubuntu:  62000K .......... .......... .......... .......... .......... 60%  244M 1s
1776313633,,ui,error,==> control.amazon-ebs.ubuntu:  62050K .......... .......... .......... .......... .......... 60%  268M 1s
1776313633,,ui,error,==> control.amazon-ebs.ubuntu:  62100K .......... .......... .......... .......... .......... 60%  233M 1s
1776313633,,ui,error,==> control.amazon-ebs.ubuntu:  62150K .......... .......... .......... .......... .......... 60%  341M 1s
1776313633,,ui,error,==> control.amazon-ebs.ubuntu:  62200K .......... .......... .......... .......... .......... 60%  181M 1s
1776313633,,ui,error,==> control.amazon-ebs.ubuntu:  62250K .......... .......... .......... .......... .......... 60%  232M 1s
1776313633,,ui,error,==> control.amazon-ebs.ubuntu:  62300K .......... .......... .......... .......... .......... 61%  215M 1s
1776313633,,ui,error,==> control.amazon-ebs.ubuntu:  62350K .......... .......... .......... .......... .......... 61% 11.2M 1s
1776313633,,ui,error,==> control.amazon-ebs.ubuntu:  62400K .......... .......... .......... .......... .......... 61%  226M 1s
1776313633,,ui,error,==> control.amazon-ebs.ubuntu:  62450K .......... .......... .......... .......... .......... 61%  229M 1s
1776313633,,ui,error,==> control.amazon-ebs.ubuntu:  62500K .......... .......... .......... .......... .......... 61%  175M 1s
1776313633,,ui,error,==> control.amazon-ebs.ubuntu:  62550K .......... .......... .......... .......... .......... 61%  177M 1s
1776313633,,ui,error,==> control.amazon-ebs.ubuntu:  62600K .......... .......... .......... .......... .......... 61%  219M 1s
1776313633,,ui,error,==> control.amazon-ebs.ubuntu:  62650K .......... .......... .......... .......... .......... 61%  230M 1s
1776313633,,ui,error,==> control.amazon-ebs.ubuntu:  62700K .......... .......... .......... .......... .......... 61%  195M 1s
1776313633,,ui,error,==> control.amazon-ebs.ubuntu:  62750K .......... .......... .......... .......... .......... 61%  258M 1s
1776313633,,ui,error,==> control.amazon-ebs.ubuntu:  62800K .......... .......... .......... .......... .......... 61%  183M 1s
1776313633,,ui,error,==> control.amazon-ebs.ubuntu:  62850K .......... .......... .......... .......... .......... 61%  237M 1s
1776313633,,ui,error,==> control.amazon-ebs.ubuntu:  62900K .......... .......... .......... .......... .......... 61%  213M 1s
1776313633,,ui,error,==> control.amazon-ebs.ubuntu:  62950K .......... .......... .......... .......... .......... 61%  156M 1s
1776313633,,ui,error,==> control.amazon-ebs.ubuntu:  63000K .......... .......... .......... .......... .......... 61%  194M 1s
1776313633,,ui,error,==> control.amazon-ebs.ubuntu:  63050K .......... .......... .......... .......... .......... 61% 74.9M 1s
1776313633,,ui,error,==> control.amazon-ebs.ubuntu:  63100K .......... .......... .......... .......... .......... 61%  181M 1s
1776313633,,ui,error,==> control.amazon-ebs.ubuntu:  63150K .......... .......... .......... .......... .......... 61% 27.2M 1s
1776313633,,ui,error,==> control.amazon-ebs.ubuntu:  63200K .......... .......... .......... .......... .......... 61%  225M 1s
1776313633,,ui,error,==> control.amazon-ebs.ubuntu:  63250K .......... .......... .......... .......... .......... 61%  217M 1s
1776313633,,ui,error,==> control.amazon-ebs.ubuntu:  63300K .......... .......... .......... .......... .......... 61% 55.3M 1s
1776313633,,ui,error,==> control.amazon-ebs.ubuntu:  63350K .......... .......... .......... .......... .......... 62%  247M 1s
1776313633,,ui,error,==> control.amazon-ebs.ubuntu:  63400K .......... .......... .......... .......... .......... 62% 78.7M 1s
1776313633,,ui,error,==> control.amazon-ebs.ubuntu:  63450K .......... .......... .......... .......... .......... 62% 69.9M 1s
1776313633,,ui,error,==> control.amazon-ebs.ubuntu:  63500K .......... .......... .......... .......... .......... 62% 61.8M 1s
1776313633,,ui,error,==> control.amazon-ebs.ubuntu:  63550K .......... .......... .......... .......... .......... 62%  106M 1s
1776313633,,ui,error,==> control.amazon-ebs.ubuntu:  63600K .......... .......... .......... .......... .......... 62%  155M 1s
1776313633,,ui,error,==> control.amazon-ebs.ubuntu:  63650K .......... .......... .......... .......... .......... 62%  196M 1s
1776313633,,ui,error,==> control.amazon-ebs.ubuntu:  63700K .......... .......... .......... .......... .......... 62%  126M 1s
1776313633,,ui,error,==> control.amazon-ebs.ubuntu:  63750K .......... .......... .......... .......... .......... 62%  178M 1s
1776313633,,ui,error,==> control.amazon-ebs.ubuntu:  63800K .......... .......... .......... .......... .......... 62%  243M 1s
1776313633,,ui,error,==> control.amazon-ebs.ubuntu:  63850K .......... .......... .......... .......... .......... 62%  196M 1s
1776313633,,ui,error,==> control.amazon-ebs.ubuntu:  63900K .......... .......... .......... .......... .......... 62%  166M 1s
1776313633,,ui,error,==> control.amazon-ebs.ubuntu:  63950K .......... .......... .......... .......... .......... 62%  224M 1s
1776313633,,ui,error,==> control.amazon-ebs.ubuntu:  64000K .......... .......... .......... .......... .......... 62%  245M 1s
1776313633,,ui,error,==> control.amazon-ebs.ubuntu:  64050K .......... .......... .......... .......... .......... 62%  225M 1s
1776313633,,ui,error,==> control.amazon-ebs.ubuntu:  64100K .......... .......... .......... .......... .......... 62%  230M 1s
1776313633,,ui,error,==> control.amazon-ebs.ubuntu:  64150K .......... .......... .......... .......... .......... 62%  166M 1s
1776313633,,ui,error,==> control.amazon-ebs.ubuntu:  64200K .......... .......... .......... .......... .......... 62%  220M 1s
1776313633,,ui,error,==> control.amazon-ebs.ubuntu:  64250K .......... .......... .......... .......... .......... 62%  263M 1s
1776313633,,ui,error,==> control.amazon-ebs.ubuntu:  64300K .......... .......... .......... .......... .......... 62%  212M 1s
1776313633,,ui,error,==> control.amazon-ebs.ubuntu:  64350K .......... .......... .......... .......... .......... 63%  266M 1s
1776313633,,ui,error,==> control.amazon-ebs.ubuntu:  64400K .......... .......... .......... .......... .......... 63%  228M 1s
1776313633,,ui,error,==> control.amazon-ebs.ubuntu:  64450K .......... .......... .......... .......... .......... 63%  275M 1s
1776313633,,ui,error,==> control.amazon-ebs.ubuntu:  64500K .......... .......... .......... .......... .......... 63%  221M 1s
1776313633,,ui,error,==> control.amazon-ebs.ubuntu:  64550K .......... .......... .......... .......... .......... 63%  240M 1s
1776313633,,ui,error,==> control.amazon-ebs.ubuntu:  64600K .......... .......... .......... .......... .......... 63%  232M 1s
1776313633,,ui,error,==> control.amazon-ebs.ubuntu:  64650K .......... .......... .......... .......... .......... 63%  232M 1s
1776313633,,ui,error,==> control.amazon-ebs.ubuntu:  64700K .......... .......... .......... .......... .......... 63%  203M 1s
1776313633,,ui,error,==> control.amazon-ebs.ubuntu:  64750K .......... .......... .......... .......... .......... 63%  246M 1s
1776313633,,ui,error,==> control.amazon-ebs.ubuntu:  64800K .......... .......... .......... .......... .......... 63%  251M 1s
1776313633,,ui,error,==> control.amazon-ebs.ubuntu:  64850K .......... .......... .......... .......... .......... 63%  259M 1s
1776313633,,ui,error,==> control.amazon-ebs.ubuntu:  64900K .......... .......... .......... .......... .......... 63%  205M 1s
1776313633,,ui,error,==> control.amazon-ebs.ubuntu:  64950K .......... .......... .......... .......... .......... 63%  271M 1s
1776313633,,ui,error,==> control.amazon-ebs.ubuntu:  65000K .......... .......... .......... .......... .......... 63%  230M 1s
1776313633,,ui,error,==> control.amazon-ebs.ubuntu:  65050K .......... .......... .......... .......... .......... 63%  248M 1s
1776313633,,ui,error,==> control.amazon-ebs.ubuntu:  65100K .......... .......... .......... .......... .......... 63%  119M 1s
1776313633,,ui,error,==> control.amazon-ebs.ubuntu:  65150K .......... .......... .......... .......... .......... 63%  219M 1s
1776313633,,ui,error,==> control.amazon-ebs.ubuntu:  65200K .......... .......... .......... .......... .......... 63%  239M 1s
1776313633,,ui,error,==> control.amazon-ebs.ubuntu:  65250K .......... .......... .......... .......... .......... 63%  240M 1s
1776313633,,ui,error,==> control.amazon-ebs.ubuntu:  65300K .......... .......... .......... .......... .......... 63%  227M 1s
1776313633,,ui,error,==> control.amazon-ebs.ubuntu:  65350K .......... .......... .......... .......... .......... 63%  228M 1s
1776313633,,ui,error,==> control.amazon-ebs.ubuntu:  65400K .......... .......... .......... .......... .......... 64%  268M 1s
1776313633,,ui,error,==> control.amazon-ebs.ubuntu:  65450K .......... .......... .......... .......... .......... 64%  246M 1s
1776313633,,ui,error,==> control.amazon-ebs.ubuntu:  65500K .......... .......... .......... .......... .......... 64%  216M 1s
1776313633,,ui,error,==> control.amazon-ebs.ubuntu:  65550K .......... .......... .......... .......... .......... 64%  222M 1s
1776313633,,ui,error,==> control.amazon-ebs.ubuntu:  65600K .......... .......... .......... .......... .......... 64%  264M 1s
1776313633,,ui,error,==> control.amazon-ebs.ubuntu:  65650K .......... .......... .......... .......... .......... 64%  247M 1s
1776313633,,ui,error,==> control.amazon-ebs.ubuntu:  65700K .......... .......... .......... .......... .......... 64%  222M 1s
1776313633,,ui,error,==> control.amazon-ebs.ubuntu:  65750K .......... .......... .......... .......... .......... 64%  261M 1s
1776313633,,ui,error,==> control.amazon-ebs.ubuntu:  65800K .......... .......... .......... .......... .......... 64%  241M 1s
1776313633,,ui,error,==> control.amazon-ebs.ubuntu:  65850K .......... .......... .......... .......... .......... 64%  259M 1s
1776313633,,ui,error,==> control.amazon-ebs.ubuntu:  65900K .......... .......... .......... .......... .......... 64%  210M 1s
1776313633,,ui,error,==> control.amazon-ebs.ubuntu:  65950K .......... .......... .......... .......... .......... 64%  244M 1s
1776313633,,ui,error,==> control.amazon-ebs.ubuntu:  66000K .......... .......... .......... .......... .......... 64%  271M 1s
1776313633,,ui,error,==> control.amazon-ebs.ubuntu:  66050K .......... .......... .......... .......... .......... 64%  954K 1s
1776313633,,ui,error,==> control.amazon-ebs.ubuntu:  66100K .......... .......... .......... .......... .......... 64%  229M 1s
1776313633,,ui,error,==> control.amazon-ebs.ubuntu:  66150K .......... .......... .......... .......... .......... 64%  283M 1s
1776313633,,ui,error,==> control.amazon-ebs.ubuntu:  66200K .......... .......... .......... .......... .......... 64%  283M 1s
1776313633,,ui,error,==> control.amazon-ebs.ubuntu:  66250K .......... .......... .......... .......... .......... 64%  226M 1s
1776313633,,ui,error,==> control.amazon-ebs.ubuntu:  66300K .......... .......... .......... .......... .......... 64%  221M 1s
1776313633,,ui,error,==> control.amazon-ebs.ubuntu:  66350K .......... .......... .......... .......... .......... 64%  284M 1s
1776313633,,ui,error,==> control.amazon-ebs.ubuntu:  66400K .......... .......... .......... .......... .......... 65%  249M 1s
1776313633,,ui,error,==> control.amazon-ebs.ubuntu:  66450K .......... .......... .......... .......... .......... 65%  274M 1s
1776313633,,ui,error,==> control.amazon-ebs.ubuntu:  66500K .......... .......... .......... .......... .......... 65%  207M 1s
1776313633,,ui,error,==> control.amazon-ebs.ubuntu:  66550K .......... .......... .......... .......... .......... 65%  276M 1s
1776313633,,ui,error,==> control.amazon-ebs.ubuntu:  66600K .......... .......... .......... .......... .......... 65%  198M 1s
1776313633,,ui,error,==> control.amazon-ebs.ubuntu:  66650K .......... .......... .......... .......... .......... 65%  276M 1s
1776313633,,ui,error,==> control.amazon-ebs.ubuntu:  66700K .......... .......... .......... .......... .......... 65%  218M 1s
1776313633,,ui,error,==> control.amazon-ebs.ubuntu:  66750K .......... .......... .......... .......... .......... 65%  258M 1s
1776313633,,ui,error,==> control.amazon-ebs.ubuntu:  66800K .......... .......... .......... .......... .......... 65%  293M 1s
1776313633,,ui,error,==> control.amazon-ebs.ubuntu:  66850K .......... .......... .......... .......... .......... 65%  288M 1s
1776313633,,ui,error,==> control.amazon-ebs.ubuntu:  66900K .......... .......... .......... .......... .......... 65%  262M 1s
1776313633,,ui,error,==> control.amazon-ebs.ubuntu:  66950K .......... .......... .......... .......... .......... 65%  292M 1s
1776313633,,ui,error,==> control.amazon-ebs.ubuntu:  67000K .......... .......... .......... .......... .......... 65%  141M 1s
1776313633,,ui,error,==> control.amazon-ebs.ubuntu:  67050K .......... .......... .......... .......... .......... 65%  227M 1s
1776313633,,ui,error,==> control.amazon-ebs.ubuntu:  67100K .......... .......... .......... .......... .......... 65%  244M 1s
1776313633,,ui,error,==> control.amazon-ebs.ubuntu:  67150K .......... .......... .......... .......... .......... 65%  258M 1s
1776313633,,ui,error,==> control.amazon-ebs.ubuntu:  67200K .......... .......... .......... .......... .......... 65%  279M 1s
1776313633,,ui,error,==> control.amazon-ebs.ubuntu:  67250K .......... .......... .......... .......... .......... 65%  252M 1s
1776313633,,ui,error,==> control.amazon-ebs.ubuntu:  67300K .......... .......... .......... .......... .......... 65%  260M 1s
1776313633,,ui,error,==> control.amazon-ebs.ubuntu:  67350K .......... .......... .......... .......... .......... 65%  290M 1s
1776313633,,ui,error,==> control.amazon-ebs.ubuntu:  67400K .......... .......... .......... .......... .......... 65%  288M 1s
1776313633,,ui,error,==> control.amazon-ebs.ubuntu:  67450K .......... .......... .......... .......... .......... 66%  288M 1s
1776313633,,ui,error,==> control.amazon-ebs.ubuntu:  67500K .......... .......... .......... .......... .......... 66%  239M 1s
1776313633,,ui,error,==> control.amazon-ebs.ubuntu:  67550K .......... .......... .......... .......... .......... 66%  249M 1s
1776313633,,ui,error,==> control.amazon-ebs.ubuntu:  67600K .......... .......... .......... .......... .......... 66%  216M 1s
1776313633,,ui,error,==> control.amazon-ebs.ubuntu:  67650K .......... .......... .......... .......... .......... 66%  233M 1s
1776313633,,ui,error,==> control.amazon-ebs.ubuntu:  67700K .......... .......... .......... .......... .......... 66%  212M 1s
1776313633,,ui,error,==> control.amazon-ebs.ubuntu:  67750K .......... .......... .......... .......... .......... 66%  249M 1s
1776313633,,ui,error,==> control.amazon-ebs.ubuntu:  67800K .......... .......... .......... .......... .......... 66%  275M 1s
1776313633,,ui,error,==> control.amazon-ebs.ubuntu:  67850K .......... .......... .......... .......... .......... 66%  275M 1s
1776313633,,ui,error,==> control.amazon-ebs.ubuntu:  67900K .......... .......... .......... .......... .......... 66%  230M 1s
1776313633,,ui,error,==> control.amazon-ebs.ubuntu:  67950K .......... .......... .......... .......... .......... 66%  280M 1s
1776313633,,ui,error,==> control.amazon-ebs.ubuntu:  68000K .......... .......... .......... .......... .......... 66%  256M 1s
1776313633,,ui,error,==> control.amazon-ebs.ubuntu:  68050K .......... .......... .......... .......... .......... 66%  251M 1s
1776313633,,ui,error,==> control.amazon-ebs.ubuntu:  68100K .......... .......... .......... .......... .......... 66%  246M 1s
1776313633,,ui,error,==> control.amazon-ebs.ubuntu:  68150K .......... .......... .......... .......... .......... 66%  272M 1s
1776313633,,ui,error,==> control.amazon-ebs.ubuntu:  68200K .......... .......... .......... .......... .......... 66%  263M 1s
1776313633,,ui,error,==> control.amazon-ebs.ubuntu:  68250K .......... .......... .......... .......... .......... 66%  275M 1s
1776313633,,ui,error,==> control.amazon-ebs.ubuntu:  68300K .......... .......... .......... .......... .......... 66%  194M 1s
1776313633,,ui,error,==> control.amazon-ebs.ubuntu:  68350K .......... .......... .......... .......... .......... 66%  219M 1s
1776313633,,ui,error,==> control.amazon-ebs.ubuntu:  68400K .......... .......... .......... .......... .......... 66%  259M 1s
1776313633,,ui,error,==> control.amazon-ebs.ubuntu:  68450K .......... .......... .......... .......... .......... 67%  239M 1s
1776313633,,ui,error,==> control.amazon-ebs.ubuntu:  68500K .......... .......... .......... .......... .......... 67%  198M 1s
1776313633,,ui,error,==> control.amazon-ebs.ubuntu:  68550K .......... .......... .......... .......... .......... 67%  232M 1s
1776313633,,ui,error,==> control.amazon-ebs.ubuntu:  68600K .......... .......... .......... .......... .......... 67%  166M 1s
1776313633,,ui,error,==> control.amazon-ebs.ubuntu:  68650K .......... .......... .......... .......... .......... 67%  278M 1s
1776313633,,ui,error,==> control.amazon-ebs.ubuntu:  68700K .......... .......... .......... .......... .......... 67%  232M 1s
1776313633,,ui,error,==> control.amazon-ebs.ubuntu:  68750K .......... .......... .......... .......... .......... 67%  242M 1s
1776313633,,ui,error,==> control.amazon-ebs.ubuntu:  68800K .......... .......... .......... .......... .......... 67%  285M 1s
1776313633,,ui,error,==> control.amazon-ebs.ubuntu:  68850K .......... .......... .......... .......... .......... 67%  252M 1s
1776313633,,ui,error,==> control.amazon-ebs.ubuntu:  68900K .......... .......... .......... .......... .......... 67%  216M 1s
1776313633,,ui,error,==> control.amazon-ebs.ubuntu:  68950K .......... .......... .......... .......... .......... 67%  227M 1s
1776313633,,ui,error,==> control.amazon-ebs.ubuntu:  69000K .......... .......... .......... .......... .......... 67%  237M 1s
1776313633,,ui,error,==> control.amazon-ebs.ubuntu:  69050K .......... .......... .......... .......... .......... 67%  239M 1s
1776313633,,ui,error,==> control.amazon-ebs.ubuntu:  69100K .......... .......... .......... .......... .......... 67%  204M 1s
1776313633,,ui,error,==> control.amazon-ebs.ubuntu:  69150K .......... .......... .......... .......... .......... 67%  369M 1s
1776313633,,ui,error,==> control.amazon-ebs.ubuntu:  69200K .......... .......... .......... .......... .......... 67%  359M 1s
1776313633,,ui,error,==> control.amazon-ebs.ubuntu:  69250K .......... .......... .......... .......... .......... 67%  363M 1s
1776313633,,ui,error,==> control.amazon-ebs.ubuntu:  69300K .......... .......... .......... .......... .......... 67%  298M 1s
1776313633,,ui,error,==> control.amazon-ebs.ubuntu:  69350K .......... .......... .......... .......... .......... 67%  367M 1s
1776313633,,ui,error,==> control.amazon-ebs.ubuntu:  69400K .......... .......... .......... .......... .......... 67%  368M 1s
1776313633,,ui,error,==> control.amazon-ebs.ubuntu:  69450K .......... .......... .......... .......... .......... 67%  374M 1s
1776313633,,ui,error,==> control.amazon-ebs.ubuntu:  69500K .......... .......... .......... .......... .......... 68%  308M 1s
1776313633,,ui,error,==> control.amazon-ebs.ubuntu:  69550K .......... .......... .......... .......... .......... 68%  369M 1s
1776313633,,ui,error,==> control.amazon-ebs.ubuntu:  69600K .......... .......... .......... .......... .......... 68%  365M 1s
1776313633,,ui,error,==> control.amazon-ebs.ubuntu:  69650K .......... .......... .......... .......... .......... 68%  338M 1s
1776313633,,ui,error,==> control.amazon-ebs.ubuntu:  69700K .......... .......... .......... .......... .......... 68%  333M 1s
1776313633,,ui,error,==> control.amazon-ebs.ubuntu:  69750K .......... .......... .......... .......... .......... 68%  374M 1s
1776313633,,ui,error,==> control.amazon-ebs.ubuntu:  69800K .......... .......... .......... .......... .......... 68%  755K 1s
1776313633,,ui,error,==> control.amazon-ebs.ubuntu:  69850K .......... .......... .......... .......... .......... 68%  230M 1s
1776313633,,ui,error,==> control.amazon-ebs.ubuntu:  69900K .......... .......... .......... .......... .......... 68%  183M 1s
1776313633,,ui,error,==> control.amazon-ebs.ubuntu:  69950K .......... .......... .......... .......... .......... 68%  220M 1s
1776313633,,ui,error,==> control.amazon-ebs.ubuntu:  70000K .......... .......... .......... .......... .......... 68%  233M 1s
1776313633,,ui,error,==> control.amazon-ebs.ubuntu:  70050K .......... .......... .......... .......... .......... 68%  252M 1s
1776313633,,ui,error,==> control.amazon-ebs.ubuntu:  70100K .......... .......... .......... .......... .......... 68%  230M 1s
1776313633,,ui,error,==> control.amazon-ebs.ubuntu:  70150K .......... .......... .......... .......... .......... 68%  234M 1s
1776313633,,ui,error,==> control.amazon-ebs.ubuntu:  70200K .......... .......... .......... .......... .......... 68%  208M 1s
1776313633,,ui,error,==> control.amazon-ebs.ubuntu:  70250K .......... .......... .......... .......... .......... 68%  232M 1s
1776313633,,ui,error,==> control.amazon-ebs.ubuntu:  70300K .......... .......... .......... .......... .......... 68%  191M 1s
1776313633,,ui,error,==> control.amazon-ebs.ubuntu:  70350K .......... .......... .......... .......... .......... 68%  249M 1s
1776313633,,ui,error,==> control.amazon-ebs.ubuntu:  70400K .......... .......... .......... .......... .......... 68%  232M 1s
1776313633,,ui,error,==> control.amazon-ebs.ubuntu:  70450K .......... .......... .......... .......... .......... 68%  243M 1s
1776313633,,ui,error,==> control.amazon-ebs.ubuntu:  70500K .......... .......... .......... .......... .......... 69%  206M 1s
1776313633,,ui,error,==> control.amazon-ebs.ubuntu:  70550K .......... .......... .......... .......... .......... 69%  236M 1s
1776313633,,ui,error,==> control.amazon-ebs.ubuntu:  70600K .......... .......... .......... .......... .......... 69%  206M 1s
1776313633,,ui,error,==> control.amazon-ebs.ubuntu:  70650K .......... .......... .......... .......... .......... 69%  238M 1s
1776313633,,ui,error,==> control.amazon-ebs.ubuntu:  70700K .......... .......... .......... .......... .......... 69%  196M 1s
1776313633,,ui,error,==> control.amazon-ebs.ubuntu:  70750K .......... .......... .......... .......... .......... 69%  242M 1s
1776313633,,ui,error,==> control.amazon-ebs.ubuntu:  70800K .......... .......... .......... .......... .......... 69%  231M 1s
1776313633,,ui,error,==> control.amazon-ebs.ubuntu:  70850K .......... .......... .......... .......... .......... 69%  220M 1s
1776313633,,ui,error,==> control.amazon-ebs.ubuntu:  70900K .......... .......... .......... .......... .......... 69%  206M 1s
1776313633,,ui,error,==> control.amazon-ebs.ubuntu:  70950K .......... .......... .......... .......... .......... 69%  238M 1s
1776313633,,ui,error,==> control.amazon-ebs.ubuntu:  71000K .......... .......... .......... .......... .......... 69% 43.9M 1s
1776313633,,ui,error,==> control.amazon-ebs.ubuntu:  71050K .......... .......... .......... .......... .......... 69% 21.7M 1s
1776313633,,ui,error,==> control.amazon-ebs.ubuntu:  71100K .......... .......... .......... .......... .......... 69% 23.7M 1s
1776313633,,ui,error,==> control.amazon-ebs.ubuntu:  71150K .......... .......... .......... .......... .......... 69% 26.9M 1s
1776313633,,ui,error,==> control.amazon-ebs.ubuntu:  71200K .......... .......... .......... .......... .......... 69% 32.0M 1s
1776313633,,ui,error,==> control.amazon-ebs.ubuntu:  71250K .......... .......... .......... .......... .......... 69%  198M 1s
1776313633,,ui,error,==> control.amazon-ebs.ubuntu:  71300K .......... .......... .......... .......... .......... 69% 37.4M 1s
1776313633,,ui,error,==> control.amazon-ebs.ubuntu:  71350K .......... .......... .......... .......... .......... 69% 83.0M 1s
1776313633,,ui,error,==> control.amazon-ebs.ubuntu:  71400K .......... .......... .......... .......... .......... 69% 87.0M 1s
1776313633,,ui,error,==> control.amazon-ebs.ubuntu:  71450K .......... .......... .......... .......... .......... 69%  242M 1s
1776313633,,ui,error,==> control.amazon-ebs.ubuntu:  71500K .......... .......... .......... .......... .......... 70%  118M 1s
1776313633,,ui,error,==> control.amazon-ebs.ubuntu:  71550K .......... .......... .......... .......... .......... 70% 77.9M 1s
1776313633,,ui,error,==> control.amazon-ebs.ubuntu:  71600K .......... .......... .......... .......... .......... 70%  165M 1s
1776313633,,ui,error,==> control.amazon-ebs.ubuntu:  71650K .......... .......... .......... .......... .......... 70%  136M 1s
1776313633,,ui,error,==> control.amazon-ebs.ubuntu:  71700K .......... .......... .......... .......... .......... 70%  237M 1s
1776313633,,ui,error,==> control.amazon-ebs.ubuntu:  71750K .......... .......... .......... .......... .......... 70%  220M 1s
1776313633,,ui,error,==> control.amazon-ebs.ubuntu:  71800K .......... .......... .......... .......... .......... 70%  189M 1s
1776313633,,ui,error,==> control.amazon-ebs.ubuntu:  71850K .......... .......... .......... .......... .......... 70%  248M 1s
1776313633,,ui,error,==> control.amazon-ebs.ubuntu:  71900K .......... .......... .......... .......... .......... 70%  145M 1s
1776313633,,ui,error,==> control.amazon-ebs.ubuntu:  71950K .......... .......... .......... .......... .......... 70%  206M 1s
1776313633,,ui,error,==> control.amazon-ebs.ubuntu:  72000K .......... .......... .......... .......... .......... 70%  278M 1s
1776313633,,ui,error,==> control.amazon-ebs.ubuntu:  72050K .......... .......... .......... .......... .......... 70%  248M 1s
1776313633,,ui,error,==> control.amazon-ebs.ubuntu:  72100K .......... .......... .......... .......... .......... 70%  248M 1s
1776313633,,ui,error,==> control.amazon-ebs.ubuntu:  72150K .......... .......... .......... .......... .......... 70%  225M 1s
1776313633,,ui,error,==> control.amazon-ebs.ubuntu:  72200K .......... .......... .......... .......... .......... 70%  248M 1s
1776313633,,ui,error,==> control.amazon-ebs.ubuntu:  72250K .......... .......... .......... .......... .......... 70%  259M 1s
1776313633,,ui,error,==> control.amazon-ebs.ubuntu:  72300K .......... .......... .......... .......... .......... 70%  256M 1s
1776313633,,ui,error,==> control.amazon-ebs.ubuntu:  72350K .......... .......... .......... .......... .......... 70%  198M 1s
1776313633,,ui,error,==> control.amazon-ebs.ubuntu:  72400K .......... .......... .......... .......... .......... 70%  248M 1s
1776313633,,ui,error,==> control.amazon-ebs.ubuntu:  72450K .......... .......... .......... .......... .......... 70%  257M 1s
1776313633,,ui,error,==> control.amazon-ebs.ubuntu:  72500K .......... .......... .......... .......... .......... 70%  268M 1s
1776313633,,ui,error,==> control.amazon-ebs.ubuntu:  72550K .......... .......... .......... .......... .......... 71%  237M 1s
1776313633,,ui,error,==> control.amazon-ebs.ubuntu:  72600K .......... .......... .......... .......... .......... 71%  229M 1s
1776313633,,ui,error,==> control.amazon-ebs.ubuntu:  72650K .......... .......... .......... .......... .......... 71%  170M 1s
1776313633,,ui,error,==> control.amazon-ebs.ubuntu:  72700K .......... .......... .......... .......... .......... 71%  256M 1s
1776313633,,ui,error,==> control.amazon-ebs.ubuntu:  72750K .......... .......... .......... .......... .......... 71%  206M 1s
1776313633,,ui,error,==> control.amazon-ebs.ubuntu:  72800K .......... .......... .......... .......... .......... 71%  245M 1s
1776313633,,ui,error,==> control.amazon-ebs.ubuntu:  72850K .......... .......... .......... .......... .......... 71%  242M 1s
1776313633,,ui,error,==> control.amazon-ebs.ubuntu:  72900K .......... .......... .......... .......... .......... 71%  270M 1s
1776313633,,ui,error,==> control.amazon-ebs.ubuntu:  72950K .......... .......... .......... .......... .......... 71%  222M 1s
1776313633,,ui,error,==> control.amazon-ebs.ubuntu:  73000K .......... .......... .......... .......... .......... 71%  269M 1s
1776313633,,ui,error,==> control.amazon-ebs.ubuntu:  73050K .......... .......... .......... .......... .......... 71%  259M 1s
1776313633,,ui,error,==> control.amazon-ebs.ubuntu:  73100K .......... .......... .......... .......... .......... 71%  230M 1s
1776313633,,ui,error,==> control.amazon-ebs.ubuntu:  73150K .......... .......... .......... .......... .......... 71%  217M 1s
1776313633,,ui,error,==> control.amazon-ebs.ubuntu:  73200K .......... .......... .......... .......... .......... 71%  246M 1s
1776313633,,ui,error,==> control.amazon-ebs.ubuntu:  73250K .......... .......... .......... .......... .......... 71%  262M 1s
1776313633,,ui,error,==> control.amazon-ebs.ubuntu:  73300K .......... .......... .......... .......... .......... 71%  256M 1s
1776313633,,ui,error,==> control.amazon-ebs.ubuntu:  73350K .......... .......... .......... .......... .......... 71%  211M 1s
1776313633,,ui,error,==> control.amazon-ebs.ubuntu:  73400K .......... .......... .......... .......... .......... 71%  244M 1s
1776313633,,ui,error,==> control.amazon-ebs.ubuntu:  73450K .......... .......... .......... .......... .......... 71%  258M 1s
1776313633,,ui,error,==> control.amazon-ebs.ubuntu:  73500K .......... .......... .......... .......... .......... 71%  246M 1s
1776313633,,ui,error,==> control.amazon-ebs.ubuntu:  73550K .......... .......... .......... .......... .......... 72%  216M 1s
1776313633,,ui,error,==> control.amazon-ebs.ubuntu:  73600K .......... .......... .......... .......... .......... 72%  228M 1s
1776313633,,ui,error,==> control.amazon-ebs.ubuntu:  73650K .......... .......... .......... .......... .......... 72%  262M 1s
1776313633,,ui,error,==> control.amazon-ebs.ubuntu:  73700K .......... .......... .......... .......... .......... 72%  233M 1s
1776313633,,ui,error,==> control.amazon-ebs.ubuntu:  73750K .......... .......... .......... .......... .......... 72%  233M 1s
1776313633,,ui,error,==> control.amazon-ebs.ubuntu:  73800K .......... .......... .......... .......... .......... 72%  954K 1s
1776313633,,ui,error,==> control.amazon-ebs.ubuntu:  73850K .......... .......... .......... .......... .......... 72%  190M 1s
1776313633,,ui,error,==> control.amazon-ebs.ubuntu:  73900K .......... .......... .......... .......... .......... 72%  270M 1s
1776313633,,ui,error,==> control.amazon-ebs.ubuntu:  73950K .......... .......... .......... .......... .......... 72%  188M 1s
1776313633,,ui,error,==> control.amazon-ebs.ubuntu:  74000K .......... .......... .......... .......... .......... 72%  229M 1s
1776313633,,ui,error,==> control.amazon-ebs.ubuntu:  74050K .......... .......... .......... .......... .......... 72%  250M 1s
1776313633,,ui,error,==> control.amazon-ebs.ubuntu:  74100K .......... .......... .......... .......... .......... 72%  284M 1s
1776313633,,ui,error,==> control.amazon-ebs.ubuntu:  74150K .......... .......... .......... .......... .......... 72%  263M 1s
1776313633,,ui,error,==> control.amazon-ebs.ubuntu:  74200K .......... .......... .......... .......... .......... 72%  277M 1s
1776313633,,ui,error,==> control.amazon-ebs.ubuntu:  74250K .......... .......... .......... .......... .......... 72%  264M 1s
1776313633,,ui,error,==> control.amazon-ebs.ubuntu:  74300K .......... .......... .......... .......... .......... 72%  252M 1s
1776313633,,ui,error,==> control.amazon-ebs.ubuntu:  74350K .......... .......... .......... .......... .......... 72%  231M 1s
1776313633,,ui,error,==> control.amazon-ebs.ubuntu:  74400K .......... .......... .......... .......... .......... 72%  295M 1s
1776313633,,ui,error,==> control.amazon-ebs.ubuntu:  74450K .......... .......... .......... .......... .......... 72%  285M 1s
1776313633,,ui,error,==> control.amazon-ebs.ubuntu:  74500K .......... .......... .......... .......... .......... 72%  299M 1s
1776313633,,ui,error,==> control.amazon-ebs.ubuntu:  74550K .......... .......... .......... .......... .......... 72%  224M 1s
1776313633,,ui,error,==> control.amazon-ebs.ubuntu:  74600K .......... .......... .......... .......... .......... 73%  292M 1s
1776313633,,ui,error,==> control.amazon-ebs.ubuntu:  74650K .......... .......... .......... .......... .......... 73%  293M 1s
1776313633,,ui,error,==> control.amazon-ebs.ubuntu:  74700K .......... .......... .......... .......... .......... 73%  268M 1s
1776313633,,ui,error,==> control.amazon-ebs.ubuntu:  74750K .......... .......... .......... .......... .......... 73%  237M 1s
1776313633,,ui,error,==> control.amazon-ebs.ubuntu:  74800K .......... .......... .......... .......... .......... 73%  183M 1s
1776313633,,ui,error,==> control.amazon-ebs.ubuntu:  74850K .......... .......... .......... .......... .......... 73%  294M 1s
1776313633,,ui,error,==> control.amazon-ebs.ubuntu:  74900K .......... .......... .......... .......... .......... 73%  286M 1s
1776313633,,ui,error,==> control.amazon-ebs.ubuntu:  74950K .......... .......... .......... .......... .......... 73%  262M 1s
1776313633,,ui,error,==> control.amazon-ebs.ubuntu:  75000K .......... .......... .......... .......... .......... 73%  287M 1s
1776313633,,ui,error,==> control.amazon-ebs.ubuntu:  75050K .......... .......... .......... .......... .......... 73%  269M 1s
1776313633,,ui,error,==> control.amazon-ebs.ubuntu:  75100K .......... .......... .......... .......... .......... 73%  282M 1s
1776313633,,ui,error,==> control.amazon-ebs.ubuntu:  75150K .......... .......... .......... .......... .......... 73%  239M 1s
1776313633,,ui,error,==> control.amazon-ebs.ubuntu:  75200K .......... .......... .......... .......... .......... 73%  233M 1s
1776313633,,ui,error,==> control.amazon-ebs.ubuntu:  75250K .......... .......... .......... .......... .......... 73%  235M 1s
1776313633,,ui,error,==> control.amazon-ebs.ubuntu:  75300K .......... .......... .......... .......... .......... 73%  207M 1s
1776313633,,ui,error,==> control.amazon-ebs.ubuntu:  75350K .......... .......... .......... .......... .......... 73%  208M 1s
1776313633,,ui,error,==> control.amazon-ebs.ubuntu:  75400K .......... .......... .......... .......... .......... 73%  235M 1s
1776313633,,ui,error,==> control.amazon-ebs.ubuntu:  75450K .......... .......... .......... .......... .......... 73%  250M 1s
1776313633,,ui,error,==> control.amazon-ebs.ubuntu:  75500K .......... .......... .......... .......... .......... 73%  257M 1s
1776313633,,ui,error,==> control.amazon-ebs.ubuntu:  75550K .......... .......... .......... .......... .......... 73%  214M 1s
1776313633,,ui,error,==> control.amazon-ebs.ubuntu:  75600K .......... .......... .......... .......... .......... 74%  262M 1s
1776313633,,ui,error,==> control.amazon-ebs.ubuntu:  75650K .......... .......... .......... .......... .......... 74%  274M 1s
1776313633,,ui,error,==> control.amazon-ebs.ubuntu:  75700K .......... .......... .......... .......... .......... 74%  282M 1s
1776313633,,ui,error,==> control.amazon-ebs.ubuntu:  75750K .......... .......... .......... .......... .......... 74%  251M 1s
1776313633,,ui,error,==> control.amazon-ebs.ubuntu:  75800K .......... .......... .......... .......... .......... 74%  235M 1s
1776313633,,ui,error,==> control.amazon-ebs.ubuntu:  75850K .......... .......... .......... .......... .......... 74%  239M 1s
1776313633,,ui,error,==> control.amazon-ebs.ubuntu:  75900K .......... .......... .......... .......... .......... 74%  230M 1s
1776313633,,ui,error,==> control.amazon-ebs.ubuntu:  75950K .......... .......... .......... .......... .......... 74%  196M 1s
1776313633,,ui,error,==> control.amazon-ebs.ubuntu:  76000K .......... .......... .......... .......... .......... 74%  232M 1s
1776313633,,ui,error,==> control.amazon-ebs.ubuntu:  76050K .......... .......... .......... .......... .......... 74%  239M 1s
1776313633,,ui,error,==> control.amazon-ebs.ubuntu:  76100K .......... .......... .......... .......... .......... 74%  255M 1s
1776313633,,ui,error,==> control.amazon-ebs.ubuntu:  76150K .......... .......... .......... .......... .......... 74%  251M 1s
1776313633,,ui,error,==> control.amazon-ebs.ubuntu:  76200K .......... .......... .......... .......... .......... 74%  282M 1s
1776313633,,ui,error,==> control.amazon-ebs.ubuntu:  76250K .......... .......... .......... .......... .......... 74%  273M 1s
1776313633,,ui,error,==> control.amazon-ebs.ubuntu:  76300K .......... .......... .......... .......... .......... 74%  267M 1s
1776313633,,ui,error,==> control.amazon-ebs.ubuntu:  76350K .......... .......... .......... .......... .......... 74%  229M 1s
1776313633,,ui,error,==> control.amazon-ebs.ubuntu:  76400K .......... .......... .......... .......... .......... 74%  301M 1s
1776313633,,ui,error,==> control.amazon-ebs.ubuntu:  76450K .......... .......... .......... .......... .......... 74%  269M 1s
1776313633,,ui,error,==> control.amazon-ebs.ubuntu:  76500K .......... .......... .......... .......... .......... 74%  227M 1s
1776313633,,ui,error,==> control.amazon-ebs.ubuntu:  76550K .......... .......... .......... .......... .......... 74%  195M 1s
1776313633,,ui,error,==> control.amazon-ebs.ubuntu:  76600K .......... .......... .......... .......... .......... 74%  254M 1s
1776313633,,ui,error,==> control.amazon-ebs.ubuntu:  76650K .......... .......... .......... .......... .......... 75%  243M 1s
1776313633,,ui,error,==> control.amazon-ebs.ubuntu:  76700K .......... .......... .......... .......... .......... 75%  241M 1s
1776313633,,ui,error,==> control.amazon-ebs.ubuntu:  76750K .......... .......... .......... .......... .......... 75%  236M 1s
1776313633,,ui,error,==> control.amazon-ebs.ubuntu:  76800K .......... .......... .......... .......... .......... 75%  270M 1s
1776313633,,ui,error,==> control.amazon-ebs.ubuntu:  76850K .......... .......... .......... .......... .......... 75%  373M 1s
1776313633,,ui,error,==> control.amazon-ebs.ubuntu:  76900K .......... .......... .......... .......... .......... 75%  376M 1s
1776313633,,ui,error,==> control.amazon-ebs.ubuntu:  76950K .......... .......... .......... .......... .......... 75%  346M 1s
1776313633,,ui,error,==> control.amazon-ebs.ubuntu:  77000K .......... .......... .......... .......... .......... 75%  380M 1s
1776313633,,ui,error,==> control.amazon-ebs.ubuntu:  77050K .......... .......... .......... .......... .......... 75%  362M 1s
1776313633,,ui,error,==> control.amazon-ebs.ubuntu:  77100K .......... .......... .......... .......... .......... 75%  381M 1s
1776313633,,ui,error,==> control.amazon-ebs.ubuntu:  77150K .......... .......... .......... .......... .......... 75%  296M 1s
1776313633,,ui,error,==> control.amazon-ebs.ubuntu:  77200K .......... .......... .......... .......... .......... 75%  742K 1s
1776313633,,ui,error,==> control.amazon-ebs.ubuntu:  77250K .......... .......... .......... .......... .......... 75%  258M 1s
1776313633,,ui,error,==> control.amazon-ebs.ubuntu:  77300K .......... .......... .......... .......... .......... 75%  250M 1s
1776313633,,ui,error,==> control.amazon-ebs.ubuntu:  77350K .......... .......... .......... .......... .......... 75%  208M 1s
1776313633,,ui,error,==> control.amazon-ebs.ubuntu:  77400K .......... .......... .......... .......... .......... 75%  234M 1s
1776313633,,ui,error,==> control.amazon-ebs.ubuntu:  77450K .......... .......... .......... .......... .......... 75%  266M 1s
1776313633,,ui,error,==> control.amazon-ebs.ubuntu:  77500K .......... .......... .......... .......... .......... 75%  260M 1s
1776313633,,ui,error,==> control.amazon-ebs.ubuntu:  77550K .......... .......... .......... .......... .......... 75%  201M 1s
1776313633,,ui,error,==> control.amazon-ebs.ubuntu:  77600K .......... .......... .......... .......... .......... 75%  235M 1s
1776313633,,ui,error,==> control.amazon-ebs.ubuntu:  77650K .......... .......... .......... .......... .......... 76%  225M 1s
1776313633,,ui,error,==> control.amazon-ebs.ubuntu:  77700K .......... .......... .......... .......... .......... 76%  217M 1s
1776313633,,ui,error,==> control.amazon-ebs.ubuntu:  77750K .......... .......... .......... .......... .......... 76%  205M 1s
1776313633,,ui,error,==> control.amazon-ebs.ubuntu:  77800K .......... .......... .......... .......... .......... 76%  242M 1s
1776313633,,ui,error,==> control.amazon-ebs.ubuntu:  77850K .......... .......... .......... .......... .......... 76%  232M 1s
1776313633,,ui,error,==> control.amazon-ebs.ubuntu:  77900K .......... .......... .......... .......... .......... 76%  238M 1s
1776313633,,ui,error,==> control.amazon-ebs.ubuntu:  77950K .......... .......... .......... .......... .......... 76%  191M 1s
1776313633,,ui,error,==> control.amazon-ebs.ubuntu:  78000K .......... .......... .......... .......... .......... 76%  233M 1s
1776313633,,ui,error,==> control.amazon-ebs.ubuntu:  78050K .......... .......... .......... .......... .......... 76%  220M 1s
1776313633,,ui,error,==> control.amazon-ebs.ubuntu:  78100K .......... .......... .......... .......... .......... 76%  241M 1s
1776313633,,ui,error,==> control.amazon-ebs.ubuntu:  78150K .......... .......... .......... .......... .......... 76%  215M 1s
1776313633,,ui,error,==> control.amazon-ebs.ubuntu:  78200K .......... .......... .......... .......... .......... 76%  254M 1s
1776313633,,ui,error,==> control.amazon-ebs.ubuntu:  78250K .......... .......... .......... .......... .......... 76%  250M 1s
1776313633,,ui,error,==> control.amazon-ebs.ubuntu:  78300K .......... .......... .......... .......... .......... 76%  223M 1s
1776313633,,ui,error,==> control.amazon-ebs.ubuntu:  78350K .......... .......... .......... .......... .......... 76%  204M 1s
1776313633,,ui,error,==> control.amazon-ebs.ubuntu:  78400K .......... .......... .......... .......... .......... 76% 31.3M 1s
1776313633,,ui,error,==> control.amazon-ebs.ubuntu:  78450K .......... .......... .......... .......... .......... 76% 22.2M 1s
1776313633,,ui,error,==> control.amazon-ebs.ubuntu:  78500K .......... .......... .......... .......... .......... 76% 24.3M 1s
1776313633,,ui,error,==> control.amazon-ebs.ubuntu:  78550K .......... .......... .......... .......... .......... 76% 24.1M 1s
1776313633,,ui,error,==> control.amazon-ebs.ubuntu:  78600K .......... .......... .......... .......... .......... 76%  234M 1s
1776313633,,ui,error,==> control.amazon-ebs.ubuntu:  78650K .......... .......... .......... .......... .......... 77% 35.1M 1s
1776313633,,ui,error,==> control.amazon-ebs.ubuntu:  78700K .......... .......... .......... .......... .......... 77% 48.9M 1s
1776313633,,ui,error,==> control.amazon-ebs.ubuntu:  78750K .......... .......... .......... .......... .......... 77% 72.6M 1s
1776313633,,ui,error,==> control.amazon-ebs.ubuntu:  78800K .......... .......... .......... .......... .......... 77%  136M 1s
1776313633,,ui,error,==> control.amazon-ebs.ubuntu:  78850K .......... .......... .......... .......... .......... 77%  213M 1s
1776313633,,ui,error,==> control.amazon-ebs.ubuntu:  78900K .......... .......... .......... .......... .......... 77%  113M 1s
1776313633,,ui,error,==> control.amazon-ebs.ubuntu:  78950K .......... .......... .......... .......... .......... 77%  165M 1s
1776313633,,ui,error,==> control.amazon-ebs.ubuntu:  79000K .......... .......... .......... .......... .......... 77%  155M 1s
1776313633,,ui,error,==> control.amazon-ebs.ubuntu:  79050K .......... .......... .......... .......... .......... 77%  243M 1s
1776313633,,ui,error,==> control.amazon-ebs.ubuntu:  79100K .......... .......... .......... .......... .......... 77%  180M 1s
1776313633,,ui,error,==> control.amazon-ebs.ubuntu:  79150K .......... .......... .......... .......... .......... 77%  182M 1s
1776313633,,ui,error,==> control.amazon-ebs.ubuntu:  79200K .......... .......... .......... .......... .......... 77%  230M 1s
1776313633,,ui,error,==> control.amazon-ebs.ubuntu:  79250K .......... .......... .......... .......... .......... 77%  175M 1s
1776313633,,ui,error,==> control.amazon-ebs.ubuntu:  79300K .......... .......... .......... .......... .......... 77%  261M 1s
1776313633,,ui,error,==> control.amazon-ebs.ubuntu:  79350K .......... .......... .......... .......... .......... 77%  237M 1s
1776313633,,ui,error,==> control.amazon-ebs.ubuntu:  79400K .......... .......... .......... .......... .......... 77%  251M 1s
1776313633,,ui,error,==> control.amazon-ebs.ubuntu:  79450K .......... .......... .......... .......... .......... 77%  114M 1s
1776313633,,ui,error,==> control.amazon-ebs.ubuntu:  79500K .......... .......... .......... .......... .......... 77%  243M 1s
1776313633,,ui,error,==> control.amazon-ebs.ubuntu:  79550K .......... .......... .......... .......... .......... 77%  221M 1s
1776313633,,ui,error,==> control.amazon-ebs.ubuntu:  79600K .......... .......... .......... .......... .......... 77%  247M 1s
1776313633,,ui,error,==> control.amazon-ebs.ubuntu:  79650K .......... .......... .......... .......... .......... 77%  235M 1s
1776313633,,ui,error,==> control.amazon-ebs.ubuntu:  79700K .......... .......... .......... .......... .......... 78%  266M 1s
1776313633,,ui,error,==> control.amazon-ebs.ubuntu:  79750K .......... .......... .......... .......... .......... 78%  233M 1s
1776313633,,ui,error,==> control.amazon-ebs.ubuntu:  79800K .......... .......... .......... .......... .......... 78%  249M 1s
1776313633,,ui,error,==> control.amazon-ebs.ubuntu:  79850K .......... .......... .......... .......... .......... 78%  256M 1s
1776313633,,ui,error,==> control.amazon-ebs.ubuntu:  79900K .......... .......... .......... .......... .......... 78%  237M 1s
1776313633,,ui,error,==> control.amazon-ebs.ubuntu:  79950K .......... .......... .......... .......... .......... 78%  212M 1s
1776313633,,ui,error,==> control.amazon-ebs.ubuntu:  80000K .......... .......... .......... .......... .......... 78%  257M 1s
1776313633,,ui,error,==> control.amazon-ebs.ubuntu:  80050K .......... .......... .......... .......... .......... 78%  230M 1s
1776313633,,ui,error,==> control.amazon-ebs.ubuntu:  80100K .......... .......... .......... .......... .......... 78%  260M 1s
1776313633,,ui,error,==> control.amazon-ebs.ubuntu:  80150K .......... .......... .......... .......... .......... 78%  202M 1s
1776313633,,ui,error,==> control.amazon-ebs.ubuntu:  80200K .......... .......... .......... .......... .......... 78%  257M 1s
1776313633,,ui,error,==> control.amazon-ebs.ubuntu:  80250K .......... .......... .......... .......... .......... 78%  256M 1s
1776313633,,ui,error,==> control.amazon-ebs.ubuntu:  80300K .......... .......... .......... .......... .......... 78%  264M 1s
1776313633,,ui,error,==> control.amazon-ebs.ubuntu:  80350K .......... .......... .......... .......... .......... 78%  205M 1s
1776313633,,ui,error,==> control.amazon-ebs.ubuntu:  80400K .......... .......... .......... .......... .......... 78%  244M 1s
1776313633,,ui,error,==> control.amazon-ebs.ubuntu:  80450K .......... .......... .......... .......... .......... 78%  233M 1s
1776313633,,ui,error,==> control.amazon-ebs.ubuntu:  80500K .......... .......... .......... .......... .......... 78%  243M 1s
1776313633,,ui,error,==> control.amazon-ebs.ubuntu:  80550K .......... .......... .......... .......... .......... 78%  231M 1s
1776313633,,ui,error,==> control.amazon-ebs.ubuntu:  80600K .......... .......... .......... .......... .......... 78%  237M 1s
1776313633,,ui,error,==> control.amazon-ebs.ubuntu:  80650K .......... .......... .......... .......... .......... 78%  229M 1s
1776313633,,ui,error,==> control.amazon-ebs.ubuntu:  80700K .......... .......... .......... .......... .......... 79%  142M 1s
1776313633,,ui,error,==> control.amazon-ebs.ubuntu:  80750K .......... .......... .......... .......... .......... 79%  293M 1s
1776313633,,ui,error,==> control.amazon-ebs.ubuntu:  80800K .......... .......... .......... .......... .......... 79%  376M 1s
1776313633,,ui,error,==> control.amazon-ebs.ubuntu:  80850K .......... .......... .......... .......... .......... 79%  385M 1s
1776313633,,ui,error,==> control.amazon-ebs.ubuntu:  80900K .......... .......... .......... .......... .......... 79%  330M 1s
1776313633,,ui,error,==> control.amazon-ebs.ubuntu:  80950K .......... .......... .......... .......... .......... 79%  328M 1s
1776313633,,ui,error,==> control.amazon-ebs.ubuntu:  81000K .......... .......... .......... .......... .......... 79%  361M 1s
1776313633,,ui,error,==> control.amazon-ebs.ubuntu:  81050K .......... .......... .......... .......... .......... 79%  373M 1s
1776313633,,ui,error,==> control.amazon-ebs.ubuntu:  81100K .......... .......... .......... .......... .......... 79%  377M 1s
1776313633,,ui,error,==> control.amazon-ebs.ubuntu:  81150K .......... .......... .......... .......... .......... 79%  306M 1s
1776313633,,ui,error,==> control.amazon-ebs.ubuntu:  81200K .......... .......... .......... .......... .......... 79%  375M 1s
1776313633,,ui,error,==> control.amazon-ebs.ubuntu:  81250K .......... .......... .......... .......... .......... 79%  340M 1s
1776313633,,ui,error,==> control.amazon-ebs.ubuntu:  81300K .......... .......... .......... .......... .......... 79%  366M 1s
1776313633,,ui,error,==> control.amazon-ebs.ubuntu:  81350K .......... .......... .......... .......... .......... 79%  341M 1s
1776313633,,ui,error,==> control.amazon-ebs.ubuntu:  81400K .......... .......... .......... .......... .......... 79%  373M 1s
1776313633,,ui,error,==> control.amazon-ebs.ubuntu:  81450K .......... .......... .......... .......... .......... 79%  362M 1s
1776313633,,ui,error,==> control.amazon-ebs.ubuntu:  81500K .......... .......... .......... .......... .......... 79%  376M 1s
1776313633,,ui,error,==> control.amazon-ebs.ubuntu:  81550K .......... .......... .......... .......... .......... 79%  948K 1s
1776313633,,ui,error,==> control.amazon-ebs.ubuntu:  81600K .......... .......... .......... .......... .......... 79%  179M 1s
1776313633,,ui,error,==> control.amazon-ebs.ubuntu:  81650K .......... .......... .......... .......... .......... 79%  268M 1s
1776313633,,ui,error,==> control.amazon-ebs.ubuntu:  81700K .......... .......... .......... .......... .......... 79%  225M 1s
1776313633,,ui,error,==> control.amazon-ebs.ubuntu:  81750K .......... .......... .......... .......... .......... 80%  238M 1s
1776313633,,ui,error,==> control.amazon-ebs.ubuntu:  81800K .......... .......... .......... .......... .......... 80%  227M 1s
1776313633,,ui,error,==> control.amazon-ebs.ubuntu:  81850K .......... .......... .......... .......... .......... 80%  253M 1s
1776313633,,ui,error,==> control.amazon-ebs.ubuntu:  81900K .......... .......... .......... .......... .......... 80%  167M 1s
1776313633,,ui,error,==> control.amazon-ebs.ubuntu:  81950K .......... .......... .......... .......... .......... 80%  198M 1s
1776313633,,ui,error,==> control.amazon-ebs.ubuntu:  82000K .......... .......... .......... .......... .......... 80%  265M 1s
1776313633,,ui,error,==> control.amazon-ebs.ubuntu:  82050K .......... .......... .......... .......... .......... 80%  250M 1s
1776313633,,ui,error,==> control.amazon-ebs.ubuntu:  82100K .......... .......... .......... .......... .......... 80%  247M 1s
1776313633,,ui,error,==> control.amazon-ebs.ubuntu:  82150K .......... .......... .......... .......... .......... 80%  185M 1s
1776313633,,ui,error,==> control.amazon-ebs.ubuntu:  82200K .......... .......... .......... .......... .......... 80%  234M 1s
1776313633,,ui,error,==> control.amazon-ebs.ubuntu:  82250K .......... .......... .......... .......... .......... 80%  240M 1s
1776313633,,ui,error,==> control.amazon-ebs.ubuntu:  82300K .......... .......... .......... .......... .......... 80%  249M 1s
1776313633,,ui,error,==> control.amazon-ebs.ubuntu:  82350K .......... .......... .......... .......... .......... 80%  184M 1s
1776313633,,ui,error,==> control.amazon-ebs.ubuntu:  82400K .......... .......... .......... .......... .......... 80%  231M 1s
1776313633,,ui,error,==> control.amazon-ebs.ubuntu:  82450K .......... .......... .......... .......... .......... 80%  236M 1s
1776313633,,ui,error,==> control.amazon-ebs.ubuntu:  82500K .......... .......... .......... .......... .......... 80%  233M 1s
1776313633,,ui,error,==> control.amazon-ebs.ubuntu:  82550K .......... .......... .......... .......... .......... 80%  213M 1s
1776313633,,ui,error,==> control.amazon-ebs.ubuntu:  82600K .......... .......... .......... .......... .......... 80%  209M 1s
1776313633,,ui,error,==> control.amazon-ebs.ubuntu:  82650K .......... .......... .......... .......... .......... 80%  246M 1s
1776313633,,ui,error,==> control.amazon-ebs.ubuntu:  82700K .......... .......... .......... .......... .......... 80%  239M 1s
1776313633,,ui,error,==> control.amazon-ebs.ubuntu:  82750K .......... .......... .......... .......... .......... 81%  203M 1s
1776313633,,ui,error,==> control.amazon-ebs.ubuntu:  82800K .......... .......... .......... .......... .......... 81%  244M 1s
1776313633,,ui,error,==> control.amazon-ebs.ubuntu:  82850K .......... .......... .......... .......... .......... 81%  218M 1s
1776313633,,ui,error,==> control.amazon-ebs.ubuntu:  82900K .......... .......... .......... .......... .......... 81%  248M 1s
1776313633,,ui,error,==> control.amazon-ebs.ubuntu:  82950K .......... .......... .......... .......... .......... 81%  215M 1s
1776313633,,ui,error,==> control.amazon-ebs.ubuntu:  83000K .......... .......... .......... .......... .......... 81%  234M 1s
1776313633,,ui,error,==> control.amazon-ebs.ubuntu:  83050K .......... .......... .......... .......... .......... 81%  240M 1s
1776313633,,ui,error,==> control.amazon-ebs.ubuntu:  83100K .......... .......... .......... .......... .......... 81%  234M 1s
1776313633,,ui,error,==> control.amazon-ebs.ubuntu:  83150K .......... .......... .......... .......... .......... 81%  200M 1s
1776313633,,ui,error,==> control.amazon-ebs.ubuntu:  83200K .......... .......... .......... .......... .......... 81%  244M 1s
1776313633,,ui,error,==> control.amazon-ebs.ubuntu:  83250K .......... .......... .......... .......... .......... 81%  246M 1s
1776313633,,ui,error,==> control.amazon-ebs.ubuntu:  83300K .......... .......... .......... .......... .......... 81%  222M 1s
1776313633,,ui,error,==> control.amazon-ebs.ubuntu:  83350K .......... .......... .......... .......... .......... 81%  214M 1s
1776313633,,ui,error,==> control.amazon-ebs.ubuntu:  83400K .......... .......... .......... .......... .......... 81%  241M 1s
1776313633,,ui,error,==> control.amazon-ebs.ubuntu:  83450K .......... .......... .......... .......... .......... 81%  244M 1s
1776313633,,ui,error,==> control.amazon-ebs.ubuntu:  83500K .......... .......... .......... .......... .......... 81%  240M 1s
1776313633,,ui,error,==> control.amazon-ebs.ubuntu:  83550K .......... .......... .......... .......... .......... 81%  186M 1s
1776313633,,ui,error,==> control.amazon-ebs.ubuntu:  83600K .......... .......... .......... .......... .......... 81%  238M 1s
1776313633,,ui,error,==> control.amazon-ebs.ubuntu:  83650K .......... .......... .......... .......... .......... 81% 40.4M 1s
1776313633,,ui,error,==> control.amazon-ebs.ubuntu:  83700K .......... .......... .......... .......... .......... 81% 33.1M 1s
1776313633,,ui,error,==> control.amazon-ebs.ubuntu:  83750K .......... .......... .......... .......... .......... 81%  185M 1s
1776313633,,ui,error,==> control.amazon-ebs.ubuntu:  83800K .......... .......... .......... .......... .......... 82% 73.7M 1s
1776313633,,ui,error,==> control.amazon-ebs.ubuntu:  83850K .......... .......... .......... .......... .......... 82% 80.0M 1s
1776313633,,ui,error,==> control.amazon-ebs.ubuntu:  83900K .......... .......... .......... .......... .......... 82% 79.5M 1s
1776313633,,ui,error,==> control.amazon-ebs.ubuntu:  83950K .......... .......... .......... .......... .......... 82% 86.6M 1s
1776313633,,ui,error,==> control.amazon-ebs.ubuntu:  84000K .......... .......... .......... .......... .......... 82%  220M 1s
1776313633,,ui,error,==> control.amazon-ebs.ubuntu:  84050K .......... .......... .......... .......... .......... 82%  146M 1s
1776313633,,ui,error,==> control.amazon-ebs.ubuntu:  84100K .......... .......... .......... .......... .......... 82%  120M 1s
1776313633,,ui,error,==> control.amazon-ebs.ubuntu:  84150K .......... .......... .......... .......... .......... 82%  113M 1s
1776313633,,ui,error,==> control.amazon-ebs.ubuntu:  84200K .......... .......... .......... .......... .......... 82%  231M 1s
1776313633,,ui,error,==> control.amazon-ebs.ubuntu:  84250K .......... .......... .......... .......... .......... 82%  248M 1s
1776313633,,ui,error,==> control.amazon-ebs.ubuntu:  84300K .......... .......... .......... .......... .......... 82%  259M 1s
1776313633,,ui,error,==> control.amazon-ebs.ubuntu:  84350K .......... .......... .......... .......... .......... 82%  203M 1s
1776313633,,ui,error,==> control.amazon-ebs.ubuntu:  84400K .......... .......... .......... .......... .......... 82%  248M 1s
1776313633,,ui,error,==> control.amazon-ebs.ubuntu:  84450K .......... .......... .......... .......... .......... 82%  274M 1s
1776313633,,ui,error,==> control.amazon-ebs.ubuntu:  84500K .......... .......... .......... .......... .......... 82%  257M 0s
1776313633,,ui,error,==> control.amazon-ebs.ubuntu:  84550K .......... .......... .......... .......... .......... 82%  221M 0s
1776313633,,ui,error,==> control.amazon-ebs.ubuntu:  84600K .......... .......... .......... .......... .......... 82%  242M 0s
1776313633,,ui,error,==> control.amazon-ebs.ubuntu:  84650K .......... .......... .......... .......... .......... 82%  246M 0s
1776313633,,ui,error,==> control.amazon-ebs.ubuntu:  84700K .......... .......... .......... .......... .......... 82%  271M 0s
1776313633,,ui,error,==> control.amazon-ebs.ubuntu:  84750K .......... .......... .......... .......... .......... 82%  213M 0s
1776313633,,ui,error,==> control.amazon-ebs.ubuntu:  84800K .......... .......... .......... .......... .......... 83%  268M 0s
1776313633,,ui,error,==> control.amazon-ebs.ubuntu:  84850K .......... .......... .......... .......... .......... 83%  223M 0s
1776313633,,ui,error,==> control.amazon-ebs.ubuntu:  84900K .......... .......... .......... .......... .......... 83%  255M 0s
1776313633,,ui,error,==> control.amazon-ebs.ubuntu:  84950K .......... .......... .......... .......... .......... 83%  224M 0s
1776313633,,ui,error,==> control.amazon-ebs.ubuntu:  85000K .......... .......... .......... .......... .......... 83%  236M 0s
1776313633,,ui,error,==> control.amazon-ebs.ubuntu:  85050K .......... .......... .......... .......... .......... 83%  260M 0s
1776313633,,ui,error,==> control.amazon-ebs.ubuntu:  85100K .......... .......... .......... .......... .......... 83%  826K 0s
1776313633,,ui,error,==> control.amazon-ebs.ubuntu:  85150K .......... .......... .......... .......... .......... 83%  219M 0s
1776313633,,ui,error,==> control.amazon-ebs.ubuntu:  85200K .......... .......... .......... .......... .......... 83%  278M 0s
1776313633,,ui,error,==> control.amazon-ebs.ubuntu:  85250K .......... .......... .......... .......... .......... 83%  237M 0s
1776313633,,ui,error,==> control.amazon-ebs.ubuntu:  85300K .......... .......... .......... .......... .......... 83%  205M 0s
1776313633,,ui,error,==> control.amazon-ebs.ubuntu:  85350K .......... .......... .......... .......... .......... 83%  227M 0s
1776313633,,ui,error,==> control.amazon-ebs.ubuntu:  85400K .......... .......... .......... .......... .......... 83%  231M 0s
1776313633,,ui,error,==> control.amazon-ebs.ubuntu:  85450K .......... .......... .......... .......... .......... 83%  271M 0s
1776313633,,ui,error,==> control.amazon-ebs.ubuntu:  85500K .......... .......... .......... .......... .......... 83%  205M 0s
1776313633,,ui,error,==> control.amazon-ebs.ubuntu:  85550K .......... .......... .......... .......... .......... 83%  201M 0s
1776313633,,ui,error,==> control.amazon-ebs.ubuntu:  85600K .......... .......... .......... .......... .......... 83%  116M 0s
1776313633,,ui,error,==> control.amazon-ebs.ubuntu:  85650K .......... .......... .......... .......... .......... 83%  230M 0s
1776313633,,ui,error,==> control.amazon-ebs.ubuntu:  85700K .......... .......... .......... .......... .......... 83%  221M 0s
1776313633,,ui,error,==> control.amazon-ebs.ubuntu:  85750K .......... .......... .......... .......... .......... 83%  215M 0s
1776313633,,ui,error,==> control.amazon-ebs.ubuntu:  85800K .......... .......... .......... .......... .......... 83%  232M 0s
1776313633,,ui,error,==> control.amazon-ebs.ubuntu:  85850K .......... .......... .......... .......... .......... 84%  234M 0s
1776313633,,ui,error,==> control.amazon-ebs.ubuntu:  85900K .......... .......... .......... .......... .......... 84%  217M 0s
1776313633,,ui,error,==> control.amazon-ebs.ubuntu:  85950K .......... .......... .......... .......... .......... 84%  194M 0s
1776313633,,ui,error,==> control.amazon-ebs.ubuntu:  86000K .......... .......... .......... .......... .......... 84%  226M 0s
1776313633,,ui,error,==> control.amazon-ebs.ubuntu:  86050K .......... .......... .......... .......... .......... 84%  243M 0s
1776313633,,ui,error,==> control.amazon-ebs.ubuntu:  86100K .......... .......... .......... .......... .......... 84%  227M 0s
1776313633,,ui,error,==> control.amazon-ebs.ubuntu:  86150K .......... .......... .......... .......... .......... 84%  184M 0s
1776313633,,ui,error,==> control.amazon-ebs.ubuntu:  86200K .......... .......... .......... .......... .......... 84%  237M 0s
1776313633,,ui,error,==> control.amazon-ebs.ubuntu:  86250K .......... .......... .......... .......... .......... 84%  240M 0s
1776313633,,ui,error,==> control.amazon-ebs.ubuntu:  86300K .......... .......... .......... .......... .......... 84%  238M 0s
1776313633,,ui,error,==> control.amazon-ebs.ubuntu:  86350K .......... .......... .......... .......... .......... 84%  181M 0s
1776313633,,ui,error,==> control.amazon-ebs.ubuntu:  86400K .......... .......... .......... .......... .......... 84%  232M 0s
1776313633,,ui,error,==> control.amazon-ebs.ubuntu:  86450K .......... .......... .......... .......... .......... 84%  238M 0s
1776313633,,ui,error,==> control.amazon-ebs.ubuntu:  86500K .......... .......... .......... .......... .......... 84%  239M 0s
1776313633,,ui,error,==> control.amazon-ebs.ubuntu:  86550K .......... .......... .......... .......... .......... 84%  223M 0s
1776313633,,ui,error,==> control.amazon-ebs.ubuntu:  86600K .......... .......... .......... .......... .......... 84%  212M 0s
1776313633,,ui,error,==> control.amazon-ebs.ubuntu:  86650K .......... .......... .......... .......... .......... 84%  242M 0s
1776313633,,ui,error,==> control.amazon-ebs.ubuntu:  86700K .......... .......... .......... .......... .......... 84%  244M 0s
1776313633,,ui,error,==> control.amazon-ebs.ubuntu:  86750K .......... .......... .......... .......... .......... 84%  194M 0s
1776313633,,ui,error,==> control.amazon-ebs.ubuntu:  86800K .......... .......... .......... .......... .......... 84%  230M 0s
1776313633,,ui,error,==> control.amazon-ebs.ubuntu:  86850K .......... .......... .......... .......... .......... 85%  240M 0s
1776313633,,ui,error,==> control.amazon-ebs.ubuntu:  86900K .......... .......... .......... .......... .......... 85%  225M 0s
1776313633,,ui,error,==> control.amazon-ebs.ubuntu:  86950K .......... .......... .......... .......... .......... 85%  220M 0s
1776313633,,ui,error,==> control.amazon-ebs.ubuntu:  87000K .......... .......... .......... .......... .......... 85%  240M 0s
1776313633,,ui,error,==> control.amazon-ebs.ubuntu:  87050K .......... .......... .......... .......... .......... 85%  217M 0s
1776313633,,ui,error,==> control.amazon-ebs.ubuntu:  87100K .......... .......... .......... .......... .......... 85%  238M 0s
1776313633,,ui,error,==> control.amazon-ebs.ubuntu:  87150K .......... .......... .......... .......... .......... 85%  196M 0s
1776313633,,ui,error,==> control.amazon-ebs.ubuntu:  87200K .......... .......... .......... .......... .......... 85%  226M 0s
1776313633,,ui,error,==> control.amazon-ebs.ubuntu:  87250K .......... .......... .......... .......... .......... 85%  240M 0s
1776313633,,ui,error,==> control.amazon-ebs.ubuntu:  87300K .......... .......... .......... .......... .......... 85%  203M 0s
1776313633,,ui,error,==> control.amazon-ebs.ubuntu:  87350K .......... .......... .......... .......... .......... 85%  219M 0s
1776313633,,ui,error,==> control.amazon-ebs.ubuntu:  87400K .......... .......... .......... .......... .......... 85%  245M 0s
1776313633,,ui,error,==> control.amazon-ebs.ubuntu:  87450K .......... .......... .......... .......... .......... 85%  246M 0s
1776313633,,ui,error,==> control.amazon-ebs.ubuntu:  87500K .......... .......... .......... .......... .......... 85%  229M 0s
1776313634,,ui,error,==> control.amazon-ebs.ubuntu:  87550K .......... .......... .......... .......... .......... 85%  201M 0s
1776313634,,ui,error,==> control.amazon-ebs.ubuntu:  87600K .......... .......... .......... .......... .......... 85%  244M 0s
1776313634,,ui,error,==> control.amazon-ebs.ubuntu:  87650K .......... .......... .......... .......... .......... 85%  242M 0s
1776313634,,ui,error,==> control.amazon-ebs.ubuntu:  87700K .......... .......... .......... .......... .......... 85%  237M 0s
1776313634,,ui,error,==> control.amazon-ebs.ubuntu:  87750K .......... .......... .......... .......... .......... 85%  206M 0s
1776313634,,ui,error,==> control.amazon-ebs.ubuntu:  87800K .......... .......... .......... .......... .......... 85%  232M 0s
1776313634,,ui,error,==> control.amazon-ebs.ubuntu:  87850K .......... .......... .......... .......... .......... 86%  235M 0s
1776313634,,ui,error,==> control.amazon-ebs.ubuntu:  87900K .......... .......... .......... .......... .......... 86%  249M 0s
1776313634,,ui,error,==> control.amazon-ebs.ubuntu:  87950K .......... .......... .......... .......... .......... 86%  209M 0s
1776313634,,ui,error,==> control.amazon-ebs.ubuntu:  88000K .......... .......... .......... .......... .......... 86%  223M 0s
1776313634,,ui,error,==> control.amazon-ebs.ubuntu:  88050K .......... .......... .......... .......... .......... 86%  242M 0s
1776313634,,ui,error,==> control.amazon-ebs.ubuntu:  88100K .......... .......... .......... .......... .......... 86%  259M 0s
1776313634,,ui,error,==> control.amazon-ebs.ubuntu:  88150K .......... .......... .......... .......... .......... 86%  231M 0s
1776313634,,ui,error,==> control.amazon-ebs.ubuntu:  88200K .......... .......... .......... .......... .......... 86%  375M 0s
1776313634,,ui,error,==> control.amazon-ebs.ubuntu:  88250K .......... .......... .......... .......... .......... 86%  347M 0s
1776313634,,ui,error,==> control.amazon-ebs.ubuntu:  88300K .......... .......... .......... .......... .......... 86%  377M 0s
1776313634,,ui,error,==> control.amazon-ebs.ubuntu:  88350K .......... .......... .......... .......... .......... 86%  320M 0s
1776313634,,ui,error,==> control.amazon-ebs.ubuntu:  88400K .......... .......... .......... .......... .......... 86%  385M 0s
1776313634,,ui,error,==> control.amazon-ebs.ubuntu:  88450K .......... .......... .......... .......... .......... 86%  759K 0s
1776313634,,ui,error,==> control.amazon-ebs.ubuntu:  88500K .......... .......... .......... .......... .......... 86%  227M 0s
1776313634,,ui,error,==> control.amazon-ebs.ubuntu:  88550K .......... .......... .......... .......... .......... 86%  251M 0s
1776313634,,ui,error,==> control.amazon-ebs.ubuntu:  88600K .......... .......... .......... .......... .......... 86%  250M 0s
1776313634,,ui,error,==> control.amazon-ebs.ubuntu:  88650K .......... .......... .......... .......... .......... 86%  236M 0s
1776313634,,ui,error,==> control.amazon-ebs.ubuntu:  88700K .......... .......... .......... .......... .......... 86%  244M 0s
1776313634,,ui,error,==> control.amazon-ebs.ubuntu:  88750K .......... .......... .......... .......... .......... 86%  218M 0s
1776313634,,ui,error,==> control.amazon-ebs.ubuntu:  88800K .......... .......... .......... .......... .......... 86%  158M 0s
1776313634,,ui,error,==> control.amazon-ebs.ubuntu:  88850K .......... .......... .......... .......... .......... 86%  220M 0s
1776313634,,ui,error,==> control.amazon-ebs.ubuntu:  88900K .......... .......... .......... .......... .......... 87%  216M 0s
1776313634,,ui,error,==> control.amazon-ebs.ubuntu:  88950K .......... .......... .......... .......... .......... 87%  218M 0s
1776313634,,ui,error,==> control.amazon-ebs.ubuntu:  89000K .......... .......... .......... .......... .......... 87%  251M 0s
1776313634,,ui,error,==> control.amazon-ebs.ubuntu:  89050K .......... .......... .......... .......... .......... 87%  262M 0s
1776313634,,ui,error,==> control.amazon-ebs.ubuntu:  89100K .......... .......... .......... .......... .......... 87%  201M 0s
1776313634,,ui,error,==> control.amazon-ebs.ubuntu:  89150K .......... .......... .......... .......... .......... 87%  193M 0s
1776313634,,ui,error,==> control.amazon-ebs.ubuntu:  89200K .......... .......... .......... .......... .......... 87%  240M 0s
1776313634,,ui,error,==> control.amazon-ebs.ubuntu:  89250K .......... .......... .......... .......... .......... 87%  231M 0s
1776313634,,ui,error,==> control.amazon-ebs.ubuntu:  89300K .......... .......... .......... .......... .......... 87% 49.5M 0s
1776313634,,ui,error,==> control.amazon-ebs.ubuntu:  89350K .......... .......... .......... .......... .......... 87% 25.3M 0s
1776313634,,ui,error,==> control.amazon-ebs.ubuntu:  89400K .......... .......... .......... .......... .......... 87% 21.8M 0s
1776313634,,ui,error,==> control.amazon-ebs.ubuntu:  89450K .......... .......... .......... .......... .......... 87%  220M 0s
1776313634,,ui,error,==> control.amazon-ebs.ubuntu:  89500K .......... .......... .......... .......... .......... 87% 23.1M 0s
1776313634,,ui,error,==> control.amazon-ebs.ubuntu:  89550K .......... .......... .......... .......... .......... 87% 23.5M 0s
1776313634,,ui,error,==> control.amazon-ebs.ubuntu:  89600K .......... .......... .......... .......... .......... 87% 36.3M 0s
1776313634,,ui,error,==> control.amazon-ebs.ubuntu:  89650K .......... .......... .......... .......... .......... 87% 44.6M 0s
1776313634,,ui,error,==> control.amazon-ebs.ubuntu:  89700K .......... .......... .......... .......... .......... 87% 72.7M 0s
1776313634,,ui,error,==> control.amazon-ebs.ubuntu:  89750K .......... .......... .......... .......... .......... 87%  202M 0s
1776313634,,ui,error,==> control.amazon-ebs.ubuntu:  89800K .......... .......... .......... .......... .......... 87%  119M 0s
1776313634,,ui,error,==> control.amazon-ebs.ubuntu:  89850K .......... .......... .......... .......... .......... 87%  135M 0s
1776313634,,ui,error,==> control.amazon-ebs.ubuntu:  89900K .......... .......... .......... .......... .......... 88%  123M 0s
1776313634,,ui,error,==> control.amazon-ebs.ubuntu:  89950K .......... .......... .......... .......... .......... 88%  125M 0s
1776313634,,ui,error,==> control.amazon-ebs.ubuntu:  90000K .......... .......... .......... .......... .......... 88%  197M 0s
1776313634,,ui,error,==> control.amazon-ebs.ubuntu:  90050K .......... .......... .......... .......... .......... 88%  163M 0s
1776313634,,ui,error,==> control.amazon-ebs.ubuntu:  90100K .......... .......... .......... .......... .......... 88%  255M 0s
1776313634,,ui,error,==> control.amazon-ebs.ubuntu:  90150K .......... .......... .......... .......... .......... 88%  198M 0s
1776313634,,ui,error,==> control.amazon-ebs.ubuntu:  90200K .......... .......... .......... .......... .......... 88%  248M 0s
1776313634,,ui,error,==> control.amazon-ebs.ubuntu:  90250K .......... .......... .......... .......... .......... 88%  201M 0s
1776313634,,ui,error,==> control.amazon-ebs.ubuntu:  90300K .......... .......... .......... .......... .......... 88%  161M 0s
1776313634,,ui,error,==> control.amazon-ebs.ubuntu:  90350K .......... .......... .......... .......... .......... 88%  208M 0s
1776313634,,ui,error,==> control.amazon-ebs.ubuntu:  90400K .......... .......... .......... .......... .......... 88%  232M 0s
1776313634,,ui,error,==> control.amazon-ebs.ubuntu:  90450K .......... .......... .......... .......... .......... 88%  291M 0s
1776313634,,ui,error,==> control.amazon-ebs.ubuntu:  90500K .......... .......... .......... .......... .......... 88%  238M 0s
1776313634,,ui,error,==> control.amazon-ebs.ubuntu:  90550K .......... .......... .......... .......... .......... 88%  215M 0s
1776313634,,ui,error,==> control.amazon-ebs.ubuntu:  90600K .......... .......... .......... .......... .......... 88%  242M 0s
1776313634,,ui,error,==> control.amazon-ebs.ubuntu:  90650K .......... .......... .......... .......... .......... 88%  244M 0s
1776313634,,ui,error,==> control.amazon-ebs.ubuntu:  90700K .......... .......... .......... .......... .......... 88%  247M 0s
1776313634,,ui,error,==> control.amazon-ebs.ubuntu:  90750K .......... .......... .......... .......... .......... 88%  211M 0s
1776313634,,ui,error,==> control.amazon-ebs.ubuntu:  90800K .......... .......... .......... .......... .......... 88%  228M 0s
1776313634,,ui,error,==> control.amazon-ebs.ubuntu:  90850K .......... .......... .......... .......... .......... 88%  243M 0s
1776313634,,ui,error,==> control.amazon-ebs.ubuntu:  90900K .......... .......... .......... .......... .......... 88%  252M 0s
1776313634,,ui,error,==> control.amazon-ebs.ubuntu:  90950K .......... .......... .......... .......... .......... 89%  218M 0s
1776313634,,ui,error,==> control.amazon-ebs.ubuntu:  91000K .......... .......... .......... .......... .......... 89%  243M 0s
1776313634,,ui,error,==> control.amazon-ebs.ubuntu:  91050K .......... .......... .......... .......... .......... 89%  236M 0s
1776313634,,ui,error,==> control.amazon-ebs.ubuntu:  91100K .......... .......... .......... .......... .......... 89%  218M 0s
1776313634,,ui,error,==> control.amazon-ebs.ubuntu:  91150K .......... .......... .......... .......... .......... 89%  209M 0s
1776313634,,ui,error,==> control.amazon-ebs.ubuntu:  91200K .......... .......... .......... .......... .......... 89%  268M 0s
1776313634,,ui,error,==> control.amazon-ebs.ubuntu:  91250K .......... .......... .......... .......... .......... 89%  134M 0s
1776313634,,ui,error,==> control.amazon-ebs.ubuntu:  91300K .......... .......... .......... .......... .......... 89%  257M 0s
1776313634,,ui,error,==> control.amazon-ebs.ubuntu:  91350K .......... .......... .......... .......... .......... 89%  225M 0s
1776313634,,ui,error,==> control.amazon-ebs.ubuntu:  91400K .......... .......... .......... .......... .......... 89%  277M 0s
1776313634,,ui,error,==> control.amazon-ebs.ubuntu:  91450K .......... .......... .......... .......... .......... 89%  236M 0s
1776313634,,ui,error,==> control.amazon-ebs.ubuntu:  91500K .......... .......... .......... .......... .......... 89%  196M 0s
1776313634,,ui,error,==> control.amazon-ebs.ubuntu:  91550K .......... .......... .......... .......... .......... 89%  202M 0s
1776313634,,ui,error,==> control.amazon-ebs.ubuntu:  91600K .......... .......... .......... .......... .......... 89%  269M 0s
1776313634,,ui,error,==> control.amazon-ebs.ubuntu:  91650K .......... .......... .......... .......... .......... 89%  247M 0s
1776313634,,ui,error,==> control.amazon-ebs.ubuntu:  91700K .......... .......... .......... .......... .......... 89%  248M 0s
1776313634,,ui,error,==> control.amazon-ebs.ubuntu:  91750K .......... .......... .......... .......... .......... 89%  214M 0s
1776313634,,ui,error,==> control.amazon-ebs.ubuntu:  91800K .......... .......... .......... .......... .......... 89%  267M 0s
1776313634,,ui,error,==> control.amazon-ebs.ubuntu:  91850K .......... .......... .......... .......... .......... 89%  268M 0s
1776313634,,ui,error,==> control.amazon-ebs.ubuntu:  91900K .......... .......... .......... .......... .......... 89%  250M 0s
1776313634,,ui,error,==> control.amazon-ebs.ubuntu:  91950K .......... .......... .......... .......... .......... 90%  214M 0s
1776313634,,ui,error,==> control.amazon-ebs.ubuntu:  92000K .......... .......... .......... .......... .......... 90%  250M 0s
1776313634,,ui,error,==> control.amazon-ebs.ubuntu:  92050K .......... .......... .......... .......... .......... 90%  270M 0s
1776313634,,ui,error,==> control.amazon-ebs.ubuntu:  92100K .......... .......... .......... .......... .......... 90%  254M 0s
1776313634,,ui,error,==> control.amazon-ebs.ubuntu:  92150K .......... .......... .......... .......... .......... 90%  248M 0s
1776313634,,ui,error,==> control.amazon-ebs.ubuntu:  92200K .......... .......... .......... .......... .......... 90%  952K 0s
1776313634,,ui,error,==> control.amazon-ebs.ubuntu:  92250K .......... .......... .......... .......... .......... 90%  220M 0s
1776313634,,ui,error,==> control.amazon-ebs.ubuntu:  92300K .......... .......... .......... .......... .......... 90%  258M 0s
1776313634,,ui,error,==> control.amazon-ebs.ubuntu:  92350K .......... .......... .......... .......... .......... 90%  209M 0s
1776313634,,ui,error,==> control.amazon-ebs.ubuntu:  92400K .......... .......... .......... .......... .......... 90%  218M 0s
1776313634,,ui,error,==> control.amazon-ebs.ubuntu:  92450K .......... .......... .......... .......... .......... 90%  272M 0s
1776313634,,ui,error,==> control.amazon-ebs.ubuntu:  92500K .......... .......... .......... .......... .......... 90%  174M 0s
1776313634,,ui,error,==> control.amazon-ebs.ubuntu:  92550K .......... .......... .......... .......... .......... 90%  208M 0s
1776313634,,ui,error,==> control.amazon-ebs.ubuntu:  92600K .......... .......... .......... .......... .......... 90%  225M 0s
1776313634,,ui,error,==> control.amazon-ebs.ubuntu:  92650K .......... .......... .......... .......... .......... 90%  233M 0s
1776313634,,ui,error,==> control.amazon-ebs.ubuntu:  92700K .......... .......... .......... .......... .......... 90%  236M 0s
1776313634,,ui,error,==> control.amazon-ebs.ubuntu:  92750K .......... .......... .......... .......... .......... 90%  192M 0s
1776313634,,ui,error,==> control.amazon-ebs.ubuntu:  92800K .......... .......... .......... .......... .......... 90%  248M 0s
1776313634,,ui,error,==> control.amazon-ebs.ubuntu:  92850K .......... .......... .......... .......... .......... 90%  227M 0s
1776313634,,ui,error,==> control.amazon-ebs.ubuntu:  92900K .......... .......... .......... .......... .......... 90%  210M 0s
1776313634,,ui,error,==> control.amazon-ebs.ubuntu:  92950K .......... .......... .......... .......... .......... 90%  198M 0s
1776313634,,ui,error,==> control.amazon-ebs.ubuntu:  93000K .......... .......... .......... .......... .......... 91%  222M 0s
1776313634,,ui,error,==> control.amazon-ebs.ubuntu:  93050K .......... .......... .......... .......... .......... 91%  158M 0s
1776313634,,ui,error,==> control.amazon-ebs.ubuntu:  93100K .......... .......... .......... .......... .......... 91%  234M 0s
1776313634,,ui,error,==> control.amazon-ebs.ubuntu:  93150K .......... .......... .......... .......... .......... 91%  186M 0s
1776313634,,ui,error,==> control.amazon-ebs.ubuntu:  93200K .......... .......... .......... .......... .......... 91%  233M 0s
1776313634,,ui,error,==> control.amazon-ebs.ubuntu:  93250K .......... .......... .......... .......... .......... 91%  221M 0s
1776313634,,ui,error,==> control.amazon-ebs.ubuntu:  93300K .......... .......... .......... .......... .......... 91%  238M 0s
1776313634,,ui,error,==> control.amazon-ebs.ubuntu:  93350K .......... .......... .......... .......... .......... 91%  217M 0s
1776313634,,ui,error,==> control.amazon-ebs.ubuntu:  93400K .......... .......... .......... .......... .......... 91%  239M 0s
1776313634,,ui,error,==> control.amazon-ebs.ubuntu:  93450K .......... .......... .......... .......... .......... 91%  249M 0s
1776313634,,ui,error,==> control.amazon-ebs.ubuntu:  93500K .......... .......... .......... .......... .......... 91%  212M 0s
1776313634,,ui,error,==> control.amazon-ebs.ubuntu:  93550K .......... .......... .......... .......... .......... 91%  199M 0s
1776313634,,ui,error,==> control.amazon-ebs.ubuntu:  93600K .......... .......... .......... .......... .......... 91%  234M 0s
1776313634,,ui,error,==> control.amazon-ebs.ubuntu:  93650K .......... .......... .......... .......... .......... 91%  254M 0s
1776313634,,ui,error,==> control.amazon-ebs.ubuntu:  93700K .......... .......... .......... .......... .......... 91%  225M 0s
1776313634,,ui,error,==> control.amazon-ebs.ubuntu:  93750K .......... .......... .......... .......... .......... 91%  206M 0s
1776313634,,ui,error,==> control.amazon-ebs.ubuntu:  93800K .......... .......... .......... .......... .......... 91%  238M 0s
1776313634,,ui,error,==> control.amazon-ebs.ubuntu:  93850K .......... .......... .......... .......... .......... 91%  245M 0s
1776313634,,ui,error,==> control.amazon-ebs.ubuntu:  93900K .......... .......... .......... .......... .......... 91%  235M 0s
1776313634,,ui,error,==> control.amazon-ebs.ubuntu:  93950K .......... .......... .......... .......... .......... 91%  180M 0s
1776313634,,ui,error,==> control.amazon-ebs.ubuntu:  94000K .......... .......... .......... .......... .......... 92%  237M 0s
1776313634,,ui,error,==> control.amazon-ebs.ubuntu:  94050K .......... .......... .......... .......... .......... 92%  245M 0s
1776313634,,ui,error,==> control.amazon-ebs.ubuntu:  94100K .......... .......... .......... .......... .......... 92%  255M 0s
1776313634,,ui,error,==> control.amazon-ebs.ubuntu:  94150K .......... .......... .......... .......... .......... 92%  218M 0s
1776313634,,ui,error,==> control.amazon-ebs.ubuntu:  94200K .......... .......... .......... .......... .......... 92%  205M 0s
1776313634,,ui,error,==> control.amazon-ebs.ubuntu:  94250K .......... .......... .......... .......... .......... 92%  240M 0s
1776313634,,ui,error,==> control.amazon-ebs.ubuntu:  94300K .......... .......... .......... .......... .......... 92%  247M 0s
1776313634,,ui,error,==> control.amazon-ebs.ubuntu:  94350K .......... .......... .......... .......... .......... 92%  212M 0s
1776313634,,ui,error,==> control.amazon-ebs.ubuntu:  94400K .......... .......... .......... .......... .......... 92%  222M 0s
1776313634,,ui,error,==> control.amazon-ebs.ubuntu:  94450K .......... .......... .......... .......... .......... 92%  243M 0s
1776313634,,ui,error,==> control.amazon-ebs.ubuntu:  94500K .......... .......... .......... .......... .......... 92%  249M 0s
1776313634,,ui,error,==> control.amazon-ebs.ubuntu:  94550K .......... .......... .......... .......... .......... 92%  219M 0s
1776313634,,ui,error,==> control.amazon-ebs.ubuntu:  94600K .......... .......... .......... .......... .......... 92%  240M 0s
1776313634,,ui,error,==> control.amazon-ebs.ubuntu:  94650K .......... .......... .......... .......... .......... 92%  234M 0s
1776313634,,ui,error,==> control.amazon-ebs.ubuntu:  94700K .......... .......... .......... .......... .......... 92%  250M 0s
1776313634,,ui,error,==> control.amazon-ebs.ubuntu:  94750K .......... .......... .......... .......... .......... 92%  208M 0s
1776313634,,ui,error,==> control.amazon-ebs.ubuntu:  94800K .......... .......... .......... .......... .......... 92%  241M 0s
1776313634,,ui,error,==> control.amazon-ebs.ubuntu:  94850K .......... .......... .......... .......... .......... 92%  248M 0s
1776313634,,ui,error,==> control.amazon-ebs.ubuntu:  94900K .......... .......... .......... .......... .......... 92%  228M 0s
1776313634,,ui,error,==> control.amazon-ebs.ubuntu:  94950K .......... .......... .......... .......... .......... 92%  234M 0s
1776313634,,ui,error,==> control.amazon-ebs.ubuntu:  95000K .......... .......... .......... .......... .......... 92%  234M 0s
1776313634,,ui,error,==> control.amazon-ebs.ubuntu:  95050K .......... .......... .......... .......... .......... 93%  249M 0s
1776313634,,ui,error,==> control.amazon-ebs.ubuntu:  95100K .......... .......... .......... .......... .......... 93%  233M 0s
1776313634,,ui,error,==> control.amazon-ebs.ubuntu:  95150K .......... .......... .......... .......... .......... 93%  196M 0s
1776313634,,ui,error,==> control.amazon-ebs.ubuntu:  95200K .......... .......... .......... .......... .......... 93%  254M 0s
1776313634,,ui,error,==> control.amazon-ebs.ubuntu:  95250K .......... .......... .......... .......... .......... 93%  246M 0s
1776313634,,ui,error,==> control.amazon-ebs.ubuntu:  95300K .......... .......... .......... .......... .......... 93%  258M 0s
1776313634,,ui,error,==> control.amazon-ebs.ubuntu:  95350K .......... .......... .......... .......... .......... 93%  224M 0s
1776313634,,ui,error,==> control.amazon-ebs.ubuntu:  95400K .......... .......... .......... .......... .......... 93%  242M 0s
1776313634,,ui,error,==> control.amazon-ebs.ubuntu:  95450K .......... .......... .......... .......... .......... 93%  253M 0s
1776313634,,ui,error,==> control.amazon-ebs.ubuntu:  95500K .......... .......... .......... .......... .......... 93%  264M 0s
1776313634,,ui,error,==> control.amazon-ebs.ubuntu:  95550K .......... .......... .......... .......... .......... 93%  218M 0s
1776313634,,ui,error,==> control.amazon-ebs.ubuntu:  95600K .......... .......... .......... .......... .......... 93%  255M 0s
1776313634,,ui,error,==> control.amazon-ebs.ubuntu:  95650K .......... .......... .......... .......... .......... 93%  231M 0s
1776313634,,ui,error,==> control.amazon-ebs.ubuntu:  95700K .......... .......... .......... .......... .......... 93%  266M 0s
1776313634,,ui,error,==> control.amazon-ebs.ubuntu:  95750K .......... .......... .......... .......... .......... 93%  228M 0s
1776313634,,ui,error,==> control.amazon-ebs.ubuntu:  95800K .......... .......... .......... .......... .......... 93%  262M 0s
1776313634,,ui,error,==> control.amazon-ebs.ubuntu:  95850K .......... .......... .......... .......... .......... 93%  250M 0s
1776313634,,ui,error,==> control.amazon-ebs.ubuntu:  95900K .......... .......... .......... .......... .......... 93%  292M 0s
1776313634,,ui,error,==> control.amazon-ebs.ubuntu:  95950K .......... .......... .......... .......... .......... 93%  315M 0s
1776313634,,ui,error,==> control.amazon-ebs.ubuntu:  96000K .......... .......... .......... .......... .......... 93%  389M 0s
1776313634,,ui,error,==> control.amazon-ebs.ubuntu:  96050K .......... .......... .......... .......... .......... 94%  391M 0s
1776313634,,ui,error,==> control.amazon-ebs.ubuntu:  96100K .......... .......... .......... .......... .......... 94%  392M 0s
1776313634,,ui,error,==> control.amazon-ebs.ubuntu:  96150K .......... .......... .......... .......... .......... 94%  340M 0s
1776313634,,ui,error,==> control.amazon-ebs.ubuntu:  96200K .......... .......... .......... .......... .......... 94%  383M 0s
1776313634,,ui,error,==> control.amazon-ebs.ubuntu:  96250K .......... .......... .......... .......... .......... 94%  346M 0s
1776313634,,ui,error,==> control.amazon-ebs.ubuntu:  96300K .......... .......... .......... .......... .......... 94%  381M 0s
1776313634,,ui,error,==> control.amazon-ebs.ubuntu:  96350K .......... .......... .......... .......... .......... 94%  329M 0s
1776313634,,ui,error,==> control.amazon-ebs.ubuntu:  96400K .......... .......... .......... .......... .......... 94%  391M 0s
1776313634,,ui,error,==> control.amazon-ebs.ubuntu:  96450K .......... .......... .......... .......... .......... 94%  396M 0s
1776313634,,ui,error,==> control.amazon-ebs.ubuntu:  96500K .......... .......... .......... .......... .......... 94%  385M 0s
1776313634,,ui,error,==> control.amazon-ebs.ubuntu:  96550K .......... .......... .......... .......... .......... 94%  360M 0s
1776313634,,ui,error,==> control.amazon-ebs.ubuntu:  96600K .......... .......... .......... .......... .......... 94%  394M 0s
1776313634,,ui,error,==> control.amazon-ebs.ubuntu:  96650K .......... .......... .......... .......... .......... 94%  365M 0s
1776313634,,ui,error,==> control.amazon-ebs.ubuntu:  96700K .......... .......... .......... .......... .......... 94%  322M 0s
1776313634,,ui,error,==> control.amazon-ebs.ubuntu:  96750K .......... .......... .......... .......... .......... 94%  386M 0s
1776313634,,ui,error,==> control.amazon-ebs.ubuntu:  96800K .......... .......... .......... .......... .......... 94%  395M 0s
1776313634,,ui,error,==> control.amazon-ebs.ubuntu:  96850K .......... .......... .......... .......... .......... 94%  377M 0s
1776313634,,ui,error,==> control.amazon-ebs.ubuntu:  96900K .......... .......... .......... .......... .......... 94%  357M 0s
1776313634,,ui,error,==> control.amazon-ebs.ubuntu:  96950K .......... .......... .......... .......... .......... 94%  379M 0s
1776313634,,ui,error,==> control.amazon-ebs.ubuntu:  97000K .......... .......... .......... .......... .......... 94%  358M 0s
1776313634,,ui,error,==> control.amazon-ebs.ubuntu:  97050K .......... .......... .......... .......... .......... 95%  398M 0s
1776313634,,ui,error,==> control.amazon-ebs.ubuntu:  97100K .......... .......... .......... .......... .......... 95%  816K 0s
1776313634,,ui,error,==> control.amazon-ebs.ubuntu:  97150K .......... .......... .......... .......... .......... 95%  289M 0s
1776313634,,ui,error,==> control.amazon-ebs.ubuntu:  97200K .......... .......... .......... .......... .......... 95%  239M 0s
1776313634,,ui,error,==> control.amazon-ebs.ubuntu:  97250K .......... .......... .......... .......... .......... 95%  229M 0s
1776313634,,ui,error,==> control.amazon-ebs.ubuntu:  97300K .......... .......... .......... .......... .......... 95%  230M 0s
1776313634,,ui,error,==> control.amazon-ebs.ubuntu:  97350K .......... .......... .......... .......... .......... 95%  262M 0s
1776313634,,ui,error,==> control.amazon-ebs.ubuntu:  97400K .......... .......... .......... .......... .......... 95%  260M 0s
1776313634,,ui,error,==> control.amazon-ebs.ubuntu:  97450K .......... .......... .......... .......... .......... 95%  249M 0s
1776313634,,ui,error,==> control.amazon-ebs.ubuntu:  97500K .......... .......... .......... .......... .......... 95%  182M 0s
1776313634,,ui,error,==> control.amazon-ebs.ubuntu:  97550K .......... .......... .......... .......... .......... 95%  247M 0s
1776313634,,ui,error,==> control.amazon-ebs.ubuntu:  97600K .......... .......... .......... .......... .......... 95%  251M 0s
1776313634,,ui,error,==> control.amazon-ebs.ubuntu:  97650K .......... .......... .......... .......... .......... 95%  234M 0s
1776313634,,ui,error,==> control.amazon-ebs.ubuntu:  97700K .......... .......... .......... .......... .......... 95%  219M 0s
1776313634,,ui,error,==> control.amazon-ebs.ubuntu:  97750K .......... .......... .......... .......... .......... 95%  223M 0s
1776313634,,ui,error,==> control.amazon-ebs.ubuntu:  97800K .......... .......... .......... .......... .......... 95%  232M 0s
1776313634,,ui,error,==> control.amazon-ebs.ubuntu:  97850K .......... .......... .......... .......... .......... 95%  237M 0s
1776313634,,ui,error,==> control.amazon-ebs.ubuntu:  97900K .......... .......... .......... .......... .......... 95%  128M 0s
1776313634,,ui,error,==> control.amazon-ebs.ubuntu:  97950K .......... .......... .......... .......... .......... 95% 30.4M 0s
1776313634,,ui,error,==> control.amazon-ebs.ubuntu:  98000K .......... .......... .......... .......... .......... 95% 18.1M 0s
1776313634,,ui,error,==> control.amazon-ebs.ubuntu:  98050K .......... .......... .......... .......... .......... 95% 24.7M 0s
1776313634,,ui,error,==> control.amazon-ebs.ubuntu:  98100K .......... .......... .......... .......... .......... 96%  193M 0s
1776313634,,ui,error,==> control.amazon-ebs.ubuntu:  98150K .......... .......... .......... .......... .......... 96% 24.5M 0s
1776313634,,ui,error,==> control.amazon-ebs.ubuntu:  98200K .......... .......... .......... .......... .......... 96% 32.8M 0s
1776313634,,ui,error,==> control.amazon-ebs.ubuntu:  98250K .......... .......... .......... .......... .......... 96% 43.7M 0s
1776313634,,ui,error,==> control.amazon-ebs.ubuntu:  98300K .......... .......... .......... .......... .......... 96% 59.8M 0s
1776313634,,ui,error,==> control.amazon-ebs.ubuntu:  98350K .......... .......... .......... .......... .......... 96%  109M 0s
1776313634,,ui,error,==> control.amazon-ebs.ubuntu:  98400K .......... .......... .......... .......... .......... 96%  177M 0s
1776313634,,ui,error,==> control.amazon-ebs.ubuntu:  98450K .......... .......... .......... .......... .......... 96%  125M 0s
1776313634,,ui,error,==> control.amazon-ebs.ubuntu:  98500K .......... .......... .......... .......... .......... 96%  137M 0s
1776313634,,ui,error,==> control.amazon-ebs.ubuntu:  98550K .......... .......... .......... .......... .......... 96%  229M 0s
1776313634,,ui,error,==> control.amazon-ebs.ubuntu:  98600K .......... .......... .......... .......... .......... 96%  178M 0s
1776313634,,ui,error,==> control.amazon-ebs.ubuntu:  98650K .......... .......... .......... .......... .......... 96%  188M 0s
1776313634,,ui,error,==> control.amazon-ebs.ubuntu:  98700K .......... .......... .......... .......... .......... 96%  225M 0s
1776313634,,ui,error,==> control.amazon-ebs.ubuntu:  98750K .......... .......... .......... .......... .......... 96%  260M 0s
1776313634,,ui,error,==> control.amazon-ebs.ubuntu:  98800K .......... .......... .......... .......... .......... 96%  269M 0s
1776313634,,ui,error,==> control.amazon-ebs.ubuntu:  98850K .......... .......... .......... .......... .......... 96%  261M 0s
1776313634,,ui,error,==> control.amazon-ebs.ubuntu:  98900K .......... .......... .......... .......... .......... 96%  224M 0s
1776313634,,ui,error,==> control.amazon-ebs.ubuntu:  98950K .......... .......... .......... .......... .......... 96%  250M 0s
1776313634,,ui,error,==> control.amazon-ebs.ubuntu:  99000K .......... .......... .......... .......... .......... 96%  249M 0s
1776313634,,ui,error,==> control.amazon-ebs.ubuntu:  99050K .......... .......... .......... .......... .......... 96%  260M 0s
1776313634,,ui,error,==> control.amazon-ebs.ubuntu:  99100K .......... .......... .......... .......... .......... 97%  213M 0s
1776313634,,ui,error,==> control.amazon-ebs.ubuntu:  99150K .......... .......... .......... .......... .......... 97%  132M 0s
1776313634,,ui,error,==> control.amazon-ebs.ubuntu:  99200K .......... .......... .......... .......... .......... 97%  245M 0s
1776313634,,ui,error,==> control.amazon-ebs.ubuntu:  99250K .......... .......... .......... .......... .......... 97%  261M 0s
1776313634,,ui,error,==> control.amazon-ebs.ubuntu:  99300K .......... .......... .......... .......... .......... 97%  228M 0s
1776313634,,ui,error,==> control.amazon-ebs.ubuntu:  99350K .......... .......... .......... .......... .......... 97%  244M 0s
1776313634,,ui,error,==> control.amazon-ebs.ubuntu:  99400K .......... .......... .......... .......... .......... 97%  255M 0s
1776313634,,ui,error,==> control.amazon-ebs.ubuntu:  99450K .......... .......... .......... .......... .......... 97%  267M 0s
1776313634,,ui,error,==> control.amazon-ebs.ubuntu:  99500K .......... .......... .......... .......... .......... 97%  201M 0s
1776313634,,ui,error,==> control.amazon-ebs.ubuntu:  99550K .......... .......... .......... .......... .......... 97%  264M 0s
1776313634,,ui,error,==> control.amazon-ebs.ubuntu:  99600K .......... .......... .......... .......... .......... 97%  238M 0s
1776313634,,ui,error,==> control.amazon-ebs.ubuntu:  99650K .......... .......... .......... .......... .......... 97%  276M 0s
1776313634,,ui,error,==> control.amazon-ebs.ubuntu:  99700K .......... .......... .......... .......... .......... 97%  225M 0s
1776313634,,ui,error,==> control.amazon-ebs.ubuntu:  99750K .......... .......... .......... .......... .......... 97%  272M 0s
1776313634,,ui,error,==> control.amazon-ebs.ubuntu:  99800K .......... .......... .......... .......... .......... 97%  238M 0s
1776313634,,ui,error,==> control.amazon-ebs.ubuntu:  99850K .......... .......... .......... .......... .......... 97%  240M 0s
1776313634,,ui,error,==> control.amazon-ebs.ubuntu:  99900K .......... .......... .......... .......... .......... 97%  199M 0s
1776313634,,ui,error,==> control.amazon-ebs.ubuntu:  99950K .......... .......... .......... .......... .......... 97%  264M 0s
1776313634,,ui,error,==> control.amazon-ebs.ubuntu: 100000K .......... .......... .......... .......... .......... 97%  260M 0s
1776313634,,ui,error,==> control.amazon-ebs.ubuntu: 100050K .......... .......... .......... .......... .......... 97%  280M 0s
1776313634,,ui,error,==> control.amazon-ebs.ubuntu: 100100K .......... .......... .......... .......... .......... 97%  886K 0s
1776313634,,ui,error,==> control.amazon-ebs.ubuntu: 100150K .......... .......... .......... .......... .......... 98%  222M 0s
1776313634,,ui,error,==> control.amazon-ebs.ubuntu: 100200K .......... .......... .......... .......... .......... 98%  201M 0s
1776313634,,ui,error,==> control.amazon-ebs.ubuntu: 100250K .......... .......... .......... .......... .......... 98%  222M 0s
1776313634,,ui,error,==> control.amazon-ebs.ubuntu: 100300K .......... .......... .......... .......... .......... 98%  194M 0s
1776313634,,ui,error,==> control.amazon-ebs.ubuntu: 100350K .......... .......... .......... .......... .......... 98%  214M 0s
1776313634,,ui,error,==> control.amazon-ebs.ubuntu: 100400K .......... .......... .......... .......... .......... 98%  231M 0s
1776313634,,ui,error,==> control.amazon-ebs.ubuntu: 100450K .......... .......... .......... .......... .......... 98%  236M 0s
1776313634,,ui,error,==> control.amazon-ebs.ubuntu: 100500K .......... .......... .......... .......... .......... 98%  208M 0s
1776313634,,ui,error,==> control.amazon-ebs.ubuntu: 100550K .......... .......... .......... .......... .......... 98%  234M 0s
1776313634,,ui,error,==> control.amazon-ebs.ubuntu: 100600K .......... .......... .......... .......... .......... 98%  231M 0s
1776313634,,ui,error,==> control.amazon-ebs.ubuntu: 100650K .......... .......... .......... .......... .......... 98%  241M 0s
1776313634,,ui,error,==> control.amazon-ebs.ubuntu: 100700K .......... .......... .......... .......... .......... 98%  194M 0s
1776313634,,ui,error,==> control.amazon-ebs.ubuntu: 100750K .......... .......... .......... .......... .......... 98%  215M 0s
1776313634,,ui,error,==> control.amazon-ebs.ubuntu: 100800K .......... .......... .......... .......... .......... 98%  213M 0s
1776313634,,ui,error,==> control.amazon-ebs.ubuntu: 100850K .......... .......... .......... .......... .......... 98%  233M 0s
1776313634,,ui,error,==> control.amazon-ebs.ubuntu: 100900K .......... .......... .......... .......... .......... 98%  198M 0s
1776313634,,ui,error,==> control.amazon-ebs.ubuntu: 100950K .......... .......... .......... .......... .......... 98%  118M 0s
1776313634,,ui,error,==> control.amazon-ebs.ubuntu: 101000K .......... .......... .......... .......... .......... 98%  226M 0s
1776313634,,ui,error,==> control.amazon-ebs.ubuntu: 101050K .......... .......... .......... .......... .......... 98%  242M 0s
1776313634,,ui,error,==> control.amazon-ebs.ubuntu: 101100K .......... .......... .......... .......... .......... 98%  194M 0s
1776313634,,ui,error,==> control.amazon-ebs.ubuntu: 101150K .......... .......... .......... .......... .......... 99%  220M 0s
1776313634,,ui,error,==> control.amazon-ebs.ubuntu: 101200K .......... .......... .......... .......... .......... 99%  237M 0s
1776313634,,ui,error,==> control.amazon-ebs.ubuntu: 101250K .......... .......... .......... .......... .......... 99%  241M 0s
1776313634,,ui,error,==> control.amazon-ebs.ubuntu: 101300K .......... .......... .......... .......... .......... 99%  217M 0s
1776313634,,ui,error,==> control.amazon-ebs.ubuntu: 101350K .......... .......... .......... .......... .......... 99%  233M 0s
1776313634,,ui,error,==> control.amazon-ebs.ubuntu: 101400K .......... .......... .......... .......... .......... 99%  230M 0s
1776313634,,ui,error,==> control.amazon-ebs.ubuntu: 101450K .......... .......... .......... .......... .......... 99%  228M 0s
1776313634,,ui,error,==> control.amazon-ebs.ubuntu: 101500K .......... .......... .......... .......... .......... 99%  198M 0s
1776313634,,ui,error,==> control.amazon-ebs.ubuntu: 101550K .......... .......... .......... .......... .......... 99%  237M 0s
1776313634,,ui,error,==> control.amazon-ebs.ubuntu: 101600K .......... .......... .......... .......... .......... 99%  222M 0s
1776313634,,ui,error,==> control.amazon-ebs.ubuntu: 101650K .......... .......... .......... .......... .......... 99%  235M 0s
1776313634,,ui,error,==> control.amazon-ebs.ubuntu: 101700K .......... .......... .......... .......... .......... 99%  196M 0s
1776313634,,ui,error,==> control.amazon-ebs.ubuntu: 101750K .......... .......... .......... .......... .......... 99%  223M 0s
1776313634,,ui,error,==> control.amazon-ebs.ubuntu: 101800K .......... .......... .......... .......... .......... 99%  222M 0s
1776313634,,ui,error,==> control.amazon-ebs.ubuntu: 101850K .......... .......... .......... .......... .......... 99%  234M 0s
1776313634,,ui,error,==> control.amazon-ebs.ubuntu: 101900K .......... .......... .......... .......... .......... 99%  198M 0s
1776313634,,ui,error,==> control.amazon-ebs.ubuntu: 101950K .......... .......... .......... .......... .......... 99%  229M 0s
1776313634,,ui,error,==> control.amazon-ebs.ubuntu: 102000K .......... .......... .......... .......... .......... 99%  231M 0s
1776313634,,ui,error,==> control.amazon-ebs.ubuntu: 102050K .......... .......... .......... .......... .......... 99%  220M 0s
1776313634,,ui,error,==> control.amazon-ebs.ubuntu: 102100K .......... .......... .......... .......... .......... 99%  215M 0s
1776313634,,ui,error,==> control.amazon-ebs.ubuntu: 102150K .......... .......... .......... .......... .......... 99%  245M 0s
1776313634,,ui,error,==> control.amazon-ebs.ubuntu: 102200K ......                                                100%  153M=2.8s
1776313634,,ui,error,==> control.amazon-ebs.ubuntu:
1776313634,,ui,error,==> control.amazon-ebs.ubuntu: 2026-04-16 04:27:14 (35.9 MB/s) - ‘prometheus-2.52.0.linux-amd64.tar.gz’ saved [104659766/104659766]
1776313634,,ui,error,==> control.amazon-ebs.ubuntu:
1776313634,,ui,error,==> control.amazon-ebs.ubuntu: + tar -xzf prometheus-2.52.0.linux-amd64.tar.gz
1776313641,,ui,error,==> control.amazon-ebs.ubuntu: + sudo useradd --no-create-home --shell /usr/sbin/nologin prometheus
1776313641,,ui,error,==> control.amazon-ebs.ubuntu: + sudo mkdir -p /etc/prometheus /var/lib/prometheus
1776313641,,ui,error,==> control.amazon-ebs.ubuntu: + sudo cp prometheus-2.52.0.linux-amd64/prometheus /usr/local/bin/
1776313641,,ui,error,==> control.amazon-ebs.ubuntu: + sudo cp prometheus-2.52.0.linux-amd64/promtool /usr/local/bin/
1776313642,,ui,error,==> control.amazon-ebs.ubuntu: + sudo cp -r prometheus-2.52.0.linux-amd64/consoles /etc/prometheus/
1776313642,,ui,error,==> control.amazon-ebs.ubuntu: + sudo cp -r prometheus-2.52.0.linux-amd64/console_libraries /etc/prometheus/
1776313642,,ui,error,==> control.amazon-ebs.ubuntu: + sudo tee /etc/prometheus/prometheus.yml
1776313642,,ui,error,==> control.amazon-ebs.ubuntu: + sudo chown -R prometheus:prometheus /etc/prometheus /var/lib/prometheus
1776313642,,ui,error,==> control.amazon-ebs.ubuntu: + sudo tee /etc/systemd/system/prometheus.service
1776313642,,ui,error,==> control.amazon-ebs.ubuntu: + sudo systemctl daemon-reload
1776313643,,ui,error,==> control.amazon-ebs.ubuntu: + sudo systemctl enable prometheus
1776313643,,ui,error,==> control.amazon-ebs.ubuntu: Created symlink /etc/systemd/system/multi-user.target.wants/prometheus.service → /etc/systemd/system/prometheus.service.
1776313645,,ui,error,==> control.amazon-ebs.ubuntu: + sudo systemctl start prometheus
1776313645,,ui,error,==> control.amazon-ebs.ubuntu: + echo '=== Prometheus installation complete ==='
1776313645,,ui,say,==> control.amazon-ebs.ubuntu: === Prometheus installation complete ===
1776313645,,ui,say,==> control.amazon-ebs.ubuntu: Provisioning with shell script: scripts/grafana.sh
1776313646,,ui,error,==> control.amazon-ebs.ubuntu: + echo '=== Installing Grafana OSS ==='
1776313646,,ui,error,==> control.amazon-ebs.ubuntu: + sudo apt-get install -y apt-transport-https software-properties-common wget
1776313646,,ui,say,==> control.amazon-ebs.ubuntu: === Installing Grafana OSS ===
1776313646,,ui,say,==> control.amazon-ebs.ubuntu: Reading package lists...
1776313647,,ui,say,==> control.amazon-ebs.ubuntu: Building dependency tree...
1776313647,,ui,say,==> control.amazon-ebs.ubuntu: Reading state information...
1776313648,,ui,say,==> control.amazon-ebs.ubuntu: software-properties-common is already the newest version (0.99.22.9).
1776313648,,ui,say,==> control.amazon-ebs.ubuntu: wget is already the newest version (1.21.2-2ubuntu1.1).
1776313648,,ui,say,==> control.amazon-ebs.ubuntu: The following NEW packages will be installed:
1776313648,,ui,say,==> control.amazon-ebs.ubuntu:   apt-transport-https
1776313648,,ui,say,==> control.amazon-ebs.ubuntu: 0 upgraded%!(PACKER_COMMA) 1 newly installed%!(PACKER_COMMA) 0 to remove and 5 not upgraded.
1776313648,,ui,say,==> control.amazon-ebs.ubuntu: Need to get 1510 B of archives.
1776313648,,ui,say,==> control.amazon-ebs.ubuntu: After this operation%!(PACKER_COMMA) 170 kB of additional disk space will be used.
1776313648,,ui,say,==> control.amazon-ebs.ubuntu: Get:1 http://us-east-1.ec2.archive.ubuntu.com/ubuntu jammy-updates/universe amd64 apt-transport-https all 2.4.14 [1510 B]
1776313649,,ui,error,==> control.amazon-ebs.ubuntu: debconf: unable to initialize frontend: Dialog
1776313649,,ui,error,==> control.amazon-ebs.ubuntu: debconf: (Dialog frontend will not work on a dumb terminal%!(PACKER_COMMA) an emacs shell buffer%!(PACKER_COMMA) or without a controlling terminal.)
1776313649,,ui,error,==> control.amazon-ebs.ubuntu: debconf: falling back to frontend: Readline
1776313649,,ui,error,==> control.amazon-ebs.ubuntu: debconf: unable to initialize frontend: Readline
1776313649,,ui,error,==> control.amazon-ebs.ubuntu: debconf: (This frontend requires a controlling tty.)
1776313649,,ui,error,==> control.amazon-ebs.ubuntu: debconf: falling back to frontend: Teletype
1776313649,,ui,error,==> control.amazon-ebs.ubuntu: dpkg-preconfigure: unable to re-open stdin:
1776313649,,ui,say,==> control.amazon-ebs.ubuntu: Fetched 1510 B in 0s (95.2 kB/s)
1776313649,,ui,say,==> control.amazon-ebs.ubuntu: Selecting previously unselected package apt-transport-https.
1776313650,,ui,say,==> control.amazon-ebs.ubuntu: (Reading database ... 82445 files and directories currently installed.)
1776313650,,ui,say,==> control.amazon-ebs.ubuntu: Preparing to unpack .../apt-transport-https_2.4.14_all.deb ...
1776313650,,ui,say,==> control.amazon-ebs.ubuntu: Unpacking apt-transport-https (2.4.14) ...
1776313650,,ui,say,==> control.amazon-ebs.ubuntu: Setting up apt-transport-https (2.4.14) ...
1776313651,,ui,say,==> control.amazon-ebs.ubuntu:
1776313651,,ui,say,==> control.amazon-ebs.ubuntu: Running kernel seems to be up-to-date.
1776313651,,ui,say,==> control.amazon-ebs.ubuntu:
1776313651,,ui,say,==> control.amazon-ebs.ubuntu: Services to be restarted:
1776313651,,ui,say,==> control.amazon-ebs.ubuntu:  systemctl restart packagekit.service
1776313651,,ui,say,==> control.amazon-ebs.ubuntu:
1776313651,,ui,say,==> control.amazon-ebs.ubuntu: No containers need to be restarted.
1776313651,,ui,say,==> control.amazon-ebs.ubuntu:
1776313651,,ui,say,==> control.amazon-ebs.ubuntu: No user sessions are running outdated binaries.
1776313651,,ui,say,==> control.amazon-ebs.ubuntu:
1776313651,,ui,say,==> control.amazon-ebs.ubuntu: No VM guests are running outdated hypervisor (qemu) binaries on this host.
1776313657,,ui,error,==> control.amazon-ebs.ubuntu: + wget -q -O - https://packages.grafana.com/gpg.key
1776313657,,ui,error,==> control.amazon-ebs.ubuntu: + sudo apt-key add -
1776313658,,ui,error,==> control.amazon-ebs.ubuntu: Warning: apt-key is deprecated. Manage keyring files in trusted.gpg.d instead (see apt-key(8)).
1776313659,,ui,say,==> control.amazon-ebs.ubuntu: OK
1776313659,,ui,error,==> control.amazon-ebs.ubuntu: + echo 'deb https://packages.grafana.com/oss/deb stable main'
1776313659,,ui,error,==> control.amazon-ebs.ubuntu: + sudo tee /etc/apt/sources.list.d/grafana.list
1776313659,,ui,error,==> control.amazon-ebs.ubuntu: + sudo apt-get update -y
1776313659,,ui,say,==> control.amazon-ebs.ubuntu: deb https://packages.grafana.com/oss/deb stable main
1776313660,,ui,say,==> control.amazon-ebs.ubuntu: Hit:1 http://us-east-1.ec2.archive.ubuntu.com/ubuntu jammy InRelease
1776313660,,ui,say,==> control.amazon-ebs.ubuntu: Hit:2 http://us-east-1.ec2.archive.ubuntu.com/ubuntu jammy-updates InRelease
1776313660,,ui,say,==> control.amazon-ebs.ubuntu: Hit:3 http://us-east-1.ec2.archive.ubuntu.com/ubuntu jammy-backports InRelease
1776313660,,ui,say,==> control.amazon-ebs.ubuntu: Hit:4 http://security.ubuntu.com/ubuntu jammy-security InRelease
1776313660,,ui,say,==> control.amazon-ebs.ubuntu: Get:5 https://packages.grafana.com/oss/deb stable InRelease [7661 B]
1776313663,,ui,say,==> control.amazon-ebs.ubuntu: Get:6 https://packages.grafana.com/oss/deb stable/main amd64 Packages [486 kB]
1776313663,,ui,say,==> control.amazon-ebs.ubuntu: Fetched 494 kB in 4s (137 kB/s)
1776313667,,ui,say,==> control.amazon-ebs.ubuntu: Reading package lists...
1776313667,,ui,error,==> control.amazon-ebs.ubuntu: W: https://packages.grafana.com/oss/deb/dists/stable/InRelease: Key is stored in legacy trusted.gpg keyring (/etc/apt/trusted.gpg)%!(PACKER_COMMA) see the DEPRECATION section in apt-key(8) for details.
1776313667,,ui,error,==> control.amazon-ebs.ubuntu: + sudo apt-get install -y grafana
1776313667,,ui,say,==> control.amazon-ebs.ubuntu: Reading package lists...
1776313668,,ui,say,==> control.amazon-ebs.ubuntu: Building dependency tree...
1776313668,,ui,say,==> control.amazon-ebs.ubuntu: Reading state information...
1776313669,,ui,say,==> control.amazon-ebs.ubuntu: The following NEW packages will be installed:
1776313669,,ui,say,==> control.amazon-ebs.ubuntu:   grafana
1776313669,,ui,say,==> control.amazon-ebs.ubuntu: 0 upgraded%!(PACKER_COMMA) 1 newly installed%!(PACKER_COMMA) 0 to remove and 5 not upgraded.
1776313669,,ui,say,==> control.amazon-ebs.ubuntu: Need to get 274 MB of archives.
1776313669,,ui,say,==> control.amazon-ebs.ubuntu: After this operation%!(PACKER_COMMA) 1028 MB of additional disk space will be used.
1776313669,,ui,say,==> control.amazon-ebs.ubuntu: Get:1 https://packages.grafana.com/oss/deb stable/main amd64 grafana amd64 13.0.0 [274 MB]
1776313683,,ui,error,==> control.amazon-ebs.ubuntu: debconf: unable to initialize frontend: Dialog
1776313683,,ui,error,==> control.amazon-ebs.ubuntu: debconf: (Dialog frontend will not work on a dumb terminal%!(PACKER_COMMA) an emacs shell buffer%!(PACKER_COMMA) or without a controlling terminal.)
1776313683,,ui,error,==> control.amazon-ebs.ubuntu: debconf: falling back to frontend: Readline
1776313683,,ui,error,==> control.amazon-ebs.ubuntu: debconf: unable to initialize frontend: Readline
1776313683,,ui,error,==> control.amazon-ebs.ubuntu: debconf: (This frontend requires a controlling tty.)
1776313683,,ui,error,==> control.amazon-ebs.ubuntu: debconf: falling back to frontend: Teletype
1776313683,,ui,error,==> control.amazon-ebs.ubuntu: dpkg-preconfigure: unable to re-open stdin:
1776313683,,ui,say,==> control.amazon-ebs.ubuntu: Fetched 274 MB in 12s (22.5 MB/s)
1776313683,,ui,say,==> control.amazon-ebs.ubuntu: Selecting previously unselected package grafana.
1776313684,,ui,say,==> control.amazon-ebs.ubuntu: (Reading database ... 82449 files and directories currently installed.)
1776313684,,ui,say,==> control.amazon-ebs.ubuntu: Preparing to unpack .../grafana_13.0.0_amd64.deb ...
1776313684,,ui,say,==> control.amazon-ebs.ubuntu: Unpacking grafana (13.0.0) ...
1776313771,,ui,say,==> control.amazon-ebs.ubuntu: Setting up grafana (13.0.0) ...
1776313771,,ui,say,==> control.amazon-ebs.ubuntu: Adding system user `grafana' (UID 115) ...
1776313771,,ui,say,==> control.amazon-ebs.ubuntu: Adding new user `grafana' (UID 115) with group `grafana' ...
1776313771,,ui,say,==> control.amazon-ebs.ubuntu: Not creating home directory `/usr/share/grafana'.
1776313771,,ui,say,==> control.amazon-ebs.ubuntu: ### NOT starting on installation%!(PACKER_COMMA) please execute the following statements to configure grafana to start automatically using systemd
1776313771,,ui,say,==> control.amazon-ebs.ubuntu:  sudo /bin/systemctl daemon-reload
1776313771,,ui,say,==> control.amazon-ebs.ubuntu:  sudo /bin/systemctl enable grafana-server
1776313771,,ui,say,==> control.amazon-ebs.ubuntu: ### You can start grafana-server by executing
1776313771,,ui,say,==> control.amazon-ebs.ubuntu:  sudo /bin/systemctl start grafana-server
1776313773,,ui,say,==> control.amazon-ebs.ubuntu:
1776313773,,ui,say,==> control.amazon-ebs.ubuntu: Running kernel seems to be up-to-date.
1776313773,,ui,say,==> control.amazon-ebs.ubuntu:
1776313773,,ui,say,==> control.amazon-ebs.ubuntu: Services to be restarted:
1776313773,,ui,say,==> control.amazon-ebs.ubuntu:  systemctl restart packagekit.service
1776313773,,ui,say,==> control.amazon-ebs.ubuntu:
1776313773,,ui,say,==> control.amazon-ebs.ubuntu: No containers need to be restarted.
1776313773,,ui,say,==> control.amazon-ebs.ubuntu:
1776313773,,ui,say,==> control.amazon-ebs.ubuntu: No user sessions are running outdated binaries.
1776313773,,ui,say,==> control.amazon-ebs.ubuntu:
1776313773,,ui,say,==> control.amazon-ebs.ubuntu: No VM guests are running outdated hypervisor (qemu) binaries on this host.
1776313780,,ui,error,==> control.amazon-ebs.ubuntu: + sudo systemctl daemon-reload
1776313781,,ui,error,==> control.amazon-ebs.ubuntu: + sudo systemctl enable grafana-server
1776313781,,ui,error,==> control.amazon-ebs.ubuntu: Synchronizing state of grafana-server.service with SysV service script with /lib/systemd/systemd-sysv-install.
1776313781,,ui,error,==> control.amazon-ebs.ubuntu: Executing: /lib/systemd/systemd-sysv-install enable grafana-server
1776313783,,ui,error,==> control.amazon-ebs.ubuntu: Created symlink /etc/systemd/system/multi-user.target.wants/grafana-server.service → /lib/systemd/system/grafana-server.service.
1776313784,,ui,error,==> control.amazon-ebs.ubuntu: + sudo systemctl start grafana-server
1776313784,,ui,error,==> control.amazon-ebs.ubuntu: + echo '=== Grafana installation complete ==='
1776313784,,ui,say,==> control.amazon-ebs.ubuntu: === Grafana installation complete ===
1776313784,,ui,say,==> control.amazon-ebs.ubuntu: Provisioning with shell script: scripts/nginx.sh
1776313784,,ui,error,==> control.amazon-ebs.ubuntu: + echo '=== Installing NGINX ==='
1776313784,,ui,say,==> control.amazon-ebs.ubuntu: === Installing NGINX ===
1776313784,,ui,error,==> control.amazon-ebs.ubuntu: + sudo apt-get update -y
1776313785,,ui,say,==> control.amazon-ebs.ubuntu: Hit:1 http://us-east-1.ec2.archive.ubuntu.com/ubuntu jammy InRelease
1776313785,,ui,say,==> control.amazon-ebs.ubuntu: Hit:2 http://us-east-1.ec2.archive.ubuntu.com/ubuntu jammy-updates InRelease
1776313785,,ui,say,==> control.amazon-ebs.ubuntu: Hit:3 http://us-east-1.ec2.archive.ubuntu.com/ubuntu jammy-backports InRelease
1776313785,,ui,say,==> control.amazon-ebs.ubuntu: Hit:4 https://packages.grafana.com/oss/deb stable InRelease
1776313785,,ui,say,==> control.amazon-ebs.ubuntu: Hit:5 http://security.ubuntu.com/ubuntu jammy-security InRelease
1776313797,,ui,say,==> control.amazon-ebs.ubuntu: Reading package lists...
1776313797,,ui,error,==> control.amazon-ebs.ubuntu: W: https://packages.grafana.com/oss/deb/dists/stable/InRelease: Key is stored in legacy trusted.gpg keyring (/etc/apt/trusted.gpg)%!(PACKER_COMMA) see the DEPRECATION section in apt-key(8) for details.
1776313797,,ui,error,==> control.amazon-ebs.ubuntu: + sudo apt-get install -y nginx
1776313797,,ui,say,==> control.amazon-ebs.ubuntu: Reading package lists...
1776313799,,ui,say,==> control.amazon-ebs.ubuntu: Building dependency tree...
1776313799,,ui,say,==> control.amazon-ebs.ubuntu: Reading state information...
1776313800,,ui,say,==> control.amazon-ebs.ubuntu: The following additional packages will be installed:
1776313800,,ui,say,==> control.amazon-ebs.ubuntu:   libgd3 libnginx-mod-http-geoip2 libnginx-mod-http-image-filter
1776313800,,ui,say,==> control.amazon-ebs.ubuntu:   libnginx-mod-http-xslt-filter libnginx-mod-mail libnginx-mod-stream
1776313800,,ui,say,==> control.amazon-ebs.ubuntu:   libnginx-mod-stream-geoip2 nginx-common nginx-core
1776313800,,ui,say,==> control.amazon-ebs.ubuntu: Suggested packages:
1776313800,,ui,say,==> control.amazon-ebs.ubuntu:   libgd-tools fcgiwrap nginx-doc ssl-cert
1776313800,,ui,say,==> control.amazon-ebs.ubuntu: The following NEW packages will be installed:
1776313800,,ui,say,==> control.amazon-ebs.ubuntu:   libgd3 libnginx-mod-http-geoip2 libnginx-mod-http-image-filter
1776313800,,ui,say,==> control.amazon-ebs.ubuntu:   libnginx-mod-http-xslt-filter libnginx-mod-mail libnginx-mod-stream
1776313800,,ui,say,==> control.amazon-ebs.ubuntu:   libnginx-mod-stream-geoip2 nginx nginx-common nginx-core
1776313800,,ui,say,==> control.amazon-ebs.ubuntu: 0 upgraded%!(PACKER_COMMA) 10 newly installed%!(PACKER_COMMA) 0 to remove and 5 not upgraded.
1776313800,,ui,say,==> control.amazon-ebs.ubuntu: Need to get 828 kB of archives.
1776313800,,ui,say,==> control.amazon-ebs.ubuntu: After this operation%!(PACKER_COMMA) 2850 kB of additional disk space will be used.
1776313800,,ui,say,==> control.amazon-ebs.ubuntu: Get:1 http://us-east-1.ec2.archive.ubuntu.com/ubuntu jammy-updates/main amd64 libgd3 amd64 2.3.0-2ubuntu2.3 [129 kB]
1776313800,,ui,say,==> control.amazon-ebs.ubuntu: Get:2 http://us-east-1.ec2.archive.ubuntu.com/ubuntu jammy-updates/main amd64 nginx-common all 1.18.0-6ubuntu14.8 [40.1 kB]
1776313800,,ui,say,==> control.amazon-ebs.ubuntu: Get:3 http://us-east-1.ec2.archive.ubuntu.com/ubuntu jammy-updates/main amd64 libnginx-mod-http-geoip2 amd64 1.18.0-6ubuntu14.8 [12.1 kB]
1776313800,,ui,say,==> control.amazon-ebs.ubuntu: Get:4 http://us-east-1.ec2.archive.ubuntu.com/ubuntu jammy-updates/main amd64 libnginx-mod-http-image-filter amd64 1.18.0-6ubuntu14.8 [15.6 kB]
1776313800,,ui,say,==> control.amazon-ebs.ubuntu: Get:5 http://us-east-1.ec2.archive.ubuntu.com/ubuntu jammy-updates/main amd64 libnginx-mod-http-xslt-filter amd64 1.18.0-6ubuntu14.8 [13.9 kB]
1776313800,,ui,say,==> control.amazon-ebs.ubuntu: Get:6 http://us-east-1.ec2.archive.ubuntu.com/ubuntu jammy-updates/main amd64 libnginx-mod-mail amd64 1.18.0-6ubuntu14.8 [45.8 kB]
1776313800,,ui,say,==> control.amazon-ebs.ubuntu: Get:7 http://us-east-1.ec2.archive.ubuntu.com/ubuntu jammy-updates/main amd64 libnginx-mod-stream amd64 1.18.0-6ubuntu14.8 [73.0 kB]
1776313800,,ui,say,==> control.amazon-ebs.ubuntu: Get:8 http://us-east-1.ec2.archive.ubuntu.com/ubuntu jammy-updates/main amd64 libnginx-mod-stream-geoip2 amd64 1.18.0-6ubuntu14.8 [10.1 kB]
1776313800,,ui,say,==> control.amazon-ebs.ubuntu: Get:9 http://us-east-1.ec2.archive.ubuntu.com/ubuntu jammy-updates/main amd64 nginx-core amd64 1.18.0-6ubuntu14.8 [484 kB]
1776313800,,ui,say,==> control.amazon-ebs.ubuntu: Get:10 http://us-east-1.ec2.archive.ubuntu.com/ubuntu jammy-updates/main amd64 nginx amd64 1.18.0-6ubuntu14.8 [3882 B]
1776313802,,ui,error,==> control.amazon-ebs.ubuntu: debconf: unable to initialize frontend: Dialog
1776313802,,ui,error,==> control.amazon-ebs.ubuntu: debconf: (Dialog frontend will not work on a dumb terminal%!(PACKER_COMMA) an emacs shell buffer%!(PACKER_COMMA) or without a controlling terminal.)
1776313802,,ui,error,==> control.amazon-ebs.ubuntu: debconf: falling back to frontend: Readline
1776313802,,ui,error,==> control.amazon-ebs.ubuntu: debconf: unable to initialize frontend: Readline
1776313802,,ui,error,==> control.amazon-ebs.ubuntu: debconf: (This frontend requires a controlling tty.)
1776313802,,ui,error,==> control.amazon-ebs.ubuntu: debconf: falling back to frontend: Teletype
1776313802,,ui,error,==> control.amazon-ebs.ubuntu: dpkg-preconfigure: unable to re-open stdin:
1776313802,,ui,say,==> control.amazon-ebs.ubuntu: Fetched 828 kB in 0s (9228 kB/s)
1776313803,,ui,say,==> control.amazon-ebs.ubuntu: Selecting previously unselected package libgd3:amd64.
1776313803,,ui,say,==> control.amazon-ebs.ubuntu: (Reading database ... 97498 files and directories currently installed.)
1776313803,,ui,say,==> control.amazon-ebs.ubuntu: Preparing to unpack .../0-libgd3_2.3.0-2ubuntu2.3_amd64.deb ...
1776313803,,ui,say,==> control.amazon-ebs.ubuntu: Unpacking libgd3:amd64 (2.3.0-2ubuntu2.3) ...
1776313804,,ui,say,==> control.amazon-ebs.ubuntu: Selecting previously unselected package nginx-common.
1776313804,,ui,say,==> control.amazon-ebs.ubuntu: Preparing to unpack .../1-nginx-common_1.18.0-6ubuntu14.8_all.deb ...
1776313804,,ui,say,==> control.amazon-ebs.ubuntu: Unpacking nginx-common (1.18.0-6ubuntu14.8) ...
1776313805,,ui,say,==> control.amazon-ebs.ubuntu: Selecting previously unselected package libnginx-mod-http-geoip2.
1776313805,,ui,say,==> control.amazon-ebs.ubuntu: Preparing to unpack .../2-libnginx-mod-http-geoip2_1.18.0-6ubuntu14.8_amd64.deb ...
1776313805,,ui,say,==> control.amazon-ebs.ubuntu: Unpacking libnginx-mod-http-geoip2 (1.18.0-6ubuntu14.8) ...
1776313805,,ui,say,==> control.amazon-ebs.ubuntu: Selecting previously unselected package libnginx-mod-http-image-filter.
1776313805,,ui,say,==> control.amazon-ebs.ubuntu: Preparing to unpack .../3-libnginx-mod-http-image-filter_1.18.0-6ubuntu14.8_amd64.deb ...
1776313805,,ui,say,==> control.amazon-ebs.ubuntu: Unpacking libnginx-mod-http-image-filter (1.18.0-6ubuntu14.8) ...
1776313806,,ui,say,==> control.amazon-ebs.ubuntu: Selecting previously unselected package libnginx-mod-http-xslt-filter.
1776313806,,ui,say,==> control.amazon-ebs.ubuntu: Preparing to unpack .../4-libnginx-mod-http-xslt-filter_1.18.0-6ubuntu14.8_amd64.deb ...
1776313806,,ui,say,==> control.amazon-ebs.ubuntu: Unpacking libnginx-mod-http-xslt-filter (1.18.0-6ubuntu14.8) ...
1776313806,,ui,say,==> control.amazon-ebs.ubuntu: Selecting previously unselected package libnginx-mod-mail.
1776313806,,ui,say,==> control.amazon-ebs.ubuntu: Preparing to unpack .../5-libnginx-mod-mail_1.18.0-6ubuntu14.8_amd64.deb ...
1776313806,,ui,say,==> control.amazon-ebs.ubuntu: Unpacking libnginx-mod-mail (1.18.0-6ubuntu14.8) ...
1776313806,,ui,say,==> control.amazon-ebs.ubuntu: Selecting previously unselected package libnginx-mod-stream.
1776313806,,ui,say,==> control.amazon-ebs.ubuntu: Preparing to unpack .../6-libnginx-mod-stream_1.18.0-6ubuntu14.8_amd64.deb ...
1776313806,,ui,say,==> control.amazon-ebs.ubuntu: Unpacking libnginx-mod-stream (1.18.0-6ubuntu14.8) ...
1776313806,,ui,say,==> control.amazon-ebs.ubuntu: Selecting previously unselected package libnginx-mod-stream-geoip2.
1776313806,,ui,say,==> control.amazon-ebs.ubuntu: Preparing to unpack .../7-libnginx-mod-stream-geoip2_1.18.0-6ubuntu14.8_amd64.deb ...
1776313806,,ui,say,==> control.amazon-ebs.ubuntu: Unpacking libnginx-mod-stream-geoip2 (1.18.0-6ubuntu14.8) ...
1776313806,,ui,say,==> control.amazon-ebs.ubuntu: Selecting previously unselected package nginx-core.
1776313806,,ui,say,==> control.amazon-ebs.ubuntu: Preparing to unpack .../8-nginx-core_1.18.0-6ubuntu14.8_amd64.deb ...
1776313806,,ui,say,==> control.amazon-ebs.ubuntu: Unpacking nginx-core (1.18.0-6ubuntu14.8) ...
1776313807,,ui,say,==> control.amazon-ebs.ubuntu: Selecting previously unselected package nginx.
1776313807,,ui,say,==> control.amazon-ebs.ubuntu: Preparing to unpack .../9-nginx_1.18.0-6ubuntu14.8_amd64.deb ...
1776313807,,ui,say,==> control.amazon-ebs.ubuntu: Unpacking nginx (1.18.0-6ubuntu14.8) ...
1776313807,,ui,say,==> control.amazon-ebs.ubuntu: Setting up nginx-common (1.18.0-6ubuntu14.8) ...
1776313808,,ui,say,==> control.amazon-ebs.ubuntu: debconf: unable to initialize frontend: Dialog
1776313808,,ui,say,==> control.amazon-ebs.ubuntu: debconf: (Dialog frontend will not work on a dumb terminal%!(PACKER_COMMA) an emacs shell buffer%!(PACKER_COMMA) or without a controlling terminal.)
1776313808,,ui,say,==> control.amazon-ebs.ubuntu: debconf: falling back to frontend: Readline
1776313810,,ui,say,==> control.amazon-ebs.ubuntu: Created symlink /etc/systemd/system/multi-user.target.wants/nginx.service → /lib/systemd/system/nginx.service.
1776313812,,ui,say,==> control.amazon-ebs.ubuntu: Setting up libnginx-mod-http-xslt-filter (1.18.0-6ubuntu14.8) ...
1776313812,,ui,say,==> control.amazon-ebs.ubuntu: Setting up libgd3:amd64 (2.3.0-2ubuntu2.3) ...
1776313812,,ui,say,==> control.amazon-ebs.ubuntu: Setting up libnginx-mod-http-geoip2 (1.18.0-6ubuntu14.8) ...
1776313812,,ui,say,==> control.amazon-ebs.ubuntu: Setting up libnginx-mod-mail (1.18.0-6ubuntu14.8) ...
1776313812,,ui,say,==> control.amazon-ebs.ubuntu: Setting up libnginx-mod-http-image-filter (1.18.0-6ubuntu14.8) ...
1776313812,,ui,say,==> control.amazon-ebs.ubuntu: Setting up libnginx-mod-stream (1.18.0-6ubuntu14.8) ...
1776313812,,ui,say,==> control.amazon-ebs.ubuntu: Setting up libnginx-mod-stream-geoip2 (1.18.0-6ubuntu14.8) ...
1776313812,,ui,say,==> control.amazon-ebs.ubuntu: Setting up nginx-core (1.18.0-6ubuntu14.8) ...
1776313813,,ui,say,==> control.amazon-ebs.ubuntu:  * Upgrading binary nginx
1776313814,,ui,say,==> control.amazon-ebs.ubuntu:    ...done.
1776313814,,ui,say,==> control.amazon-ebs.ubuntu: Setting up nginx (1.18.0-6ubuntu14.8) ...
1776313814,,ui,say,==> control.amazon-ebs.ubuntu: Processing triggers for ufw (0.36.1-4ubuntu0.1) ...
1776313814,,ui,say,==> control.amazon-ebs.ubuntu: Processing triggers for man-db (2.10.2-1) ...
1776313815,,ui,say,==> control.amazon-ebs.ubuntu: Processing triggers for libc-bin (2.35-0ubuntu3.13) ...
1776313818,,ui,say,==> control.amazon-ebs.ubuntu:
1776313818,,ui,say,==> control.amazon-ebs.ubuntu: Running kernel seems to be up-to-date.
1776313818,,ui,say,==> control.amazon-ebs.ubuntu:
1776313818,,ui,say,==> control.amazon-ebs.ubuntu: Services to be restarted:
1776313818,,ui,say,==> control.amazon-ebs.ubuntu:  systemctl restart packagekit.service
1776313818,,ui,say,==> control.amazon-ebs.ubuntu:
1776313818,,ui,say,==> control.amazon-ebs.ubuntu: No containers need to be restarted.
1776313818,,ui,say,==> control.amazon-ebs.ubuntu:
1776313818,,ui,say,==> control.amazon-ebs.ubuntu: No user sessions are running outdated binaries.
1776313818,,ui,say,==> control.amazon-ebs.ubuntu:
1776313818,,ui,say,==> control.amazon-ebs.ubuntu: No VM guests are running outdated hypervisor (qemu) binaries on this host.
1776313830,,ui,error,==> control.amazon-ebs.ubuntu: + echo '=== Removing default site ==='
1776313830,,ui,say,==> control.amazon-ebs.ubuntu: === Removing default site ===
1776313830,,ui,error,==> control.amazon-ebs.ubuntu: + sudo rm -f /etc/nginx/sites-enabled/default
1776313830,,ui,error,==> control.amazon-ebs.ubuntu: + echo '=== Installing reverse proxy configs ==='
1776313830,,ui,say,==> control.amazon-ebs.ubuntu: === Installing reverse proxy configs ===
1776313830,,ui,error,==> control.amazon-ebs.ubuntu: + sudo cp /tmp/nginx/jenkins.conf /etc/nginx/sites-available/
1776313830,,ui,error,==> control.amazon-ebs.ubuntu: cp: cannot stat '/tmp/nginx/jenkins.conf': Not a directory
1776313830,,ui,say,==> control.amazon-ebs.ubuntu: Provisioning step had errors: Running the cleanup provisioner%!(PACKER_COMMA) if present...
1776313830,,ui,say,==> control.amazon-ebs.ubuntu: Terminating the source AWS instance...
1776313868,,ui,say,==> control.amazon-ebs.ubuntu: Cleaning up any extra volumes...
1776313868,,ui,say,==> control.amazon-ebs.ubuntu: No volumes to clean up%!(PACKER_COMMA) skipping
1776313868,,ui,say,==> control.amazon-ebs.ubuntu: Deleting temporary security group...
1776313869,,ui,say,==> control.amazon-ebs.ubuntu: Deleting temporary keypair...
1776313869,,ui,error,Build 'control.amazon-ebs.ubuntu' errored after 6 minutes 14 seconds: Script exited with non-zero exit status: 1. Allowed exit codes are: [0]
1776313869,,ui,say,\n==> Wait completed after 6 minutes 14 seconds
1776313869,,error-count,1
1776313869,,ui,error,\n==> Some builds didn't complete successfully and had errors:
1776313869,control.amazon-ebs.ubuntu,error,Script exited with non-zero exit status: 1. Allowed exit codes are: [0]
1776313869,,ui,error,--> control.amazon-ebs.ubuntu: Script exited with non-zero exit status: 1. Allowed exit codes are: [0]
1776313869,,ui,say,\n==> Builds finished but no artifacts were created.
