1776332997,,ui,say,==> control-server.amazon-ebs.control_server: Prevalidating any provided VPC information
1776332997,,ui,say,==> control-server.amazon-ebs.control_server: Prevalidating AMI Name: control-server-20260416-094955
1776332998,,ui,say,==> control-server.amazon-ebs.control_server: Found Image ID: ami-05e86b3611c60b0b4
1776332998,,ui,say,==> control-server.amazon-ebs.control_server: Setting public IP address to true on instance without a subnet ID
1776332998,,ui,say,==> control-server.amazon-ebs.control_server: No VPC ID provided%!(PACKER_COMMA) Packer will use the default VPC
1776332998,,ui,say,==> control-server.amazon-ebs.control_server: Inferring subnet from the selected VPC "vpc-0f9f395644f840ac4"
1776332998,,ui,say,==> control-server.amazon-ebs.control_server: Set subnet as "subnet-04193ba62954ee54e"
1776332998,,ui,say,==> control-server.amazon-ebs.control_server: Creating temporary keypair: packer_69e0b0c3-ad8a-f943-9017-f0a63403d078
1776332999,,ui,say,==> control-server.amazon-ebs.control_server: Creating temporary security group for this instance: packer_69e0b0c7-647e-7d4a-c95d-3fbcc22cfadb
1776332999,,ui,say,==> control-server.amazon-ebs.control_server: Authorizing access to port 22 from [0.0.0.0/0] in the temporary security groups...
1776333000,,ui,say,==> control-server.amazon-ebs.control_server: Launching a source AWS instance...
1776333000,,ui,say,==> control-server.amazon-ebs.control_server: Adding tag: "Name": "packer-builder-control-server"
1776333000,,ui,say,==> control-server.amazon-ebs.control_server: changing public IP address config to true for instance on subnet "subnet-04193ba62954ee54e"
1776333001,,ui,say,==> control-server.amazon-ebs.control_server: Instance ID: i-0ad3d7c70799497bd
1776333001,,ui,say,==> control-server.amazon-ebs.control_server: Waiting for instance (i-0ad3d7c70799497bd) to become ready...
1776333017,,ui,say,==> control-server.amazon-ebs.control_server: Using SSH communicator to connect: 13.217.31.246
1776333017,,ui,say,==> control-server.amazon-ebs.control_server: Waiting for SSH to become available...
1776333028,,ui,say,==> control-server.amazon-ebs.control_server: Connected to SSH!
1776333028,,ui,say,==> control-server.amazon-ebs.control_server: Uploading ./files/nginx/default.conf => /tmp/nginx-default.conf
1776333028,,ui,say,==> control-server.amazon-ebs.control_server: Uploading ./files/nginx/nginx.conf => /tmp/nginx.conf
1776333028,,ui,say,==> control-server.amazon-ebs.control_server: Uploading ./files/nginx/snippets/ => /tmp/nginx-snippets
1776333028,,ui,say,==> control-server.amazon-ebs.control_server: Uploading ./files/app/ => /tmp/app-config
1776333029,,ui,say,==> control-server.amazon-ebs.control_server: Uploading ./files/systemd/ => /tmp/systemd-units
1776333029,,ui,say,==> control-server.amazon-ebs.control_server: Uploading ./files/scripts/ => /tmp/scripts
1776333029,,ui,say,==> control-server.amazon-ebs.control_server: Provisioning with shell script: /var/folders/5s/5htvl7wx4_3551yjw2wzpxr80000gn/T/packer-shell3403487072
1776333029,,ui,say,==> control-server.amazon-ebs.control_server: >>> Phase 2: System update & base packages
1776333030,,ui,say,==> control-server.amazon-ebs.control_server: Hit:1 http://us-east-1.ec2.archive.ubuntu.com/ubuntu jammy InRelease
1776333030,,ui,say,==> control-server.amazon-ebs.control_server: Get:2 http://us-east-1.ec2.archive.ubuntu.com/ubuntu jammy-updates InRelease [128 kB]
1776333030,,ui,say,==> control-server.amazon-ebs.control_server: Get:3 http://us-east-1.ec2.archive.ubuntu.com/ubuntu jammy-backports InRelease [127 kB]
1776333030,,ui,say,==> control-server.amazon-ebs.control_server: Get:4 http://us-east-1.ec2.archive.ubuntu.com/ubuntu jammy/universe amd64 Packages [14.1 MB]
1776333031,,ui,say,==> control-server.amazon-ebs.control_server: Get:5 http://us-east-1.ec2.archive.ubuntu.com/ubuntu jammy/universe Translation-en [5652 kB]
1776333031,,ui,say,==> control-server.amazon-ebs.control_server: Get:6 http://us-east-1.ec2.archive.ubuntu.com/ubuntu jammy/universe amd64 c-n-f Metadata [286 kB]
1776333031,,ui,say,==> control-server.amazon-ebs.control_server: Get:7 http://us-east-1.ec2.archive.ubuntu.com/ubuntu jammy/multiverse amd64 Packages [217 kB]
1776333031,,ui,say,==> control-server.amazon-ebs.control_server: Get:8 http://us-east-1.ec2.archive.ubuntu.com/ubuntu jammy/multiverse Translation-en [112 kB]
1776333031,,ui,say,==> control-server.amazon-ebs.control_server: Get:9 http://us-east-1.ec2.archive.ubuntu.com/ubuntu jammy/multiverse amd64 c-n-f Metadata [8372 B]
1776333031,,ui,say,==> control-server.amazon-ebs.control_server: Get:10 http://us-east-1.ec2.archive.ubuntu.com/ubuntu jammy-updates/main amd64 Packages [3400 kB]
1776333031,,ui,say,==> control-server.amazon-ebs.control_server: Get:11 http://us-east-1.ec2.archive.ubuntu.com/ubuntu jammy-updates/main Translation-en [518 kB]
1776333031,,ui,say,==> control-server.amazon-ebs.control_server: Get:12 http://us-east-1.ec2.archive.ubuntu.com/ubuntu jammy-updates/main amd64 c-n-f Metadata [19.6 kB]
1776333031,,ui,say,==> control-server.amazon-ebs.control_server: Get:13 http://us-east-1.ec2.archive.ubuntu.com/ubuntu jammy-updates/restricted amd64 Packages [5686 kB]
1776333031,,ui,say,==> control-server.amazon-ebs.control_server: Get:14 http://us-east-1.ec2.archive.ubuntu.com/ubuntu jammy-updates/restricted Translation-en [1091 kB]
1776333031,,ui,say,==> control-server.amazon-ebs.control_server: Get:15 http://us-east-1.ec2.archive.ubuntu.com/ubuntu jammy-updates/universe amd64 Packages [1262 kB]
1776333031,,ui,say,==> control-server.amazon-ebs.control_server: Get:16 http://us-east-1.ec2.archive.ubuntu.com/ubuntu jammy-updates/universe Translation-en [316 kB]
1776333031,,ui,say,==> control-server.amazon-ebs.control_server: Get:17 http://us-east-1.ec2.archive.ubuntu.com/ubuntu jammy-updates/universe amd64 c-n-f Metadata [30.5 kB]
1776333031,,ui,say,==> control-server.amazon-ebs.control_server: Get:18 http://us-east-1.ec2.archive.ubuntu.com/ubuntu jammy-updates/multiverse amd64 Packages [59.0 kB]
1776333031,,ui,say,==> control-server.amazon-ebs.control_server: Get:19 http://us-east-1.ec2.archive.ubuntu.com/ubuntu jammy-updates/multiverse Translation-en [13.5 kB]
1776333031,,ui,say,==> control-server.amazon-ebs.control_server: Get:20 http://us-east-1.ec2.archive.ubuntu.com/ubuntu jammy-updates/multiverse amd64 c-n-f Metadata [612 B]
1776333031,,ui,say,==> control-server.amazon-ebs.control_server: Get:21 http://us-east-1.ec2.archive.ubuntu.com/ubuntu jammy-backports/main amd64 Packages [69.4 kB]
1776333031,,ui,say,==> control-server.amazon-ebs.control_server: Get:22 http://us-east-1.ec2.archive.ubuntu.com/ubuntu jammy-backports/main Translation-en [11.5 kB]
1776333031,,ui,say,==> control-server.amazon-ebs.control_server: Get:23 http://us-east-1.ec2.archive.ubuntu.com/ubuntu jammy-backports/main amd64 c-n-f Metadata [412 B]
1776333031,,ui,say,==> control-server.amazon-ebs.control_server: Get:24 http://us-east-1.ec2.archive.ubuntu.com/ubuntu jammy-backports/restricted amd64 c-n-f Metadata [116 B]
1776333031,,ui,say,==> control-server.amazon-ebs.control_server: Get:25 http://us-east-1.ec2.archive.ubuntu.com/ubuntu jammy-backports/universe amd64 Packages [30.6 kB]
1776333031,,ui,say,==> control-server.amazon-ebs.control_server: Get:26 http://us-east-1.ec2.archive.ubuntu.com/ubuntu jammy-backports/universe Translation-en [16.9 kB]
1776333031,,ui,say,==> control-server.amazon-ebs.control_server: Get:27 http://us-east-1.ec2.archive.ubuntu.com/ubuntu jammy-backports/universe amd64 c-n-f Metadata [676 B]
1776333031,,ui,say,==> control-server.amazon-ebs.control_server: Get:28 http://us-east-1.ec2.archive.ubuntu.com/ubuntu jammy-backports/multiverse amd64 c-n-f Metadata [116 B]
1776333040,,ui,say,==> control-server.amazon-ebs.control_server: Get:29 http://security.ubuntu.com/ubuntu jammy-security InRelease [129 kB]
1776333046,,ui,say,==> control-server.amazon-ebs.control_server: Get:30 http://security.ubuntu.com/ubuntu jammy-security/main amd64 Packages [3114 kB]
1776333047,,ui,say,==> control-server.amazon-ebs.control_server: Get:31 http://security.ubuntu.com/ubuntu jammy-security/main Translation-en [445 kB]
1776333050,,ui,say,==> control-server.amazon-ebs.control_server: Get:32 http://security.ubuntu.com/ubuntu jammy-security/main amd64 c-n-f Metadata [14.1 kB]
1776333055,,ui,say,==> control-server.amazon-ebs.control_server: Get:33 http://security.ubuntu.com/ubuntu jammy-security/restricted amd64 Packages [5468 kB]
1776333068,,ui,say,==> control-server.amazon-ebs.control_server: Get:34 http://security.ubuntu.com/ubuntu jammy-security/restricted Translation-en [1051 kB]
1776333083,,ui,say,==> control-server.amazon-ebs.control_server: Get:35 http://security.ubuntu.com/ubuntu jammy-security/universe amd64 Packages [1025 kB]
1776333086,,ui,say,==> control-server.amazon-ebs.control_server: Get:36 http://security.ubuntu.com/ubuntu jammy-security/universe Translation-en [226 kB]
1776333089,,ui,say,==> control-server.amazon-ebs.control_server: Get:37 http://security.ubuntu.com/ubuntu jammy-security/universe amd64 c-n-f Metadata [22.8 kB]
1776333126,,ui,say,==> control-server.amazon-ebs.control_server: Get:38 http://security.ubuntu.com/ubuntu jammy-security/multiverse amd64 Packages [51.9 kB]
1776333131,,ui,say,==> control-server.amazon-ebs.control_server: Get:39 http://security.ubuntu.com/ubuntu jammy-security/multiverse Translation-en [10.6 kB]
1776333135,,ui,say,==> control-server.amazon-ebs.control_server: Get:40 http://security.ubuntu.com/ubuntu jammy-security/multiverse amd64 c-n-f Metadata [388 B]
1776333142,,ui,say,==> control-server.amazon-ebs.control_server: Fetched 44.7 MB in 1min 45s (426 kB/s)
1776333144,,ui,say,==> control-server.amazon-ebs.control_server: Reading package lists...
1776333144,,ui,say,==> control-server.amazon-ebs.control_server: Adding component(s) 'universe' to all repositories.
1776333145,,ui,say,==> control-server.amazon-ebs.control_server: Hit:1 http://us-east-1.ec2.archive.ubuntu.com/ubuntu jammy InRelease
1776333145,,ui,say,==> control-server.amazon-ebs.control_server: Hit:2 http://us-east-1.ec2.archive.ubuntu.com/ubuntu jammy-updates InRelease
1776333145,,ui,say,==> control-server.amazon-ebs.control_server: Hit:3 http://us-east-1.ec2.archive.ubuntu.com/ubuntu jammy-backports InRelease
1776333148,,ui,say,==> control-server.amazon-ebs.control_server: Hit:4 http://security.ubuntu.com/ubuntu jammy-security InRelease
1776333150,,ui,say,==> control-server.amazon-ebs.control_server: Reading package lists...
1776333150,,ui,say,==> control-server.amazon-ebs.control_server: Reading package lists...
1776333150,,ui,say,==> control-server.amazon-ebs.control_server: Building dependency tree...
1776333150,,ui,say,==> control-server.amazon-ebs.control_server: Reading state information...
1776333150,,ui,say,==> control-server.amazon-ebs.control_server: Calculating upgrade...
1776333151,,ui,say,==> control-server.amazon-ebs.control_server: The following packages have been kept back:
1776333151,,ui,say,==> control-server.amazon-ebs.control_server:   libnetplan0 linux-aws linux-headers-aws linux-image-aws netplan.io
1776333151,,ui,say,==> control-server.amazon-ebs.control_server: The following packages will be upgraded:
1776333151,,ui,say,==> control-server.amazon-ebs.control_server:   libpolkit-agent-1-0 libpolkit-gobject-1-0 linux-tools-common pkexec
1776333151,,ui,say,==> control-server.amazon-ebs.control_server:   policykit-1 polkitd vim vim-common vim-runtime vim-tiny xxd
1776333151,,ui,say,==> control-server.amazon-ebs.control_server: 11 upgraded%!(PACKER_COMMA) 0 newly installed%!(PACKER_COMMA) 0 to remove and 5 not upgraded.
1776333151,,ui,say,==> control-server.amazon-ebs.control_server: Need to get 9850 kB of archives.
1776333151,,ui,say,==> control-server.amazon-ebs.control_server: After this operation%!(PACKER_COMMA) 10.2 kB of additional disk space will be used.
1776333151,,ui,say,==> control-server.amazon-ebs.control_server: Get:1 http://us-east-1.ec2.archive.ubuntu.com/ubuntu jammy-updates/main amd64 vim amd64 2:8.2.3995-1ubuntu2.27 [1731 kB]
1776333151,,ui,say,==> control-server.amazon-ebs.control_server: Get:2 http://us-east-1.ec2.archive.ubuntu.com/ubuntu jammy-updates/main amd64 vim-tiny amd64 2:8.2.3995-1ubuntu2.27 [706 kB]
1776333151,,ui,say,==> control-server.amazon-ebs.control_server: Get:3 http://us-east-1.ec2.archive.ubuntu.com/ubuntu jammy-updates/main amd64 vim-runtime all 2:8.2.3995-1ubuntu2.27 [6825 kB]
1776333151,,ui,say,==> control-server.amazon-ebs.control_server: Get:4 http://us-east-1.ec2.archive.ubuntu.com/ubuntu jammy-updates/main amd64 xxd amd64 2:8.2.3995-1ubuntu2.27 [51.0 kB]
1776333151,,ui,say,==> control-server.amazon-ebs.control_server: Get:5 http://us-east-1.ec2.archive.ubuntu.com/ubuntu jammy-updates/main amd64 vim-common all 2:8.2.3995-1ubuntu2.27 [81.5 kB]
1776333151,,ui,say,==> control-server.amazon-ebs.control_server: Get:6 http://us-east-1.ec2.archive.ubuntu.com/ubuntu jammy-updates/main amd64 pkexec amd64 0.105-33ubuntu0.1 [15.2 kB]
1776333151,,ui,say,==> control-server.amazon-ebs.control_server: Get:7 http://us-east-1.ec2.archive.ubuntu.com/ubuntu jammy-updates/main amd64 polkitd amd64 0.105-33ubuntu0.1 [80.1 kB]
1776333151,,ui,say,==> control-server.amazon-ebs.control_server: Get:8 http://us-east-1.ec2.archive.ubuntu.com/ubuntu jammy-updates/main amd64 policykit-1 amd64 0.105-33ubuntu0.1 [2438 B]
1776333151,,ui,say,==> control-server.amazon-ebs.control_server: Get:9 http://us-east-1.ec2.archive.ubuntu.com/ubuntu jammy-updates/main amd64 libpolkit-agent-1-0 amd64 0.105-33ubuntu0.1 [16.9 kB]
1776333151,,ui,say,==> control-server.amazon-ebs.control_server: Get:10 http://us-east-1.ec2.archive.ubuntu.com/ubuntu jammy-updates/main amd64 libpolkit-gobject-1-0 amd64 0.105-33ubuntu0.1 [43.3 kB]
1776333151,,ui,say,==> control-server.amazon-ebs.control_server: Get:11 http://us-east-1.ec2.archive.ubuntu.com/ubuntu jammy-updates/main amd64 linux-tools-common all 5.15.0-176.186 [297 kB]
1776333151,,ui,error,==> control-server.amazon-ebs.control_server: debconf: unable to initialize frontend: Dialog
1776333151,,ui,error,==> control-server.amazon-ebs.control_server: debconf: (Dialog frontend will not work on a dumb terminal%!(PACKER_COMMA) an emacs shell buffer%!(PACKER_COMMA) or without a controlling terminal.)
1776333151,,ui,error,==> control-server.amazon-ebs.control_server: debconf: falling back to frontend: Readline
1776333151,,ui,error,==> control-server.amazon-ebs.control_server: debconf: unable to initialize frontend: Readline
1776333151,,ui,error,==> control-server.amazon-ebs.control_server: debconf: (This frontend requires a controlling tty.)
1776333151,,ui,error,==> control-server.amazon-ebs.control_server: debconf: falling back to frontend: Teletype
1776333151,,ui,error,==> control-server.amazon-ebs.control_server: dpkg-preconfigure: unable to re-open stdin:
1776333151,,ui,say,==> control-server.amazon-ebs.control_server: Fetched 9850 kB in 0s (64.0 MB/s)
1776333152,,ui,say,==> control-server.amazon-ebs.control_server: (Reading database ... 66072 files and directories currently installed.)
1776333152,,ui,say,==> control-server.amazon-ebs.control_server: Preparing to unpack .../00-vim_2%3a8.2.3995-1ubuntu2.27_amd64.deb ...
1776333152,,ui,say,==> control-server.amazon-ebs.control_server: Unpacking vim (2:8.2.3995-1ubuntu2.27) over (2:8.2.3995-1ubuntu2.26) ...
1776333152,,ui,say,==> control-server.amazon-ebs.control_server: Preparing to unpack .../01-vim-tiny_2%3a8.2.3995-1ubuntu2.27_amd64.deb ...
1776333152,,ui,say,==> control-server.amazon-ebs.control_server: Unpacking vim-tiny (2:8.2.3995-1ubuntu2.27) over (2:8.2.3995-1ubuntu2.26) ...
1776333152,,ui,say,==> control-server.amazon-ebs.control_server: Preparing to unpack .../02-vim-runtime_2%3a8.2.3995-1ubuntu2.27_all.deb ...
1776333152,,ui,say,==> control-server.amazon-ebs.control_server: Unpacking vim-runtime (2:8.2.3995-1ubuntu2.27) over (2:8.2.3995-1ubuntu2.26) ...
1776333153,,ui,say,==> control-server.amazon-ebs.control_server: Preparing to unpack .../03-xxd_2%3a8.2.3995-1ubuntu2.27_amd64.deb ...
1776333153,,ui,say,==> control-server.amazon-ebs.control_server: Unpacking xxd (2:8.2.3995-1ubuntu2.27) over (2:8.2.3995-1ubuntu2.26) ...
1776333153,,ui,say,==> control-server.amazon-ebs.control_server: Preparing to unpack .../04-vim-common_2%3a8.2.3995-1ubuntu2.27_all.deb ...
1776333153,,ui,say,==> control-server.amazon-ebs.control_server: Unpacking vim-common (2:8.2.3995-1ubuntu2.27) over (2:8.2.3995-1ubuntu2.26) ...
1776333153,,ui,say,==> control-server.amazon-ebs.control_server: Preparing to unpack .../05-pkexec_0.105-33ubuntu0.1_amd64.deb ...
1776333153,,ui,say,==> control-server.amazon-ebs.control_server: Unpacking pkexec (0.105-33ubuntu0.1) over (0.105-33) ...
1776333153,,ui,say,==> control-server.amazon-ebs.control_server: Preparing to unpack .../06-polkitd_0.105-33ubuntu0.1_amd64.deb ...
1776333153,,ui,say,==> control-server.amazon-ebs.control_server: Unpacking polkitd (0.105-33ubuntu0.1) over (0.105-33) ...
1776333153,,ui,say,==> control-server.amazon-ebs.control_server: Preparing to unpack .../07-policykit-1_0.105-33ubuntu0.1_amd64.deb ...
1776333153,,ui,say,==> control-server.amazon-ebs.control_server: Unpacking policykit-1 (0.105-33ubuntu0.1) over (0.105-33) ...
1776333153,,ui,say,==> control-server.amazon-ebs.control_server: Preparing to unpack .../08-libpolkit-agent-1-0_0.105-33ubuntu0.1_amd64.deb ...
1776333153,,ui,say,==> control-server.amazon-ebs.control_server: Unpacking libpolkit-agent-1-0:amd64 (0.105-33ubuntu0.1) over (0.105-33) ...
1776333153,,ui,say,==> control-server.amazon-ebs.control_server: Preparing to unpack .../09-libpolkit-gobject-1-0_0.105-33ubuntu0.1_amd64.deb ...
1776333153,,ui,say,==> control-server.amazon-ebs.control_server: Unpacking libpolkit-gobject-1-0:amd64 (0.105-33ubuntu0.1) over (0.105-33) ...
1776333153,,ui,say,==> control-server.amazon-ebs.control_server: Preparing to unpack .../10-linux-tools-common_5.15.0-176.186_all.deb ...
1776333153,,ui,say,==> control-server.amazon-ebs.control_server: Unpacking linux-tools-common (5.15.0-176.186) over (5.15.0-174.184) ...
1776333153,,ui,say,==> control-server.amazon-ebs.control_server: Setting up xxd (2:8.2.3995-1ubuntu2.27) ...
1776333153,,ui,say,==> control-server.amazon-ebs.control_server: Setting up vim-common (2:8.2.3995-1ubuntu2.27) ...
1776333153,,ui,say,==> control-server.amazon-ebs.control_server: Setting up vim-runtime (2:8.2.3995-1ubuntu2.27) ...
1776333153,,ui,say,==> control-server.amazon-ebs.control_server: Setting up linux-tools-common (5.15.0-176.186) ...
1776333153,,ui,say,==> control-server.amazon-ebs.control_server: Setting up libpolkit-gobject-1-0:amd64 (0.105-33ubuntu0.1) ...
1776333153,,ui,say,==> control-server.amazon-ebs.control_server: Setting up vim (2:8.2.3995-1ubuntu2.27) ...
1776333154,,ui,say,==> control-server.amazon-ebs.control_server: Setting up vim-tiny (2:8.2.3995-1ubuntu2.27) ...
1776333154,,ui,say,==> control-server.amazon-ebs.control_server: Setting up libpolkit-agent-1-0:amd64 (0.105-33ubuntu0.1) ...
1776333154,,ui,say,==> control-server.amazon-ebs.control_server: Setting up polkitd (0.105-33ubuntu0.1) ...
1776333154,,ui,say,==> control-server.amazon-ebs.control_server: Setting up pkexec (0.105-33ubuntu0.1) ...
1776333154,,ui,say,==> control-server.amazon-ebs.control_server: Setting up policykit-1 (0.105-33ubuntu0.1) ...
1776333154,,ui,say,==> control-server.amazon-ebs.control_server: Processing triggers for man-db (2.10.2-1) ...
1776333154,,ui,say,==> control-server.amazon-ebs.control_server: Processing triggers for dbus (1.12.20-2ubuntu4.1) ...
1776333154,,ui,say,==> control-server.amazon-ebs.control_server: Processing triggers for libc-bin (2.35-0ubuntu3.13) ...
1776333155,,ui,say,==> control-server.amazon-ebs.control_server:
1776333155,,ui,say,==> control-server.amazon-ebs.control_server: Running kernel seems to be up-to-date.
1776333155,,ui,say,==> control-server.amazon-ebs.control_server:
1776333155,,ui,say,==> control-server.amazon-ebs.control_server: Services to be restarted:
1776333155,,ui,say,==> control-server.amazon-ebs.control_server:  systemctl restart packagekit.service
1776333155,,ui,say,==> control-server.amazon-ebs.control_server:
1776333155,,ui,say,==> control-server.amazon-ebs.control_server: No containers need to be restarted.
1776333155,,ui,say,==> control-server.amazon-ebs.control_server:
1776333155,,ui,say,==> control-server.amazon-ebs.control_server: No user sessions are running outdated binaries.
1776333155,,ui,say,==> control-server.amazon-ebs.control_server:
1776333155,,ui,say,==> control-server.amazon-ebs.control_server: No VM guests are running outdated hypervisor (qemu) binaries on this host.
1776333157,,ui,say,==> control-server.amazon-ebs.control_server: Reading package lists...
1776333158,,ui,say,==> control-server.amazon-ebs.control_server: Building dependency tree...
1776333158,,ui,say,==> control-server.amazon-ebs.control_server: Reading state information...
1776333158,,ui,say,==> control-server.amazon-ebs.control_server: lsb-release is already the newest version (11.1.0ubuntu4).
1776333158,,ui,say,==> control-server.amazon-ebs.control_server: lsb-release set to manually installed.
1776333158,,ui,say,==> control-server.amazon-ebs.control_server: ca-certificates is already the newest version (20240203~22.04.1).
1776333158,,ui,say,==> control-server.amazon-ebs.control_server: ca-certificates set to manually installed.
1776333158,,ui,say,==> control-server.amazon-ebs.control_server: curl is already the newest version (7.81.0-1ubuntu1.23).
1776333158,,ui,say,==> control-server.amazon-ebs.control_server: curl set to manually installed.
1776333158,,ui,say,==> control-server.amazon-ebs.control_server: gnupg is already the newest version (2.2.27-3ubuntu2.5).
1776333158,,ui,say,==> control-server.amazon-ebs.control_server: gnupg set to manually installed.
1776333158,,ui,say,==> control-server.amazon-ebs.control_server: software-properties-common is already the newest version (0.99.22.9).
1776333158,,ui,say,==> control-server.amazon-ebs.control_server: software-properties-common set to manually installed.
1776333158,,ui,say,==> control-server.amazon-ebs.control_server: wget is already the newest version (1.21.2-2ubuntu1.1).
1776333158,,ui,say,==> control-server.amazon-ebs.control_server: wget set to manually installed.
1776333158,,ui,say,==> control-server.amazon-ebs.control_server: The following additional packages will be installed:
1776333158,,ui,say,==> control-server.amazon-ebs.control_server:   libjq1 libonig5
1776333158,,ui,say,==> control-server.amazon-ebs.control_server: Suggested packages:
1776333158,,ui,say,==> control-server.amazon-ebs.control_server:   zip
1776333158,,ui,say,==> control-server.amazon-ebs.control_server: The following NEW packages will be installed:
1776333158,,ui,say,==> control-server.amazon-ebs.control_server:   apt-transport-https jq libjq1 libonig5 ssl-cert unzip
1776333158,,ui,say,==> control-server.amazon-ebs.control_server: 0 upgraded%!(PACKER_COMMA) 6 newly installed%!(PACKER_COMMA) 0 to remove and 5 not upgraded.
1776333158,,ui,say,==> control-server.amazon-ebs.control_server: Need to get 551 kB of archives.
1776333158,,ui,say,==> control-server.amazon-ebs.control_server: After this operation%!(PACKER_COMMA) 1709 kB of additional disk space will be used.
1776333158,,ui,say,==> control-server.amazon-ebs.control_server: Get:1 http://us-east-1.ec2.archive.ubuntu.com/ubuntu jammy-updates/universe amd64 apt-transport-https all 2.4.14 [1510 B]
1776333158,,ui,say,==> control-server.amazon-ebs.control_server: Get:2 http://us-east-1.ec2.archive.ubuntu.com/ubuntu jammy/main amd64 libonig5 amd64 6.9.7.1-2build1 [172 kB]
1776333158,,ui,say,==> control-server.amazon-ebs.control_server: Get:3 http://us-east-1.ec2.archive.ubuntu.com/ubuntu jammy-updates/main amd64 libjq1 amd64 1.6-2.1ubuntu3.1 [133 kB]
1776333158,,ui,say,==> control-server.amazon-ebs.control_server: Get:4 http://us-east-1.ec2.archive.ubuntu.com/ubuntu jammy-updates/main amd64 jq amd64 1.6-2.1ubuntu3.1 [52.5 kB]
1776333158,,ui,say,==> control-server.amazon-ebs.control_server: Get:5 http://us-east-1.ec2.archive.ubuntu.com/ubuntu jammy/main amd64 ssl-cert all 1.1.2 [17.4 kB]
1776333158,,ui,say,==> control-server.amazon-ebs.control_server: Get:6 http://us-east-1.ec2.archive.ubuntu.com/ubuntu jammy-updates/main amd64 unzip amd64 6.0-26ubuntu3.2 [175 kB]
1776333158,,ui,error,==> control-server.amazon-ebs.control_server: debconf: unable to initialize frontend: Dialog
1776333158,,ui,error,==> control-server.amazon-ebs.control_server: debconf: (Dialog frontend will not work on a dumb terminal%!(PACKER_COMMA) an emacs shell buffer%!(PACKER_COMMA) or without a controlling terminal.)
1776333158,,ui,error,==> control-server.amazon-ebs.control_server: debconf: falling back to frontend: Readline
1776333158,,ui,error,==> control-server.amazon-ebs.control_server: debconf: unable to initialize frontend: Readline
1776333158,,ui,error,==> control-server.amazon-ebs.control_server: debconf: (This frontend requires a controlling tty.)
1776333158,,ui,error,==> control-server.amazon-ebs.control_server: debconf: falling back to frontend: Teletype
1776333158,,ui,error,==> control-server.amazon-ebs.control_server: dpkg-preconfigure: unable to re-open stdin:
1776333158,,ui,say,==> control-server.amazon-ebs.control_server: Fetched 551 kB in 0s (16.0 MB/s)
1776333158,,ui,say,==> control-server.amazon-ebs.control_server: Selecting previously unselected package apt-transport-https.
1776333158,,ui,say,==> control-server.amazon-ebs.control_server: (Reading database ... 66072 files and directories currently installed.)
1776333158,,ui,say,==> control-server.amazon-ebs.control_server: Preparing to unpack .../0-apt-transport-https_2.4.14_all.deb ...
1776333158,,ui,say,==> control-server.amazon-ebs.control_server: Unpacking apt-transport-https (2.4.14) ...
1776333158,,ui,say,==> control-server.amazon-ebs.control_server: Selecting previously unselected package libonig5:amd64.
1776333158,,ui,say,==> control-server.amazon-ebs.control_server: Preparing to unpack .../1-libonig5_6.9.7.1-2build1_amd64.deb ...
1776333159,,ui,say,==> control-server.amazon-ebs.control_server: Unpacking libonig5:amd64 (6.9.7.1-2build1) ...
1776333159,,ui,say,==> control-server.amazon-ebs.control_server: Selecting previously unselected package libjq1:amd64.
1776333159,,ui,say,==> control-server.amazon-ebs.control_server: Preparing to unpack .../2-libjq1_1.6-2.1ubuntu3.1_amd64.deb ...
1776333159,,ui,say,==> control-server.amazon-ebs.control_server: Unpacking libjq1:amd64 (1.6-2.1ubuntu3.1) ...
1776333159,,ui,say,==> control-server.amazon-ebs.control_server: Selecting previously unselected package jq.
1776333159,,ui,say,==> control-server.amazon-ebs.control_server: Preparing to unpack .../3-jq_1.6-2.1ubuntu3.1_amd64.deb ...
1776333159,,ui,say,==> control-server.amazon-ebs.control_server: Unpacking jq (1.6-2.1ubuntu3.1) ...
1776333159,,ui,say,==> control-server.amazon-ebs.control_server: Selecting previously unselected package ssl-cert.
1776333159,,ui,say,==> control-server.amazon-ebs.control_server: Preparing to unpack .../4-ssl-cert_1.1.2_all.deb ...
1776333159,,ui,say,==> control-server.amazon-ebs.control_server: Unpacking ssl-cert (1.1.2) ...
1776333159,,ui,say,==> control-server.amazon-ebs.control_server: Selecting previously unselected package unzip.
1776333159,,ui,say,==> control-server.amazon-ebs.control_server: Preparing to unpack .../5-unzip_6.0-26ubuntu3.2_amd64.deb ...
1776333159,,ui,say,==> control-server.amazon-ebs.control_server: Unpacking unzip (6.0-26ubuntu3.2) ...
1776333159,,ui,say,==> control-server.amazon-ebs.control_server: Setting up apt-transport-https (2.4.14) ...
1776333159,,ui,say,==> control-server.amazon-ebs.control_server: Setting up unzip (6.0-26ubuntu3.2) ...
1776333159,,ui,say,==> control-server.amazon-ebs.control_server: Setting up ssl-cert (1.1.2) ...
1776333159,,ui,say,==> control-server.amazon-ebs.control_server: debconf: unable to initialize frontend: Dialog
1776333159,,ui,say,==> control-server.amazon-ebs.control_server: debconf: (Dialog frontend will not work on a dumb terminal%!(PACKER_COMMA) an emacs shell buffer%!(PACKER_COMMA) or without a controlling terminal.)
1776333159,,ui,say,==> control-server.amazon-ebs.control_server: debconf: falling back to frontend: Readline
1776333159,,ui,say,==> control-server.amazon-ebs.control_server: Setting up libonig5:amd64 (6.9.7.1-2build1) ...
1776333159,,ui,say,==> control-server.amazon-ebs.control_server: Setting up libjq1:amd64 (1.6-2.1ubuntu3.1) ...
1776333160,,ui,say,==> control-server.amazon-ebs.control_server: Setting up jq (1.6-2.1ubuntu3.1) ...
1776333160,,ui,say,==> control-server.amazon-ebs.control_server: Processing triggers for man-db (2.10.2-1) ...
1776333160,,ui,say,==> control-server.amazon-ebs.control_server: Processing triggers for libc-bin (2.35-0ubuntu3.13) ...
1776333160,,ui,say,==> control-server.amazon-ebs.control_server:
1776333160,,ui,say,==> control-server.amazon-ebs.control_server: Running kernel seems to be up-to-date.
1776333160,,ui,say,==> control-server.amazon-ebs.control_server:
1776333160,,ui,say,==> control-server.amazon-ebs.control_server: Services to be restarted:
1776333160,,ui,say,==> control-server.amazon-ebs.control_server:  systemctl restart packagekit.service
1776333160,,ui,say,==> control-server.amazon-ebs.control_server:
1776333160,,ui,say,==> control-server.amazon-ebs.control_server: No containers need to be restarted.
1776333160,,ui,say,==> control-server.amazon-ebs.control_server:
1776333160,,ui,say,==> control-server.amazon-ebs.control_server: No user sessions are running outdated binaries.
1776333160,,ui,say,==> control-server.amazon-ebs.control_server:
1776333160,,ui,say,==> control-server.amazon-ebs.control_server: No VM guests are running outdated hypervisor (qemu) binaries on this host.
1776333164,,ui,say,==> control-server.amazon-ebs.control_server: Provisioning with shell script: /var/folders/5s/5htvl7wx4_3551yjw2wzpxr80000gn/T/packer-shell1827283057
1776333165,,ui,say,==> control-server.amazon-ebs.control_server: >>> Phase 3: Install Nginx
1776333165,,ui,say,==> control-server.amazon-ebs.control_server: Reading package lists...
1776333167,,ui,say,==> control-server.amazon-ebs.control_server: Building dependency tree...
1776333167,,ui,say,==> control-server.amazon-ebs.control_server: Reading state information...
1776333169,,ui,say,==> control-server.amazon-ebs.control_server: The following additional packages will be installed:
1776333169,,ui,say,==> control-server.amazon-ebs.control_server:   fontconfig-config fonts-dejavu-core libdeflate0 libfontconfig1 libgd3
1776333169,,ui,say,==> control-server.amazon-ebs.control_server:   libjbig0 libjpeg-turbo8 libjpeg8 libnginx-mod-http-geoip2
1776333169,,ui,say,==> control-server.amazon-ebs.control_server:   libnginx-mod-http-image-filter libnginx-mod-http-xslt-filter
1776333169,,ui,say,==> control-server.amazon-ebs.control_server:   libnginx-mod-mail libnginx-mod-stream libnginx-mod-stream-geoip2 libtiff5
1776333169,,ui,say,==> control-server.amazon-ebs.control_server:   libwebp7 libxpm4 nginx-common nginx-core
1776333169,,ui,say,==> control-server.amazon-ebs.control_server: Suggested packages:
1776333169,,ui,say,==> control-server.amazon-ebs.control_server:   libgd-tools fcgiwrap nginx-doc
1776333169,,ui,say,==> control-server.amazon-ebs.control_server: The following NEW packages will be installed:
1776333169,,ui,say,==> control-server.amazon-ebs.control_server:   fontconfig-config fonts-dejavu-core libdeflate0 libfontconfig1 libgd3
1776333169,,ui,say,==> control-server.amazon-ebs.control_server:   libjbig0 libjpeg-turbo8 libjpeg8 libnginx-mod-http-geoip2
1776333169,,ui,say,==> control-server.amazon-ebs.control_server:   libnginx-mod-http-image-filter libnginx-mod-http-xslt-filter
1776333169,,ui,say,==> control-server.amazon-ebs.control_server:   libnginx-mod-mail libnginx-mod-stream libnginx-mod-stream-geoip2 libtiff5
1776333169,,ui,say,==> control-server.amazon-ebs.control_server:   libwebp7 libxpm4 nginx nginx-common nginx-core
1776333169,,ui,say,==> control-server.amazon-ebs.control_server: 0 upgraded%!(PACKER_COMMA) 20 newly installed%!(PACKER_COMMA) 0 to remove and 5 not upgraded.
1776333169,,ui,say,==> control-server.amazon-ebs.control_server: Need to get 2695 kB of archives.
1776333169,,ui,say,==> control-server.amazon-ebs.control_server: After this operation%!(PACKER_COMMA) 8346 kB of additional disk space will be used.
1776333169,,ui,say,==> control-server.amazon-ebs.control_server: Get:1 http://us-east-1.ec2.archive.ubuntu.com/ubuntu jammy/main amd64 fonts-dejavu-core all 2.37-2build1 [1041 kB]
1776333169,,ui,say,==> control-server.amazon-ebs.control_server: Get:2 http://us-east-1.ec2.archive.ubuntu.com/ubuntu jammy/main amd64 fontconfig-config all 2.13.1-4.2ubuntu5 [29.1 kB]
1776333169,,ui,say,==> control-server.amazon-ebs.control_server: Get:3 http://us-east-1.ec2.archive.ubuntu.com/ubuntu jammy/main amd64 libdeflate0 amd64 1.10-2 [70.9 kB]
1776333169,,ui,say,==> control-server.amazon-ebs.control_server: Get:4 http://us-east-1.ec2.archive.ubuntu.com/ubuntu jammy/main amd64 libfontconfig1 amd64 2.13.1-4.2ubuntu5 [131 kB]
1776333169,,ui,say,==> control-server.amazon-ebs.control_server: Get:5 http://us-east-1.ec2.archive.ubuntu.com/ubuntu jammy/main amd64 libjpeg-turbo8 amd64 2.1.2-0ubuntu1 [134 kB]
1776333169,,ui,say,==> control-server.amazon-ebs.control_server: Get:6 http://us-east-1.ec2.archive.ubuntu.com/ubuntu jammy/main amd64 libjpeg8 amd64 8c-2ubuntu10 [2264 B]
1776333169,,ui,say,==> control-server.amazon-ebs.control_server: Get:7 http://us-east-1.ec2.archive.ubuntu.com/ubuntu jammy-updates/main amd64 libjbig0 amd64 2.1-3.1ubuntu0.22.04.1 [29.2 kB]
1776333169,,ui,say,==> control-server.amazon-ebs.control_server: Get:8 http://us-east-1.ec2.archive.ubuntu.com/ubuntu jammy-updates/main amd64 libwebp7 amd64 1.2.2-2ubuntu0.22.04.2 [206 kB]
1776333169,,ui,say,==> control-server.amazon-ebs.control_server: Get:9 http://us-east-1.ec2.archive.ubuntu.com/ubuntu jammy-updates/main amd64 libtiff5 amd64 4.3.0-6ubuntu0.13 [185 kB]
1776333169,,ui,say,==> control-server.amazon-ebs.control_server: Get:10 http://us-east-1.ec2.archive.ubuntu.com/ubuntu jammy-updates/main amd64 libxpm4 amd64 1:3.5.12-1ubuntu0.22.04.2 [36.7 kB]
1776333169,,ui,say,==> control-server.amazon-ebs.control_server: Get:11 http://us-east-1.ec2.archive.ubuntu.com/ubuntu jammy-updates/main amd64 libgd3 amd64 2.3.0-2ubuntu2.3 [129 kB]
1776333169,,ui,say,==> control-server.amazon-ebs.control_server: Get:12 http://us-east-1.ec2.archive.ubuntu.com/ubuntu jammy-updates/main amd64 nginx-common all 1.18.0-6ubuntu14.8 [40.1 kB]
1776333169,,ui,say,==> control-server.amazon-ebs.control_server: Get:13 http://us-east-1.ec2.archive.ubuntu.com/ubuntu jammy-updates/main amd64 libnginx-mod-http-geoip2 amd64 1.18.0-6ubuntu14.8 [12.1 kB]
1776333169,,ui,say,==> control-server.amazon-ebs.control_server: Get:14 http://us-east-1.ec2.archive.ubuntu.com/ubuntu jammy-updates/main amd64 libnginx-mod-http-image-filter amd64 1.18.0-6ubuntu14.8 [15.6 kB]
1776333169,,ui,say,==> control-server.amazon-ebs.control_server: Get:15 http://us-east-1.ec2.archive.ubuntu.com/ubuntu jammy-updates/main amd64 libnginx-mod-http-xslt-filter amd64 1.18.0-6ubuntu14.8 [13.9 kB]
1776333169,,ui,say,==> control-server.amazon-ebs.control_server: Get:16 http://us-east-1.ec2.archive.ubuntu.com/ubuntu jammy-updates/main amd64 libnginx-mod-mail amd64 1.18.0-6ubuntu14.8 [45.8 kB]
1776333169,,ui,say,==> control-server.amazon-ebs.control_server: Get:17 http://us-east-1.ec2.archive.ubuntu.com/ubuntu jammy-updates/main amd64 libnginx-mod-stream amd64 1.18.0-6ubuntu14.8 [73.0 kB]
1776333169,,ui,say,==> control-server.amazon-ebs.control_server: Get:18 http://us-east-1.ec2.archive.ubuntu.com/ubuntu jammy-updates/main amd64 libnginx-mod-stream-geoip2 amd64 1.18.0-6ubuntu14.8 [10.1 kB]
1776333169,,ui,say,==> control-server.amazon-ebs.control_server: Get:19 http://us-east-1.ec2.archive.ubuntu.com/ubuntu jammy-updates/main amd64 nginx-core amd64 1.18.0-6ubuntu14.8 [484 kB]
1776333169,,ui,say,==> control-server.amazon-ebs.control_server: Get:20 http://us-east-1.ec2.archive.ubuntu.com/ubuntu jammy-updates/main amd64 nginx amd64 1.18.0-6ubuntu14.8 [3882 B]
1776333170,,ui,error,==> control-server.amazon-ebs.control_server: debconf: unable to initialize frontend: Dialog
1776333170,,ui,error,==> control-server.amazon-ebs.control_server: debconf: (Dialog frontend will not work on a dumb terminal%!(PACKER_COMMA) an emacs shell buffer%!(PACKER_COMMA) or without a controlling terminal.)
1776333170,,ui,error,==> control-server.amazon-ebs.control_server: debconf: falling back to frontend: Readline
1776333170,,ui,error,==> control-server.amazon-ebs.control_server: debconf: unable to initialize frontend: Readline
1776333170,,ui,error,==> control-server.amazon-ebs.control_server: debconf: (This frontend requires a controlling tty.)
1776333170,,ui,error,==> control-server.amazon-ebs.control_server: debconf: falling back to frontend: Teletype
1776333170,,ui,error,==> control-server.amazon-ebs.control_server: dpkg-preconfigure: unable to re-open stdin:
1776333171,,ui,say,==> control-server.amazon-ebs.control_server: Fetched 2695 kB in 0s (8558 kB/s)
1776333171,,ui,say,==> control-server.amazon-ebs.control_server: Selecting previously unselected package fonts-dejavu-core.
1776333171,,ui,say,==> control-server.amazon-ebs.control_server: (Reading database ... 66120 files and directories currently installed.)
1776333171,,ui,say,==> control-server.amazon-ebs.control_server: Preparing to unpack .../00-fonts-dejavu-core_2.37-2build1_all.deb ...
1776333171,,ui,say,==> control-server.amazon-ebs.control_server: Unpacking fonts-dejavu-core (2.37-2build1) ...
1776333172,,ui,say,==> control-server.amazon-ebs.control_server: Selecting previously unselected package fontconfig-config.
1776333172,,ui,say,==> control-server.amazon-ebs.control_server: Preparing to unpack .../01-fontconfig-config_2.13.1-4.2ubuntu5_all.deb ...
1776333172,,ui,say,==> control-server.amazon-ebs.control_server: Unpacking fontconfig-config (2.13.1-4.2ubuntu5) ...
1776333172,,ui,say,==> control-server.amazon-ebs.control_server: Selecting previously unselected package libdeflate0:amd64.
1776333172,,ui,say,==> control-server.amazon-ebs.control_server: Preparing to unpack .../02-libdeflate0_1.10-2_amd64.deb ...
1776333172,,ui,say,==> control-server.amazon-ebs.control_server: Unpacking libdeflate0:amd64 (1.10-2) ...
1776333172,,ui,say,==> control-server.amazon-ebs.control_server: Selecting previously unselected package libfontconfig1:amd64.
1776333172,,ui,say,==> control-server.amazon-ebs.control_server: Preparing to unpack .../03-libfontconfig1_2.13.1-4.2ubuntu5_amd64.deb ...
1776333172,,ui,say,==> control-server.amazon-ebs.control_server: Unpacking libfontconfig1:amd64 (2.13.1-4.2ubuntu5) ...
1776333172,,ui,say,==> control-server.amazon-ebs.control_server: Selecting previously unselected package libjpeg-turbo8:amd64.
1776333172,,ui,say,==> control-server.amazon-ebs.control_server: Preparing to unpack .../04-libjpeg-turbo8_2.1.2-0ubuntu1_amd64.deb ...
1776333172,,ui,say,==> control-server.amazon-ebs.control_server: Unpacking libjpeg-turbo8:amd64 (2.1.2-0ubuntu1) ...
1776333173,,ui,say,==> control-server.amazon-ebs.control_server: Selecting previously unselected package libjpeg8:amd64.
1776333173,,ui,say,==> control-server.amazon-ebs.control_server: Preparing to unpack .../05-libjpeg8_8c-2ubuntu10_amd64.deb ...
1776333173,,ui,say,==> control-server.amazon-ebs.control_server: Unpacking libjpeg8:amd64 (8c-2ubuntu10) ...
1776333173,,ui,say,==> control-server.amazon-ebs.control_server: Selecting previously unselected package libjbig0:amd64.
1776333173,,ui,say,==> control-server.amazon-ebs.control_server: Preparing to unpack .../06-libjbig0_2.1-3.1ubuntu0.22.04.1_amd64.deb ...
1776333173,,ui,say,==> control-server.amazon-ebs.control_server: Unpacking libjbig0:amd64 (2.1-3.1ubuntu0.22.04.1) ...
1776333173,,ui,say,==> control-server.amazon-ebs.control_server: Selecting previously unselected package libwebp7:amd64.
1776333173,,ui,say,==> control-server.amazon-ebs.control_server: Preparing to unpack .../07-libwebp7_1.2.2-2ubuntu0.22.04.2_amd64.deb ...
1776333173,,ui,say,==> control-server.amazon-ebs.control_server: Unpacking libwebp7:amd64 (1.2.2-2ubuntu0.22.04.2) ...
1776333173,,ui,say,==> control-server.amazon-ebs.control_server: Selecting previously unselected package libtiff5:amd64.
1776333173,,ui,say,==> control-server.amazon-ebs.control_server: Preparing to unpack .../08-libtiff5_4.3.0-6ubuntu0.13_amd64.deb ...
1776333173,,ui,say,==> control-server.amazon-ebs.control_server: Unpacking libtiff5:amd64 (4.3.0-6ubuntu0.13) ...
1776333173,,ui,say,==> control-server.amazon-ebs.control_server: Selecting previously unselected package libxpm4:amd64.
1776333173,,ui,say,==> control-server.amazon-ebs.control_server: Preparing to unpack .../09-libxpm4_1%3a3.5.12-1ubuntu0.22.04.2_amd64.deb ...
1776333173,,ui,say,==> control-server.amazon-ebs.control_server: Unpacking libxpm4:amd64 (1:3.5.12-1ubuntu0.22.04.2) ...
1776333173,,ui,say,==> control-server.amazon-ebs.control_server: Selecting previously unselected package libgd3:amd64.
1776333173,,ui,say,==> control-server.amazon-ebs.control_server: Preparing to unpack .../10-libgd3_2.3.0-2ubuntu2.3_amd64.deb ...
1776333173,,ui,say,==> control-server.amazon-ebs.control_server: Unpacking libgd3:amd64 (2.3.0-2ubuntu2.3) ...
1776333173,,ui,say,==> control-server.amazon-ebs.control_server: Selecting previously unselected package nginx-common.
1776333174,,ui,say,==> control-server.amazon-ebs.control_server: Preparing to unpack .../11-nginx-common_1.18.0-6ubuntu14.8_all.deb ...
1776333174,,ui,say,==> control-server.amazon-ebs.control_server: Unpacking nginx-common (1.18.0-6ubuntu14.8) ...
1776333174,,ui,say,==> control-server.amazon-ebs.control_server: Selecting previously unselected package libnginx-mod-http-geoip2.
1776333174,,ui,say,==> control-server.amazon-ebs.control_server: Preparing to unpack .../12-libnginx-mod-http-geoip2_1.18.0-6ubuntu14.8_amd64.deb ...
1776333174,,ui,say,==> control-server.amazon-ebs.control_server: Unpacking libnginx-mod-http-geoip2 (1.18.0-6ubuntu14.8) ...
1776333174,,ui,say,==> control-server.amazon-ebs.control_server: Selecting previously unselected package libnginx-mod-http-image-filter.
1776333174,,ui,say,==> control-server.amazon-ebs.control_server: Preparing to unpack .../13-libnginx-mod-http-image-filter_1.18.0-6ubuntu14.8_amd64.deb ...
1776333174,,ui,say,==> control-server.amazon-ebs.control_server: Unpacking libnginx-mod-http-image-filter (1.18.0-6ubuntu14.8) ...
1776333174,,ui,say,==> control-server.amazon-ebs.control_server: Selecting previously unselected package libnginx-mod-http-xslt-filter.
1776333174,,ui,say,==> control-server.amazon-ebs.control_server: Preparing to unpack .../14-libnginx-mod-http-xslt-filter_1.18.0-6ubuntu14.8_amd64.deb ...
1776333174,,ui,say,==> control-server.amazon-ebs.control_server: Unpacking libnginx-mod-http-xslt-filter (1.18.0-6ubuntu14.8) ...
1776333174,,ui,say,==> control-server.amazon-ebs.control_server: Selecting previously unselected package libnginx-mod-mail.
1776333174,,ui,say,==> control-server.amazon-ebs.control_server: Preparing to unpack .../15-libnginx-mod-mail_1.18.0-6ubuntu14.8_amd64.deb ...
1776333174,,ui,say,==> control-server.amazon-ebs.control_server: Unpacking libnginx-mod-mail (1.18.0-6ubuntu14.8) ...
1776333174,,ui,say,==> control-server.amazon-ebs.control_server: Selecting previously unselected package libnginx-mod-stream.
1776333174,,ui,say,==> control-server.amazon-ebs.control_server: Preparing to unpack .../16-libnginx-mod-stream_1.18.0-6ubuntu14.8_amd64.deb ...
1776333174,,ui,say,==> control-server.amazon-ebs.control_server: Unpacking libnginx-mod-stream (1.18.0-6ubuntu14.8) ...
1776333175,,ui,say,==> control-server.amazon-ebs.control_server: Selecting previously unselected package libnginx-mod-stream-geoip2.
1776333175,,ui,say,==> control-server.amazon-ebs.control_server: Preparing to unpack .../17-libnginx-mod-stream-geoip2_1.18.0-6ubuntu14.8_amd64.deb ...
1776333175,,ui,say,==> control-server.amazon-ebs.control_server: Unpacking libnginx-mod-stream-geoip2 (1.18.0-6ubuntu14.8) ...
1776333175,,ui,say,==> control-server.amazon-ebs.control_server: Selecting previously unselected package nginx-core.
1776333175,,ui,say,==> control-server.amazon-ebs.control_server: Preparing to unpack .../18-nginx-core_1.18.0-6ubuntu14.8_amd64.deb ...
1776333175,,ui,say,==> control-server.amazon-ebs.control_server: Unpacking nginx-core (1.18.0-6ubuntu14.8) ...
1776333175,,ui,say,==> control-server.amazon-ebs.control_server: Selecting previously unselected package nginx.
1776333175,,ui,say,==> control-server.amazon-ebs.control_server: Preparing to unpack .../19-nginx_1.18.0-6ubuntu14.8_amd64.deb ...
1776333175,,ui,say,==> control-server.amazon-ebs.control_server: Unpacking nginx (1.18.0-6ubuntu14.8) ...
1776333175,,ui,say,==> control-server.amazon-ebs.control_server: Setting up libxpm4:amd64 (1:3.5.12-1ubuntu0.22.04.2) ...
1776333175,,ui,say,==> control-server.amazon-ebs.control_server: Setting up libdeflate0:amd64 (1.10-2) ...
1776333175,,ui,say,==> control-server.amazon-ebs.control_server: Setting up nginx-common (1.18.0-6ubuntu14.8) ...
1776333176,,ui,say,==> control-server.amazon-ebs.control_server: debconf: unable to initialize frontend: Dialog
1776333176,,ui,say,==> control-server.amazon-ebs.control_server: debconf: (Dialog frontend will not work on a dumb terminal%!(PACKER_COMMA) an emacs shell buffer%!(PACKER_COMMA) or without a controlling terminal.)
1776333176,,ui,say,==> control-server.amazon-ebs.control_server: debconf: falling back to frontend: Readline
1776333178,,ui,say,==> control-server.amazon-ebs.control_server: Created symlink /etc/systemd/system/multi-user.target.wants/nginx.service → /lib/systemd/system/nginx.service.
1776333182,,ui,say,==> control-server.amazon-ebs.control_server: Setting up libjbig0:amd64 (2.1-3.1ubuntu0.22.04.1) ...
1776333182,,ui,say,==> control-server.amazon-ebs.control_server: Setting up libnginx-mod-http-xslt-filter (1.18.0-6ubuntu14.8) ...
1776333182,,ui,say,==> control-server.amazon-ebs.control_server: Setting up fonts-dejavu-core (2.37-2build1) ...
1776333182,,ui,say,==> control-server.amazon-ebs.control_server: Setting up libjpeg-turbo8:amd64 (2.1.2-0ubuntu1) ...
1776333182,,ui,say,==> control-server.amazon-ebs.control_server: Setting up libwebp7:amd64 (1.2.2-2ubuntu0.22.04.2) ...
1776333182,,ui,say,==> control-server.amazon-ebs.control_server: Setting up libnginx-mod-http-geoip2 (1.18.0-6ubuntu14.8) ...
1776333182,,ui,say,==> control-server.amazon-ebs.control_server: Setting up libjpeg8:amd64 (8c-2ubuntu10) ...
1776333182,,ui,say,==> control-server.amazon-ebs.control_server: Setting up libnginx-mod-mail (1.18.0-6ubuntu14.8) ...
1776333182,,ui,say,==> control-server.amazon-ebs.control_server: Setting up fontconfig-config (2.13.1-4.2ubuntu5) ...
1776333183,,ui,say,==> control-server.amazon-ebs.control_server: Setting up libnginx-mod-stream (1.18.0-6ubuntu14.8) ...
1776333183,,ui,say,==> control-server.amazon-ebs.control_server: Setting up libtiff5:amd64 (4.3.0-6ubuntu0.13) ...
1776333183,,ui,say,==> control-server.amazon-ebs.control_server: Setting up libfontconfig1:amd64 (2.13.1-4.2ubuntu5) ...
1776333183,,ui,say,==> control-server.amazon-ebs.control_server: Setting up libnginx-mod-stream-geoip2 (1.18.0-6ubuntu14.8) ...
1776333183,,ui,say,==> control-server.amazon-ebs.control_server: Setting up libgd3:amd64 (2.3.0-2ubuntu2.3) ...
1776333183,,ui,say,==> control-server.amazon-ebs.control_server: Setting up libnginx-mod-http-image-filter (1.18.0-6ubuntu14.8) ...
1776333183,,ui,say,==> control-server.amazon-ebs.control_server: Setting up nginx-core (1.18.0-6ubuntu14.8) ...
1776333183,,ui,say,==> control-server.amazon-ebs.control_server:  * Upgrading binary nginx
1776333184,,ui,say,==> control-server.amazon-ebs.control_server:    ...done.
1776333184,,ui,say,==> control-server.amazon-ebs.control_server: Setting up nginx (1.18.0-6ubuntu14.8) ...
1776333184,,ui,say,==> control-server.amazon-ebs.control_server: Processing triggers for ufw (0.36.1-4ubuntu0.1) ...
1776333184,,ui,say,==> control-server.amazon-ebs.control_server: Processing triggers for man-db (2.10.2-1) ...
1776333184,,ui,say,==> control-server.amazon-ebs.control_server: Processing triggers for libc-bin (2.35-0ubuntu3.13) ...
1776333188,,ui,say,==> control-server.amazon-ebs.control_server:
1776333188,,ui,say,==> control-server.amazon-ebs.control_server: Running kernel seems to be up-to-date.
1776333188,,ui,say,==> control-server.amazon-ebs.control_server:
1776333188,,ui,say,==> control-server.amazon-ebs.control_server: Services to be restarted:
1776333188,,ui,say,==> control-server.amazon-ebs.control_server:  systemctl restart packagekit.service
1776333188,,ui,say,==> control-server.amazon-ebs.control_server:
1776333188,,ui,say,==> control-server.amazon-ebs.control_server: No containers need to be restarted.
1776333188,,ui,say,==> control-server.amazon-ebs.control_server:
1776333188,,ui,say,==> control-server.amazon-ebs.control_server: No user sessions are running outdated binaries.
1776333188,,ui,say,==> control-server.amazon-ebs.control_server:
1776333188,,ui,say,==> control-server.amazon-ebs.control_server: No VM guests are running outdated hypervisor (qemu) binaries on this host.
1776333200,,ui,error,==> control-server.amazon-ebs.control_server: Synchronizing state of nginx.service with SysV service script with /lib/systemd/systemd-sysv-install.
1776333200,,ui,error,==> control-server.amazon-ebs.control_server: Executing: /lib/systemd/systemd-sysv-install enable nginx
1776333205,,ui,say,==> control-server.amazon-ebs.control_server: Provisioning with shell script: /var/folders/5s/5htvl7wx4_3551yjw2wzpxr80000gn/T/packer-shell2392188275
1776333205,,ui,say,==> control-server.amazon-ebs.control_server: >>> Phase 4: Deploy Nginx and app configuration
1776333207,,ui,error,==> control-server.amazon-ebs.control_server: nginx: the configuration file /etc/nginx/nginx.conf syntax is ok
1776333207,,ui,error,==> control-server.amazon-ebs.control_server: nginx: configuration file /etc/nginx/nginx.conf test is successful
1776333207,,ui,say,==> control-server.amazon-ebs.control_server: Provisioning with shell script: /var/folders/5s/5htvl7wx4_3551yjw2wzpxr80000gn/T/packer-shell1257804689
1776333208,,ui,say,==> control-server.amazon-ebs.control_server: >>> Phase 5a: Install Docker
1776333209,,ui,say,==> control-server.amazon-ebs.control_server: Hit:1 http://us-east-1.ec2.archive.ubuntu.com/ubuntu jammy InRelease
1776333209,,ui,say,==> control-server.amazon-ebs.control_server: Hit:2 http://us-east-1.ec2.archive.ubuntu.com/ubuntu jammy-updates InRelease
1776333209,,ui,say,==> control-server.amazon-ebs.control_server: Hit:3 http://us-east-1.ec2.archive.ubuntu.com/ubuntu jammy-backports InRelease
1776333209,,ui,say,==> control-server.amazon-ebs.control_server: Get:4 https://download.docker.com/linux/ubuntu jammy InRelease [48.5 kB]
1776333213,,ui,say,==> control-server.amazon-ebs.control_server: Get:5 https://download.docker.com/linux/ubuntu jammy/stable amd64 Packages [74.8 kB]
1776333214,,ui,say,==> control-server.amazon-ebs.control_server: Hit:6 http://security.ubuntu.com/ubuntu jammy-security InRelease
1776333215,,ui,say,==> control-server.amazon-ebs.control_server: Fetched 123 kB in 6s (20.5 kB/s)
1776333225,,ui,say,==> control-server.amazon-ebs.control_server: Reading package lists...
1776333226,,ui,say,==> control-server.amazon-ebs.control_server: Reading package lists...
1776333227,,ui,say,==> control-server.amazon-ebs.control_server: Building dependency tree...
1776333227,,ui,say,==> control-server.amazon-ebs.control_server: Reading state information...
1776333229,,ui,say,==> control-server.amazon-ebs.control_server: The following additional packages will be installed:
1776333229,,ui,say,==> control-server.amazon-ebs.control_server:   docker-buildx-plugin docker-ce-rootless-extras libslirp0 pigz slirp4netns
1776333229,,ui,say,==> control-server.amazon-ebs.control_server: Suggested packages:
1776333229,,ui,say,==> control-server.amazon-ebs.control_server:   cgroupfs-mount | cgroup-lite docker-model-plugin
1776333229,,ui,say,==> control-server.amazon-ebs.control_server: The following NEW packages will be installed:
1776333229,,ui,say,==> control-server.amazon-ebs.control_server:   containerd.io docker-buildx-plugin docker-ce docker-ce-cli
1776333229,,ui,say,==> control-server.amazon-ebs.control_server:   docker-ce-rootless-extras docker-compose-plugin libslirp0 pigz slirp4netns
1776333230,,ui,say,==> control-server.amazon-ebs.control_server: 0 upgraded%!(PACKER_COMMA) 9 newly installed%!(PACKER_COMMA) 0 to remove and 5 not upgraded.
1776333230,,ui,say,==> control-server.amazon-ebs.control_server: Need to get 94.8 MB of archives.
1776333230,,ui,say,==> control-server.amazon-ebs.control_server: After this operation%!(PACKER_COMMA) 365 MB of additional disk space will be used.
1776333230,,ui,say,==> control-server.amazon-ebs.control_server: Get:1 http://us-east-1.ec2.archive.ubuntu.com/ubuntu jammy/universe amd64 pigz amd64 2.6-1 [63.6 kB]
1776333230,,ui,say,==> control-server.amazon-ebs.control_server: Get:2 http://us-east-1.ec2.archive.ubuntu.com/ubuntu jammy/main amd64 libslirp0 amd64 4.6.1-1build1 [61.5 kB]
1776333230,,ui,say,==> control-server.amazon-ebs.control_server: Get:3 http://us-east-1.ec2.archive.ubuntu.com/ubuntu jammy/universe amd64 slirp4netns amd64 1.0.1-2 [28.2 kB]
1776333230,,ui,say,==> control-server.amazon-ebs.control_server: Get:4 https://download.docker.com/linux/ubuntu jammy/stable amd64 containerd.io amd64 2.2.3-1~ubuntu.22.04~jammy [23.6 MB]
1776333231,,ui,say,==> control-server.amazon-ebs.control_server: Get:5 https://download.docker.com/linux/ubuntu jammy/stable amd64 docker-ce-cli amd64 5:29.4.0-1~ubuntu.22.04~jammy [16.9 MB]
1776333233,,ui,say,==> control-server.amazon-ebs.control_server: Get:6 https://download.docker.com/linux/ubuntu jammy/stable amd64 docker-ce amd64 5:29.4.0-1~ubuntu.22.04~jammy [22.7 MB]
1776333234,,ui,say,==> control-server.amazon-ebs.control_server: Get:7 https://download.docker.com/linux/ubuntu jammy/stable amd64 docker-buildx-plugin amd64 0.33.0-1~ubuntu.22.04~jammy [16.9 MB]
1776333235,,ui,say,==> control-server.amazon-ebs.control_server: Get:8 https://download.docker.com/linux/ubuntu jammy/stable amd64 docker-ce-rootless-extras amd64 5:29.4.0-1~ubuntu.22.04~jammy [6561 kB]
1776333235,,ui,say,==> control-server.amazon-ebs.control_server: Get:9 https://download.docker.com/linux/ubuntu jammy/stable amd64 docker-compose-plugin amd64 5.1.3-1~ubuntu.22.04~jammy [8023 kB]
1776333237,,ui,error,==> control-server.amazon-ebs.control_server: debconf: unable to initialize frontend: Dialog
1776333237,,ui,error,==> control-server.amazon-ebs.control_server: debconf: (Dialog frontend will not work on a dumb terminal%!(PACKER_COMMA) an emacs shell buffer%!(PACKER_COMMA) or without a controlling terminal.)
1776333237,,ui,error,==> control-server.amazon-ebs.control_server: debconf: falling back to frontend: Readline
1776333237,,ui,error,==> control-server.amazon-ebs.control_server: debconf: unable to initialize frontend: Readline
1776333237,,ui,error,==> control-server.amazon-ebs.control_server: debconf: (This frontend requires a controlling tty.)
1776333237,,ui,error,==> control-server.amazon-ebs.control_server: debconf: falling back to frontend: Teletype
1776333237,,ui,error,==> control-server.amazon-ebs.control_server: dpkg-preconfigure: unable to re-open stdin:
1776333238,,ui,say,==> control-server.amazon-ebs.control_server: Fetched 94.8 MB in 6s (15.0 MB/s)
1776333238,,ui,say,==> control-server.amazon-ebs.control_server: Selecting previously unselected package containerd.io.
1776333238,,ui,say,==> control-server.amazon-ebs.control_server: (Reading database ... 66362 files and directories currently installed.)
1776333238,,ui,say,==> control-server.amazon-ebs.control_server: Preparing to unpack .../0-containerd.io_2.2.3-1~ubuntu.22.04~jammy_amd64.deb ...
1776333238,,ui,say,==> control-server.amazon-ebs.control_server: Unpacking containerd.io (2.2.3-1~ubuntu.22.04~jammy) ...
1776333254,,ui,say,==> control-server.amazon-ebs.control_server: Selecting previously unselected package docker-ce-cli.
1776333254,,ui,say,==> control-server.amazon-ebs.control_server: Preparing to unpack .../1-docker-ce-cli_5%3a29.4.0-1~ubuntu.22.04~jammy_amd64.deb ...
1776333254,,ui,say,==> control-server.amazon-ebs.control_server: Unpacking docker-ce-cli (5:29.4.0-1~ubuntu.22.04~jammy) ...
1776333261,,ui,say,==> control-server.amazon-ebs.control_server: Selecting previously unselected package docker-ce.
1776333261,,ui,say,==> control-server.amazon-ebs.control_server: Preparing to unpack .../2-docker-ce_5%3a29.4.0-1~ubuntu.22.04~jammy_amd64.deb ...
1776333261,,ui,say,==> control-server.amazon-ebs.control_server: Unpacking docker-ce (5:29.4.0-1~ubuntu.22.04~jammy) ...
1776333278,,ui,say,==> control-server.amazon-ebs.control_server: Selecting previously unselected package pigz.
1776333278,,ui,say,==> control-server.amazon-ebs.control_server: Preparing to unpack .../3-pigz_2.6-1_amd64.deb ...
1776333278,,ui,say,==> control-server.amazon-ebs.control_server: Unpacking pigz (2.6-1) ...
1776333278,,ui,say,==> control-server.amazon-ebs.control_server: Selecting previously unselected package docker-buildx-plugin.
1776333278,,ui,say,==> control-server.amazon-ebs.control_server: Preparing to unpack .../4-docker-buildx-plugin_0.33.0-1~ubuntu.22.04~jammy_amd64.deb ...
1776333278,,ui,say,==> control-server.amazon-ebs.control_server: Unpacking docker-buildx-plugin (0.33.0-1~ubuntu.22.04~jammy) ...
1776333289,,ui,say,==> control-server.amazon-ebs.control_server: Selecting previously unselected package docker-ce-rootless-extras.
1776333289,,ui,say,==> control-server.amazon-ebs.control_server: Preparing to unpack .../5-docker-ce-rootless-extras_5%3a29.4.0-1~ubuntu.22.04~jammy_amd64.deb ...
1776333289,,ui,say,==> control-server.amazon-ebs.control_server: Unpacking docker-ce-rootless-extras (5:29.4.0-1~ubuntu.22.04~jammy) ...
1776333292,,ui,say,==> control-server.amazon-ebs.control_server: Selecting previously unselected package docker-compose-plugin.
1776333292,,ui,say,==> control-server.amazon-ebs.control_server: Preparing to unpack .../6-docker-compose-plugin_5.1.3-1~ubuntu.22.04~jammy_amd64.deb ...
1776333292,,ui,say,==> control-server.amazon-ebs.control_server: Unpacking docker-compose-plugin (5.1.3-1~ubuntu.22.04~jammy) ...
1776333297,,ui,say,==> control-server.amazon-ebs.control_server: Selecting previously unselected package libslirp0:amd64.
1776333297,,ui,say,==> control-server.amazon-ebs.control_server: Preparing to unpack .../7-libslirp0_4.6.1-1build1_amd64.deb ...
1776333297,,ui,say,==> control-server.amazon-ebs.control_server: Unpacking libslirp0:amd64 (4.6.1-1build1) ...
1776333298,,ui,say,==> control-server.amazon-ebs.control_server: Selecting previously unselected package slirp4netns.
1776333298,,ui,say,==> control-server.amazon-ebs.control_server: Preparing to unpack .../8-slirp4netns_1.0.1-2_amd64.deb ...
1776333298,,ui,say,==> control-server.amazon-ebs.control_server: Unpacking slirp4netns (1.0.1-2) ...
1776333298,,ui,say,==> control-server.amazon-ebs.control_server: Setting up docker-buildx-plugin (0.33.0-1~ubuntu.22.04~jammy) ...
1776333298,,ui,say,==> control-server.amazon-ebs.control_server: Setting up containerd.io (2.2.3-1~ubuntu.22.04~jammy) ...
1776333299,,ui,say,==> control-server.amazon-ebs.control_server: Created symlink /etc/systemd/system/multi-user.target.wants/containerd.service → /lib/systemd/system/containerd.service.
1776333303,,ui,say,==> control-server.amazon-ebs.control_server: Setting up docker-compose-plugin (5.1.3-1~ubuntu.22.04~jammy) ...
1776333303,,ui,say,==> control-server.amazon-ebs.control_server: Setting up docker-ce-cli (5:29.4.0-1~ubuntu.22.04~jammy) ...
1776333303,,ui,say,==> control-server.amazon-ebs.control_server: Setting up libslirp0:amd64 (4.6.1-1build1) ...
1776333303,,ui,say,==> control-server.amazon-ebs.control_server: Setting up pigz (2.6-1) ...
1776333303,,ui,say,==> control-server.amazon-ebs.control_server: Setting up docker-ce-rootless-extras (5:29.4.0-1~ubuntu.22.04~jammy) ...
1776333303,,ui,say,==> control-server.amazon-ebs.control_server: Setting up slirp4netns (1.0.1-2) ...
1776333303,,ui,say,==> control-server.amazon-ebs.control_server: Setting up docker-ce (5:29.4.0-1~ubuntu.22.04~jammy) ...
1776333306,,ui,say,==> control-server.amazon-ebs.control_server: Created symlink /etc/systemd/system/multi-user.target.wants/docker.service → /lib/systemd/system/docker.service.
1776333308,,ui,say,==> control-server.amazon-ebs.control_server: Created symlink /etc/systemd/system/sockets.target.wants/docker.socket → /lib/systemd/system/docker.socket.
1776333316,,ui,say,==> control-server.amazon-ebs.control_server: Processing triggers for man-db (2.10.2-1) ...
1776333316,,ui,say,==> control-server.amazon-ebs.control_server: Processing triggers for libc-bin (2.35-0ubuntu3.13) ...
1776333320,,ui,say,==> control-server.amazon-ebs.control_server:
1776333320,,ui,say,==> control-server.amazon-ebs.control_server: Running kernel seems to be up-to-date.
1776333320,,ui,say,==> control-server.amazon-ebs.control_server:
1776333320,,ui,say,==> control-server.amazon-ebs.control_server: Services to be restarted:
1776333320,,ui,say,==> control-server.amazon-ebs.control_server:  systemctl restart packagekit.service
1776333320,,ui,say,==> control-server.amazon-ebs.control_server:
1776333320,,ui,say,==> control-server.amazon-ebs.control_server: No containers need to be restarted.
1776333320,,ui,say,==> control-server.amazon-ebs.control_server:
1776333320,,ui,say,==> control-server.amazon-ebs.control_server: No user sessions are running outdated binaries.
1776333320,,ui,say,==> control-server.amazon-ebs.control_server:
1776333320,,ui,say,==> control-server.amazon-ebs.control_server: No VM guests are running outdated hypervisor (qemu) binaries on this host.
1776333334,,ui,error,==> control-server.amazon-ebs.control_server: Synchronizing state of docker.service with SysV service script with /lib/systemd/systemd-sysv-install.
1776333334,,ui,error,==> control-server.amazon-ebs.control_server: Executing: /lib/systemd/systemd-sysv-install enable docker
1776333340,,ui,say,==> control-server.amazon-ebs.control_server: Provisioning with shell script: /var/folders/5s/5htvl7wx4_3551yjw2wzpxr80000gn/T/packer-shell2371075648
1776333340,,ui,say,==> control-server.amazon-ebs.control_server: >>> Phase 5b: Install AWS CLI v2
1776333364,,ui,say,==> control-server.amazon-ebs.control_server: You can now run: /usr/local/bin/aws --version
1776333369,,ui,say,==> control-server.amazon-ebs.control_server: aws-cli/2.34.30 Python/3.14.4 Linux/6.8.0-1051-aws exe/x86_64.ubuntu.22
1776333371,,ui,say,==> control-server.amazon-ebs.control_server: Provisioning with shell script: /var/folders/5s/5htvl7wx4_3551yjw2wzpxr80000gn/T/packer-shell2636944525
1776333371,,ui,say,==> control-server.amazon-ebs.control_server: >>> Phase 5c: Install / enable SSM Agent
1776333379,,ui,error,==> control-server.amazon-ebs.control_server: snap "amazon-ssm-agent" is already installed%!(PACKER_COMMA) see 'snap help refresh'
1776333381,,ui,say,==> control-server.amazon-ebs.control_server: Provisioning with shell script: /var/folders/5s/5htvl7wx4_3551yjw2wzpxr80000gn/T/packer-shell60621642
1776333382,,ui,say,==> control-server.amazon-ebs.control_server: >>> Phase 5d: Install Jenkins
1776333382,,ui,say,==> control-server.amazon-ebs.control_server: Reading package lists...
1776333384,,ui,say,==> control-server.amazon-ebs.control_server: Building dependency tree...
1776333384,,ui,say,==> control-server.amazon-ebs.control_server: Reading state information...
1776333387,,ui,say,==> control-server.amazon-ebs.control_server: The following additional packages will be installed:
1776333387,,ui,say,==> control-server.amazon-ebs.control_server:   adwaita-icon-theme alsa-topology-conf alsa-ucm-conf at-spi2-core
1776333387,,ui,say,==> control-server.amazon-ebs.control_server:   ca-certificates-java dconf-gsettings-backend dconf-service
1776333387,,ui,say,==> control-server.amazon-ebs.control_server:   fonts-dejavu-extra gsettings-desktop-schemas gtk-update-icon-cache
1776333387,,ui,say,==> control-server.amazon-ebs.control_server:   hicolor-icon-theme humanity-icon-theme java-common libasound2
1776333387,,ui,say,==> control-server.amazon-ebs.control_server:   libasound2-data libatk-bridge2.0-0 libatk-wrapper-java
1776333387,,ui,say,==> control-server.amazon-ebs.control_server:   libatk-wrapper-java-jni libatk1.0-0 libatk1.0-data libatspi2.0-0
1776333387,,ui,say,==> control-server.amazon-ebs.control_server:   libavahi-client3 libavahi-common-data libavahi-common3 libcairo-gobject2
1776333387,,ui,say,==> control-server.amazon-ebs.control_server:   libcairo2 libcolord2 libcups2 libdatrie1 libdconf1 libdrm-amdgpu1
1776333387,,ui,say,==> control-server.amazon-ebs.control_server:   libdrm-intel1 libdrm-nouveau2 libdrm-radeon1 libepoxy0 libfontenc1
1776333387,,ui,say,==> control-server.amazon-ebs.control_server:   libgdk-pixbuf-2.0-0 libgdk-pixbuf2.0-bin libgdk-pixbuf2.0-common libgif7
1776333387,,ui,say,==> control-server.amazon-ebs.control_server:   libgl1 libgl1-amber-dri libgl1-mesa-dri libglapi-mesa libglvnd0 libglx-mesa0
1776333387,,ui,say,==> control-server.amazon-ebs.control_server:   libglx0 libgraphite2-3 libgtk-3-0 libgtk-3-bin libgtk-3-common libharfbuzz0b
1776333387,,ui,say,==> control-server.amazon-ebs.control_server:   libice6 liblcms2-2 libllvm15 libpango-1.0-0 libpangocairo-1.0-0
1776333387,,ui,say,==> control-server.amazon-ebs.control_server:   libpangoft2-1.0-0 libpciaccess0 libpcsclite1 libpixman-1-0 librsvg2-2
1776333387,,ui,say,==> control-server.amazon-ebs.control_server:   librsvg2-common libsensors-config libsensors5 libsm6 libthai-data libthai0
1776333387,,ui,say,==> control-server.amazon-ebs.control_server:   libwayland-client0 libwayland-cursor0 libwayland-egl1 libx11-xcb1 libxaw7
1776333387,,ui,say,==> control-server.amazon-ebs.control_server:   libxcb-dri2-0 libxcb-dri3-0 libxcb-glx0 libxcb-present0 libxcb-randr0
1776333387,,ui,say,==> control-server.amazon-ebs.control_server:   libxcb-render0 libxcb-shape0 libxcb-shm0 libxcb-sync1 libxcb-xfixes0
1776333387,,ui,say,==> control-server.amazon-ebs.control_server:   libxcomposite1 libxcursor1 libxdamage1 libxfixes3 libxft2 libxi6
1776333387,,ui,say,==> control-server.amazon-ebs.control_server:   libxinerama1 libxkbcommon0 libxkbfile1 libxmu6 libxrandr2 libxrender1
1776333387,,ui,say,==> control-server.amazon-ebs.control_server:   libxshmfence1 libxt6 libxtst6 libxv1 libxxf86dga1 libxxf86vm1
1776333387,,ui,say,==> control-server.amazon-ebs.control_server:   openjdk-21-jre-headless session-migration ubuntu-mono x11-common x11-utils
1776333387,,ui,say,==> control-server.amazon-ebs.control_server: Suggested packages:
1776333387,,ui,say,==> control-server.amazon-ebs.control_server:   default-jre libasound2-plugins alsa-utils colord cups-common gvfs
1776333387,,ui,say,==> control-server.amazon-ebs.control_server:   liblcms2-utils pcscd librsvg2-bin lm-sensors libnss-mdns
1776333387,,ui,say,==> control-server.amazon-ebs.control_server:   fonts-ipafont-gothic fonts-ipafont-mincho fonts-wqy-microhei
1776333387,,ui,say,==> control-server.amazon-ebs.control_server:   | fonts-wqy-zenhei fonts-indic mesa-utils
1776333387,,ui,say,==> control-server.amazon-ebs.control_server: The following NEW packages will be installed:
1776333387,,ui,say,==> control-server.amazon-ebs.control_server:   adwaita-icon-theme alsa-topology-conf alsa-ucm-conf at-spi2-core
1776333387,,ui,say,==> control-server.amazon-ebs.control_server:   ca-certificates-java dconf-gsettings-backend dconf-service fontconfig
1776333387,,ui,say,==> control-server.amazon-ebs.control_server:   fonts-dejavu-extra gsettings-desktop-schemas gtk-update-icon-cache
1776333387,,ui,say,==> control-server.amazon-ebs.control_server:   hicolor-icon-theme humanity-icon-theme java-common libasound2
1776333387,,ui,say,==> control-server.amazon-ebs.control_server:   libasound2-data libatk-bridge2.0-0 libatk-wrapper-java
1776333387,,ui,say,==> control-server.amazon-ebs.control_server:   libatk-wrapper-java-jni libatk1.0-0 libatk1.0-data libatspi2.0-0
1776333387,,ui,say,==> control-server.amazon-ebs.control_server:   libavahi-client3 libavahi-common-data libavahi-common3 libcairo-gobject2
1776333387,,ui,say,==> control-server.amazon-ebs.control_server:   libcairo2 libcolord2 libcups2 libdatrie1 libdconf1 libdrm-amdgpu1
1776333387,,ui,say,==> control-server.amazon-ebs.control_server:   libdrm-intel1 libdrm-nouveau2 libdrm-radeon1 libepoxy0 libfontenc1
1776333387,,ui,say,==> control-server.amazon-ebs.control_server:   libgdk-pixbuf-2.0-0 libgdk-pixbuf2.0-bin libgdk-pixbuf2.0-common libgif7
1776333387,,ui,say,==> control-server.amazon-ebs.control_server:   libgl1 libgl1-amber-dri libgl1-mesa-dri libglapi-mesa libglvnd0 libglx-mesa0
1776333387,,ui,say,==> control-server.amazon-ebs.control_server:   libglx0 libgraphite2-3 libgtk-3-0 libgtk-3-bin libgtk-3-common libharfbuzz0b
1776333387,,ui,say,==> control-server.amazon-ebs.control_server:   libice6 liblcms2-2 libllvm15 libpango-1.0-0 libpangocairo-1.0-0
1776333387,,ui,say,==> control-server.amazon-ebs.control_server:   libpangoft2-1.0-0 libpciaccess0 libpcsclite1 libpixman-1-0 librsvg2-2
1776333387,,ui,say,==> control-server.amazon-ebs.control_server:   librsvg2-common libsensors-config libsensors5 libsm6 libthai-data libthai0
1776333387,,ui,say,==> control-server.amazon-ebs.control_server:   libwayland-client0 libwayland-cursor0 libwayland-egl1 libx11-xcb1 libxaw7
1776333387,,ui,say,==> control-server.amazon-ebs.control_server:   libxcb-dri2-0 libxcb-dri3-0 libxcb-glx0 libxcb-present0 libxcb-randr0
1776333387,,ui,say,==> control-server.amazon-ebs.control_server:   libxcb-render0 libxcb-shape0 libxcb-shm0 libxcb-sync1 libxcb-xfixes0
1776333387,,ui,say,==> control-server.amazon-ebs.control_server:   libxcomposite1 libxcursor1 libxdamage1 libxfixes3 libxft2 libxi6
1776333387,,ui,say,==> control-server.amazon-ebs.control_server:   libxinerama1 libxkbcommon0 libxkbfile1 libxmu6 libxrandr2 libxrender1
1776333387,,ui,say,==> control-server.amazon-ebs.control_server:   libxshmfence1 libxt6 libxtst6 libxv1 libxxf86dga1 libxxf86vm1 openjdk-21-jre
1776333387,,ui,say,==> control-server.amazon-ebs.control_server:   openjdk-21-jre-headless session-migration ubuntu-mono x11-common x11-utils
1776333387,,ui,say,==> control-server.amazon-ebs.control_server: 0 upgraded%!(PACKER_COMMA) 108 newly installed%!(PACKER_COMMA) 0 to remove and 5 not upgraded.
1776333387,,ui,say,==> control-server.amazon-ebs.control_server: Need to get 105 MB of archives.
1776333387,,ui,say,==> control-server.amazon-ebs.control_server: After this operation%!(PACKER_COMMA) 454 MB of additional disk space will be used.
1776333387,,ui,say,==> control-server.amazon-ebs.control_server: Get:1 http://us-east-1.ec2.archive.ubuntu.com/ubuntu jammy/main amd64 hicolor-icon-theme all 0.17-2 [9976 B]
1776333387,,ui,say,==> control-server.amazon-ebs.control_server: Get:2 http://us-east-1.ec2.archive.ubuntu.com/ubuntu jammy-updates/main amd64 libgdk-pixbuf2.0-common all 2.42.8+dfsg-1ubuntu0.5 [5560 B]
1776333387,,ui,say,==> control-server.amazon-ebs.control_server: Get:3 http://us-east-1.ec2.archive.ubuntu.com/ubuntu jammy-updates/main amd64 libgdk-pixbuf-2.0-0 amd64 2.42.8+dfsg-1ubuntu0.5 [148 kB]
1776333387,,ui,say,==> control-server.amazon-ebs.control_server: Get:4 http://us-east-1.ec2.archive.ubuntu.com/ubuntu jammy-updates/main amd64 gtk-update-icon-cache amd64 3.24.33-1ubuntu2.2 [31.4 kB]
1776333387,,ui,say,==> control-server.amazon-ebs.control_server: Get:5 http://us-east-1.ec2.archive.ubuntu.com/ubuntu jammy/main amd64 humanity-icon-theme all 0.6.16 [1282 kB]
1776333388,,ui,say,==> control-server.amazon-ebs.control_server: Get:6 http://us-east-1.ec2.archive.ubuntu.com/ubuntu jammy/main amd64 ubuntu-mono all 20.10-0ubuntu2 [153 kB]
1776333388,,ui,say,==> control-server.amazon-ebs.control_server: Get:7 http://us-east-1.ec2.archive.ubuntu.com/ubuntu jammy/main amd64 adwaita-icon-theme all 41.0-1ubuntu1 [3444 kB]
1776333388,,ui,say,==> control-server.amazon-ebs.control_server: Get:8 http://us-east-1.ec2.archive.ubuntu.com/ubuntu jammy/main amd64 alsa-topology-conf all 1.2.5.1-2 [15.5 kB]
1776333388,,ui,say,==> control-server.amazon-ebs.control_server: Get:9 http://us-east-1.ec2.archive.ubuntu.com/ubuntu jammy-updates/main amd64 libasound2-data all 1.2.6.1-1ubuntu1.1 [19.3 kB]
1776333388,,ui,say,==> control-server.amazon-ebs.control_server: Get:10 http://us-east-1.ec2.archive.ubuntu.com/ubuntu jammy-updates/main amd64 libasound2 amd64 1.2.6.1-1ubuntu1.1 [391 kB]
1776333388,,ui,say,==> control-server.amazon-ebs.control_server: Get:11 http://us-east-1.ec2.archive.ubuntu.com/ubuntu jammy-updates/main amd64 alsa-ucm-conf all 1.2.6.3-1ubuntu1.12 [43.5 kB]
1776333388,,ui,say,==> control-server.amazon-ebs.control_server: Get:12 http://us-east-1.ec2.archive.ubuntu.com/ubuntu jammy/main amd64 libxi6 amd64 2:1.8-1build1 [32.6 kB]
1776333388,,ui,say,==> control-server.amazon-ebs.control_server: Get:13 http://us-east-1.ec2.archive.ubuntu.com/ubuntu jammy/main amd64 libatspi2.0-0 amd64 2.44.0-3 [80.9 kB]
1776333388,,ui,say,==> control-server.amazon-ebs.control_server: Get:14 http://us-east-1.ec2.archive.ubuntu.com/ubuntu jammy/main amd64 x11-common all 1:7.7+23ubuntu2 [23.4 kB]
1776333388,,ui,say,==> control-server.amazon-ebs.control_server: Get:15 http://us-east-1.ec2.archive.ubuntu.com/ubuntu jammy/main amd64 libxtst6 amd64 2:1.2.3-1build4 [13.4 kB]
1776333388,,ui,say,==> control-server.amazon-ebs.control_server: Get:16 http://us-east-1.ec2.archive.ubuntu.com/ubuntu jammy-updates/main amd64 libdconf1 amd64 0.40.0-3ubuntu0.1 [40.5 kB]
1776333388,,ui,say,==> control-server.amazon-ebs.control_server: Get:17 http://us-east-1.ec2.archive.ubuntu.com/ubuntu jammy-updates/main amd64 dconf-service amd64 0.40.0-3ubuntu0.1 [28.1 kB]
1776333388,,ui,say,==> control-server.amazon-ebs.control_server: Get:18 http://us-east-1.ec2.archive.ubuntu.com/ubuntu jammy-updates/main amd64 dconf-gsettings-backend amd64 0.40.0-3ubuntu0.1 [22.7 kB]
1776333388,,ui,say,==> control-server.amazon-ebs.control_server: Get:19 http://us-east-1.ec2.archive.ubuntu.com/ubuntu jammy/main amd64 session-migration amd64 0.3.6 [9774 B]
1776333388,,ui,say,==> control-server.amazon-ebs.control_server: Get:20 http://us-east-1.ec2.archive.ubuntu.com/ubuntu jammy/main amd64 gsettings-desktop-schemas all 42.0-1ubuntu1 [31.1 kB]
1776333388,,ui,say,==> control-server.amazon-ebs.control_server: Get:21 http://us-east-1.ec2.archive.ubuntu.com/ubuntu jammy/main amd64 at-spi2-core amd64 2.44.0-3 [54.4 kB]
1776333388,,ui,say,==> control-server.amazon-ebs.control_server: Get:22 http://us-east-1.ec2.archive.ubuntu.com/ubuntu jammy/main amd64 java-common all 0.72build2 [6782 B]
1776333388,,ui,say,==> control-server.amazon-ebs.control_server: Get:23 http://us-east-1.ec2.archive.ubuntu.com/ubuntu jammy/main amd64 liblcms2-2 amd64 2.12~rc1-2build2 [159 kB]
1776333388,,ui,say,==> control-server.amazon-ebs.control_server: Get:24 http://us-east-1.ec2.archive.ubuntu.com/ubuntu jammy-updates/main amd64 libpcsclite1 amd64 1.9.5-3ubuntu1 [19.8 kB]
1776333388,,ui,say,==> control-server.amazon-ebs.control_server: Get:25 http://us-east-1.ec2.archive.ubuntu.com/ubuntu jammy-updates/universe amd64 openjdk-21-jre-headless amd64 21.0.10+7-1~22.04 [46.9 MB]
1776333391,,ui,say,==> control-server.amazon-ebs.control_server: Get:26 http://us-east-1.ec2.archive.ubuntu.com/ubuntu jammy-updates/main amd64 ca-certificates-java all 20190909ubuntu1.3 [12.3 kB]
1776333391,,ui,say,==> control-server.amazon-ebs.control_server: Get:27 http://us-east-1.ec2.archive.ubuntu.com/ubuntu jammy/main amd64 fontconfig amd64 2.13.1-4.2ubuntu5 [177 kB]
1776333391,,ui,say,==> control-server.amazon-ebs.control_server: Get:28 http://us-east-1.ec2.archive.ubuntu.com/ubuntu jammy/main amd64 fonts-dejavu-extra all 2.37-2build1 [2041 kB]
1776333391,,ui,say,==> control-server.amazon-ebs.control_server: Get:29 http://us-east-1.ec2.archive.ubuntu.com/ubuntu jammy/main amd64 libatk1.0-data all 2.36.0-3build1 [2824 B]
1776333391,,ui,say,==> control-server.amazon-ebs.control_server: Get:30 http://us-east-1.ec2.archive.ubuntu.com/ubuntu jammy/main amd64 libatk1.0-0 amd64 2.36.0-3build1 [51.9 kB]
1776333391,,ui,say,==> control-server.amazon-ebs.control_server: Get:31 http://us-east-1.ec2.archive.ubuntu.com/ubuntu jammy/main amd64 libatk-bridge2.0-0 amd64 2.38.0-3 [66.6 kB]
1776333391,,ui,say,==> control-server.amazon-ebs.control_server: Get:32 http://us-east-1.ec2.archive.ubuntu.com/ubuntu jammy/main amd64 libfontenc1 amd64 1:1.1.4-1build3 [14.7 kB]
1776333391,,ui,say,==> control-server.amazon-ebs.control_server: Get:33 http://us-east-1.ec2.archive.ubuntu.com/ubuntu jammy/main amd64 libglvnd0 amd64 1.4.0-1 [73.6 kB]
1776333391,,ui,say,==> control-server.amazon-ebs.control_server: Get:34 http://us-east-1.ec2.archive.ubuntu.com/ubuntu jammy-updates/main amd64 libglapi-mesa amd64 23.2.1-1ubuntu3.1~22.04.3 [35.4 kB]
1776333391,,ui,say,==> control-server.amazon-ebs.control_server: Get:35 http://us-east-1.ec2.archive.ubuntu.com/ubuntu jammy-updates/main amd64 libx11-xcb1 amd64 2:1.7.5-1ubuntu0.3 [7802 B]
1776333391,,ui,say,==> control-server.amazon-ebs.control_server: Get:36 http://us-east-1.ec2.archive.ubuntu.com/ubuntu jammy/main amd64 libxcb-dri2-0 amd64 1.14-3ubuntu3 [7206 B]
1776333391,,ui,say,==> control-server.amazon-ebs.control_server: Get:37 http://us-east-1.ec2.archive.ubuntu.com/ubuntu jammy/main amd64 libxcb-dri3-0 amd64 1.14-3ubuntu3 [6968 B]
1776333391,,ui,say,==> control-server.amazon-ebs.control_server: Get:38 http://us-east-1.ec2.archive.ubuntu.com/ubuntu jammy/main amd64 libxcb-glx0 amd64 1.14-3ubuntu3 [25.9 kB]
1776333391,,ui,say,==> control-server.amazon-ebs.control_server: Get:39 http://us-east-1.ec2.archive.ubuntu.com/ubuntu jammy/main amd64 libxcb-present0 amd64 1.14-3ubuntu3 [5734 B]
1776333391,,ui,say,==> control-server.amazon-ebs.control_server: Get:40 http://us-east-1.ec2.archive.ubuntu.com/ubuntu jammy/main amd64 libxcb-randr0 amd64 1.14-3ubuntu3 [18.3 kB]
1776333391,,ui,say,==> control-server.amazon-ebs.control_server: Get:41 http://us-east-1.ec2.archive.ubuntu.com/ubuntu jammy/main amd64 libxcb-shm0 amd64 1.14-3ubuntu3 [5780 B]
1776333391,,ui,say,==> control-server.amazon-ebs.control_server: Get:42 http://us-east-1.ec2.archive.ubuntu.com/ubuntu jammy/main amd64 libxcb-sync1 amd64 1.14-3ubuntu3 [9416 B]
1776333391,,ui,say,==> control-server.amazon-ebs.control_server: Get:43 http://us-east-1.ec2.archive.ubuntu.com/ubuntu jammy/main amd64 libxcb-xfixes0 amd64 1.14-3ubuntu3 [9996 B]
1776333391,,ui,say,==> control-server.amazon-ebs.control_server: Get:44 http://us-east-1.ec2.archive.ubuntu.com/ubuntu jammy/main amd64 libxfixes3 amd64 1:6.0.0-1 [11.7 kB]
1776333391,,ui,say,==> control-server.amazon-ebs.control_server: Get:45 http://us-east-1.ec2.archive.ubuntu.com/ubuntu jammy/main amd64 libxshmfence1 amd64 1.3-1build4 [5394 B]
1776333391,,ui,say,==> control-server.amazon-ebs.control_server: Get:46 http://us-east-1.ec2.archive.ubuntu.com/ubuntu jammy/main amd64 libxxf86vm1 amd64 1:1.1.4-1build3 [10.4 kB]
1776333391,,ui,say,==> control-server.amazon-ebs.control_server: Get:47 http://us-east-1.ec2.archive.ubuntu.com/ubuntu jammy-updates/main amd64 libdrm-amdgpu1 amd64 2.4.113-2~ubuntu0.22.04.1 [19.9 kB]
1776333391,,ui,say,==> control-server.amazon-ebs.control_server: Get:48 http://us-east-1.ec2.archive.ubuntu.com/ubuntu jammy/main amd64 libpciaccess0 amd64 0.16-3 [19.1 kB]
1776333391,,ui,say,==> control-server.amazon-ebs.control_server: Get:49 http://us-east-1.ec2.archive.ubuntu.com/ubuntu jammy-updates/main amd64 libdrm-intel1 amd64 2.4.113-2~ubuntu0.22.04.1 [66.7 kB]
1776333391,,ui,say,==> control-server.amazon-ebs.control_server: Get:50 http://us-east-1.ec2.archive.ubuntu.com/ubuntu jammy-updates/main amd64 libdrm-nouveau2 amd64 2.4.113-2~ubuntu0.22.04.1 [17.5 kB]
1776333391,,ui,say,==> control-server.amazon-ebs.control_server: Get:51 http://us-east-1.ec2.archive.ubuntu.com/ubuntu jammy-updates/main amd64 libdrm-radeon1 amd64 2.4.113-2~ubuntu0.22.04.1 [21.6 kB]
1776333391,,ui,say,==> control-server.amazon-ebs.control_server: Get:52 http://us-east-1.ec2.archive.ubuntu.com/ubuntu jammy-updates/main amd64 libllvm15 amd64 1:15.0.7-0ubuntu0.22.04.3 [25.4 MB]
1776333393,,ui,say,==> control-server.amazon-ebs.control_server: Get:53 http://us-east-1.ec2.archive.ubuntu.com/ubuntu jammy/main amd64 libsensors-config all 1:3.6.0-7ubuntu1 [5274 B]
1776333393,,ui,say,==> control-server.amazon-ebs.control_server: Get:54 http://us-east-1.ec2.archive.ubuntu.com/ubuntu jammy/main amd64 libsensors5 amd64 1:3.6.0-7ubuntu1 [26.3 kB]
1776333393,,ui,say,==> control-server.amazon-ebs.control_server: Get:55 http://us-east-1.ec2.archive.ubuntu.com/ubuntu jammy-updates/main amd64 libgl1-mesa-dri amd64 23.2.1-1ubuntu3.1~22.04.3 [8860 kB]
1776333393,,ui,say,==> control-server.amazon-ebs.control_server: Get:56 http://us-east-1.ec2.archive.ubuntu.com/ubuntu jammy-updates/main amd64 libglx-mesa0 amd64 23.2.1-1ubuntu3.1~22.04.3 [158 kB]
1776333393,,ui,say,==> control-server.amazon-ebs.control_server: Get:57 http://us-east-1.ec2.archive.ubuntu.com/ubuntu jammy/main amd64 libglx0 amd64 1.4.0-1 [41.0 kB]
1776333393,,ui,say,==> control-server.amazon-ebs.control_server: Get:58 http://us-east-1.ec2.archive.ubuntu.com/ubuntu jammy/main amd64 libgl1 amd64 1.4.0-1 [110 kB]
1776333393,,ui,say,==> control-server.amazon-ebs.control_server: Get:59 http://us-east-1.ec2.archive.ubuntu.com/ubuntu jammy/main amd64 libice6 amd64 2:1.0.10-1build2 [42.6 kB]
1776333393,,ui,say,==> control-server.amazon-ebs.control_server: Get:60 http://us-east-1.ec2.archive.ubuntu.com/ubuntu jammy/main amd64 libsm6 amd64 2:1.2.3-1build2 [16.7 kB]
1776333393,,ui,say,==> control-server.amazon-ebs.control_server: Get:61 http://us-east-1.ec2.archive.ubuntu.com/ubuntu jammy/main amd64 libxt6 amd64 1:1.2.1-1 [177 kB]
1776333393,,ui,say,==> control-server.amazon-ebs.control_server: Get:62 http://us-east-1.ec2.archive.ubuntu.com/ubuntu jammy/main amd64 libxmu6 amd64 2:1.1.3-3 [49.6 kB]
1776333393,,ui,say,==> control-server.amazon-ebs.control_server: Get:63 http://us-east-1.ec2.archive.ubuntu.com/ubuntu jammy/main amd64 libxaw7 amd64 2:1.0.14-1 [191 kB]
1776333393,,ui,say,==> control-server.amazon-ebs.control_server: Get:64 http://us-east-1.ec2.archive.ubuntu.com/ubuntu jammy/main amd64 libxcb-shape0 amd64 1.14-3ubuntu3 [6158 B]
1776333393,,ui,say,==> control-server.amazon-ebs.control_server: Get:65 http://us-east-1.ec2.archive.ubuntu.com/ubuntu jammy/main amd64 libxcomposite1 amd64 1:0.4.5-1build2 [7192 B]
1776333393,,ui,say,==> control-server.amazon-ebs.control_server: Get:66 http://us-east-1.ec2.archive.ubuntu.com/ubuntu jammy/main amd64 libxrender1 amd64 1:0.9.10-1build4 [19.7 kB]
1776333393,,ui,say,==> control-server.amazon-ebs.control_server: Get:67 http://us-east-1.ec2.archive.ubuntu.com/ubuntu jammy/main amd64 libxft2 amd64 2.3.4-1 [41.8 kB]
1776333393,,ui,say,==> control-server.amazon-ebs.control_server: Get:68 http://us-east-1.ec2.archive.ubuntu.com/ubuntu jammy/main amd64 libxinerama1 amd64 2:1.1.4-3 [7382 B]
1776333393,,ui,say,==> control-server.amazon-ebs.control_server: Get:69 http://us-east-1.ec2.archive.ubuntu.com/ubuntu jammy/main amd64 libxkbfile1 amd64 1:1.1.0-1build3 [71.8 kB]
1776333393,,ui,say,==> control-server.amazon-ebs.control_server: Get:70 http://us-east-1.ec2.archive.ubuntu.com/ubuntu jammy/main amd64 libxrandr2 amd64 2:1.5.2-1build1 [20.4 kB]
1776333393,,ui,say,==> control-server.amazon-ebs.control_server: Get:71 http://us-east-1.ec2.archive.ubuntu.com/ubuntu jammy/main amd64 libxv1 amd64 2:1.0.11-1build2 [11.2 kB]
1776333393,,ui,say,==> control-server.amazon-ebs.control_server: Get:72 http://us-east-1.ec2.archive.ubuntu.com/ubuntu jammy/main amd64 libxxf86dga1 amd64 2:1.1.5-0ubuntu3 [12.6 kB]
1776333393,,ui,say,==> control-server.amazon-ebs.control_server: Get:73 http://us-east-1.ec2.archive.ubuntu.com/ubuntu jammy/main amd64 x11-utils amd64 7.7+5build2 [206 kB]
1776333393,,ui,say,==> control-server.amazon-ebs.control_server: Get:74 http://us-east-1.ec2.archive.ubuntu.com/ubuntu jammy/main amd64 libatk-wrapper-java all 0.38.0-5build1 [53.1 kB]
1776333393,,ui,say,==> control-server.amazon-ebs.control_server: Get:75 http://us-east-1.ec2.archive.ubuntu.com/ubuntu jammy/main amd64 libatk-wrapper-java-jni amd64 0.38.0-5build1 [49.0 kB]
1776333393,,ui,say,==> control-server.amazon-ebs.control_server: Get:76 http://us-east-1.ec2.archive.ubuntu.com/ubuntu jammy-updates/main amd64 libavahi-common-data amd64 0.8-5ubuntu5.4 [24.0 kB]
1776333393,,ui,say,==> control-server.amazon-ebs.control_server: Get:77 http://us-east-1.ec2.archive.ubuntu.com/ubuntu jammy-updates/main amd64 libavahi-common3 amd64 0.8-5ubuntu5.4 [23.9 kB]
1776333393,,ui,say,==> control-server.amazon-ebs.control_server: Get:78 http://us-east-1.ec2.archive.ubuntu.com/ubuntu jammy-updates/main amd64 libavahi-client3 amd64 0.8-5ubuntu5.4 [28.0 kB]
1776333393,,ui,say,==> control-server.amazon-ebs.control_server: Get:79 http://us-east-1.ec2.archive.ubuntu.com/ubuntu jammy-updates/main amd64 libpixman-1-0 amd64 0.40.0-1ubuntu0.22.04.1 [264 kB]
1776333393,,ui,say,==> control-server.amazon-ebs.control_server: Get:80 http://us-east-1.ec2.archive.ubuntu.com/ubuntu jammy/main amd64 libxcb-render0 amd64 1.14-3ubuntu3 [16.4 kB]
1776333393,,ui,say,==> control-server.amazon-ebs.control_server: Get:81 http://us-east-1.ec2.archive.ubuntu.com/ubuntu jammy-updates/main amd64 libcairo2 amd64 1.16.0-5ubuntu2.1 [628 kB]
1776333393,,ui,say,==> control-server.amazon-ebs.control_server: Get:82 http://us-east-1.ec2.archive.ubuntu.com/ubuntu jammy-updates/main amd64 libcairo-gobject2 amd64 1.16.0-5ubuntu2.1 [19.5 kB]
1776333393,,ui,say,==> control-server.amazon-ebs.control_server: Get:83 http://us-east-1.ec2.archive.ubuntu.com/ubuntu jammy/main amd64 libcolord2 amd64 1.4.6-1 [155 kB]
1776333393,,ui,say,==> control-server.amazon-ebs.control_server: Get:84 http://us-east-1.ec2.archive.ubuntu.com/ubuntu jammy-updates/main amd64 libcups2 amd64 2.4.1op1-1ubuntu4.16 [264 kB]
1776333393,,ui,say,==> control-server.amazon-ebs.control_server: Get:85 http://us-east-1.ec2.archive.ubuntu.com/ubuntu jammy/main amd64 libdatrie1 amd64 0.2.13-2 [19.9 kB]
1776333393,,ui,say,==> control-server.amazon-ebs.control_server: Get:86 http://us-east-1.ec2.archive.ubuntu.com/ubuntu jammy/main amd64 libepoxy0 amd64 1.5.10-1 [237 kB]
1776333394,,ui,say,==> control-server.amazon-ebs.control_server: Get:87 http://us-east-1.ec2.archive.ubuntu.com/ubuntu jammy-updates/main amd64 libgdk-pixbuf2.0-bin amd64 2.42.8+dfsg-1ubuntu0.5 [14.2 kB]
1776333394,,ui,say,==> control-server.amazon-ebs.control_server: Get:88 http://us-east-1.ec2.archive.ubuntu.com/ubuntu jammy-updates/main amd64 libgif7 amd64 5.1.9-2ubuntu0.1 [33.9 kB]
1776333394,,ui,say,==> control-server.amazon-ebs.control_server: Get:89 http://us-east-1.ec2.archive.ubuntu.com/ubuntu jammy-updates/main amd64 libgl1-amber-dri amd64 21.3.9-0ubuntu1~22.04.1 [4218 kB]
1776333394,,ui,say,==> control-server.amazon-ebs.control_server: Get:90 http://us-east-1.ec2.archive.ubuntu.com/ubuntu jammy/main amd64 libgraphite2-3 amd64 1.3.14-1build2 [71.3 kB]
1776333394,,ui,say,==> control-server.amazon-ebs.control_server: Get:91 http://us-east-1.ec2.archive.ubuntu.com/ubuntu jammy-updates/main amd64 libharfbuzz0b amd64 2.7.4-1ubuntu3.2 [353 kB]
1776333394,,ui,say,==> control-server.amazon-ebs.control_server: Get:92 http://us-east-1.ec2.archive.ubuntu.com/ubuntu jammy/main amd64 libthai-data all 0.1.29-1build1 [162 kB]
1776333394,,ui,say,==> control-server.amazon-ebs.control_server: Get:93 http://us-east-1.ec2.archive.ubuntu.com/ubuntu jammy/main amd64 libthai0 amd64 0.1.29-1build1 [19.2 kB]
1776333394,,ui,say,==> control-server.amazon-ebs.control_server: Get:94 http://us-east-1.ec2.archive.ubuntu.com/ubuntu jammy-updates/main amd64 libpango-1.0-0 amd64 1.50.6+ds-2ubuntu1 [230 kB]
1776333394,,ui,say,==> control-server.amazon-ebs.control_server: Get:95 http://us-east-1.ec2.archive.ubuntu.com/ubuntu jammy-updates/main amd64 libpangoft2-1.0-0 amd64 1.50.6+ds-2ubuntu1 [54.0 kB]
1776333394,,ui,say,==> control-server.amazon-ebs.control_server: Get:96 http://us-east-1.ec2.archive.ubuntu.com/ubuntu jammy-updates/main amd64 libpangocairo-1.0-0 amd64 1.50.6+ds-2ubuntu1 [39.8 kB]
1776333394,,ui,say,==> control-server.amazon-ebs.control_server: Get:97 http://us-east-1.ec2.archive.ubuntu.com/ubuntu jammy-updates/main amd64 libwayland-client0 amd64 1.20.0-1ubuntu0.1 [25.9 kB]
1776333394,,ui,say,==> control-server.amazon-ebs.control_server: Get:98 http://us-east-1.ec2.archive.ubuntu.com/ubuntu jammy-updates/main amd64 libwayland-cursor0 amd64 1.20.0-1ubuntu0.1 [10.7 kB]
1776333394,,ui,say,==> control-server.amazon-ebs.control_server: Get:99 http://us-east-1.ec2.archive.ubuntu.com/ubuntu jammy-updates/main amd64 libwayland-egl1 amd64 1.20.0-1ubuntu0.1 [5582 B]
1776333394,,ui,say,==> control-server.amazon-ebs.control_server: Get:100 http://us-east-1.ec2.archive.ubuntu.com/ubuntu jammy/main amd64 libxcursor1 amd64 1:1.2.0-2build4 [20.9 kB]
1776333394,,ui,say,==> control-server.amazon-ebs.control_server: Get:101 http://us-east-1.ec2.archive.ubuntu.com/ubuntu jammy/main amd64 libxdamage1 amd64 1:1.1.5-2build2 [7154 B]
1776333394,,ui,say,==> control-server.amazon-ebs.control_server: Get:102 http://us-east-1.ec2.archive.ubuntu.com/ubuntu jammy/main amd64 libxkbcommon0 amd64 1.4.0-1 [125 kB]
1776333394,,ui,say,==> control-server.amazon-ebs.control_server: Get:103 http://us-east-1.ec2.archive.ubuntu.com/ubuntu jammy-updates/main amd64 libgtk-3-common all 3.24.33-1ubuntu2.2 [239 kB]
1776333394,,ui,say,==> control-server.amazon-ebs.control_server: Get:104 http://us-east-1.ec2.archive.ubuntu.com/ubuntu jammy-updates/main amd64 libgtk-3-0 amd64 3.24.33-1ubuntu2.2 [3053 kB]
1776333394,,ui,say,==> control-server.amazon-ebs.control_server: Get:105 http://us-east-1.ec2.archive.ubuntu.com/ubuntu jammy-updates/main amd64 libgtk-3-bin amd64 3.24.33-1ubuntu2.2 [69.6 kB]
1776333394,,ui,say,==> control-server.amazon-ebs.control_server: Get:106 http://us-east-1.ec2.archive.ubuntu.com/ubuntu jammy-updates/main amd64 librsvg2-2 amd64 2.52.5+dfsg-3ubuntu0.2 [2974 kB]
1776333394,,ui,say,==> control-server.amazon-ebs.control_server: Get:107 http://us-east-1.ec2.archive.ubuntu.com/ubuntu jammy-updates/main amd64 librsvg2-common amd64 2.52.5+dfsg-3ubuntu0.2 [17.7 kB]
1776333394,,ui,say,==> control-server.amazon-ebs.control_server: Get:108 http://us-east-1.ec2.archive.ubuntu.com/ubuntu jammy-updates/universe amd64 openjdk-21-jre amd64 21.0.10+7-1~22.04 [238 kB]
1776333396,,ui,error,==> control-server.amazon-ebs.control_server: debconf: unable to initialize frontend: Dialog
1776333396,,ui,error,==> control-server.amazon-ebs.control_server: debconf: (Dialog frontend will not work on a dumb terminal%!(PACKER_COMMA) an emacs shell buffer%!(PACKER_COMMA) or without a controlling terminal.)
1776333396,,ui,error,==> control-server.amazon-ebs.control_server: debconf: falling back to frontend: Readline
1776333396,,ui,error,==> control-server.amazon-ebs.control_server: debconf: unable to initialize frontend: Readline
1776333396,,ui,error,==> control-server.amazon-ebs.control_server: debconf: (This frontend requires a controlling tty.)
1776333396,,ui,error,==> control-server.amazon-ebs.control_server: debconf: falling back to frontend: Teletype
1776333396,,ui,error,==> control-server.amazon-ebs.control_server: dpkg-preconfigure: unable to re-open stdin:
1776333396,,ui,say,==> control-server.amazon-ebs.control_server: Fetched 105 MB in 7s (14.8 MB/s)
1776333396,,ui,say,==> control-server.amazon-ebs.control_server: Selecting previously unselected package hicolor-icon-theme.
1776333397,,ui,say,==> control-server.amazon-ebs.control_server: (Reading database ... 66612 files and directories currently installed.)
1776333397,,ui,say,==> control-server.amazon-ebs.control_server: Preparing to unpack .../000-hicolor-icon-theme_0.17-2_all.deb ...
1776333397,,ui,say,==> control-server.amazon-ebs.control_server: Unpacking hicolor-icon-theme (0.17-2) ...
1776333397,,ui,say,==> control-server.amazon-ebs.control_server: Selecting previously unselected package libgdk-pixbuf2.0-common.
1776333397,,ui,say,==> control-server.amazon-ebs.control_server: Preparing to unpack .../001-libgdk-pixbuf2.0-common_2.42.8+dfsg-1ubuntu0.5_all.deb ...
1776333397,,ui,say,==> control-server.amazon-ebs.control_server: Unpacking libgdk-pixbuf2.0-common (2.42.8+dfsg-1ubuntu0.5) ...
1776333397,,ui,say,==> control-server.amazon-ebs.control_server: Selecting previously unselected package libgdk-pixbuf-2.0-0:amd64.
1776333397,,ui,say,==> control-server.amazon-ebs.control_server: Preparing to unpack .../002-libgdk-pixbuf-2.0-0_2.42.8+dfsg-1ubuntu0.5_amd64.deb ...
1776333397,,ui,say,==> control-server.amazon-ebs.control_server: Unpacking libgdk-pixbuf-2.0-0:amd64 (2.42.8+dfsg-1ubuntu0.5) ...
1776333397,,ui,say,==> control-server.amazon-ebs.control_server: Selecting previously unselected package gtk-update-icon-cache.
1776333397,,ui,say,==> control-server.amazon-ebs.control_server: Preparing to unpack .../003-gtk-update-icon-cache_3.24.33-1ubuntu2.2_amd64.deb ...
1776333397,,ui,say,==> control-server.amazon-ebs.control_server: Unpacking gtk-update-icon-cache (3.24.33-1ubuntu2.2) ...
1776333398,,ui,say,==> control-server.amazon-ebs.control_server: Selecting previously unselected package humanity-icon-theme.
1776333398,,ui,say,==> control-server.amazon-ebs.control_server: Preparing to unpack .../004-humanity-icon-theme_0.6.16_all.deb ...
1776333398,,ui,say,==> control-server.amazon-ebs.control_server: Unpacking humanity-icon-theme (0.6.16) ...
1776333403,,ui,say,==> control-server.amazon-ebs.control_server: Selecting previously unselected package ubuntu-mono.
1776333403,,ui,say,==> control-server.amazon-ebs.control_server: Preparing to unpack .../005-ubuntu-mono_20.10-0ubuntu2_all.deb ...
1776333403,,ui,say,==> control-server.amazon-ebs.control_server: Unpacking ubuntu-mono (20.10-0ubuntu2) ...
1776333405,,ui,say,==> control-server.amazon-ebs.control_server: Selecting previously unselected package adwaita-icon-theme.
1776333405,,ui,say,==> control-server.amazon-ebs.control_server: Preparing to unpack .../006-adwaita-icon-theme_41.0-1ubuntu1_all.deb ...
1776333405,,ui,say,==> control-server.amazon-ebs.control_server: Unpacking adwaita-icon-theme (41.0-1ubuntu1) ...
1776333408,,ui,say,==> control-server.amazon-ebs.control_server: Selecting previously unselected package alsa-topology-conf.
1776333408,,ui,say,==> control-server.amazon-ebs.control_server: Preparing to unpack .../007-alsa-topology-conf_1.2.5.1-2_all.deb ...
1776333408,,ui,say,==> control-server.amazon-ebs.control_server: Unpacking alsa-topology-conf (1.2.5.1-2) ...
1776333408,,ui,say,==> control-server.amazon-ebs.control_server: Selecting previously unselected package libasound2-data.
1776333408,,ui,say,==> control-server.amazon-ebs.control_server: Preparing to unpack .../008-libasound2-data_1.2.6.1-1ubuntu1.1_all.deb ...
1776333408,,ui,say,==> control-server.amazon-ebs.control_server: Unpacking libasound2-data (1.2.6.1-1ubuntu1.1) ...
1776333408,,ui,say,==> control-server.amazon-ebs.control_server: Selecting previously unselected package libasound2:amd64.
1776333408,,ui,say,==> control-server.amazon-ebs.control_server: Preparing to unpack .../009-libasound2_1.2.6.1-1ubuntu1.1_amd64.deb ...
1776333408,,ui,say,==> control-server.amazon-ebs.control_server: Unpacking libasound2:amd64 (1.2.6.1-1ubuntu1.1) ...
1776333408,,ui,say,==> control-server.amazon-ebs.control_server: Selecting previously unselected package alsa-ucm-conf.
1776333408,,ui,say,==> control-server.amazon-ebs.control_server: Preparing to unpack .../010-alsa-ucm-conf_1.2.6.3-1ubuntu1.12_all.deb ...
1776333408,,ui,say,==> control-server.amazon-ebs.control_server: Unpacking alsa-ucm-conf (1.2.6.3-1ubuntu1.12) ...
1776333409,,ui,say,==> control-server.amazon-ebs.control_server: Selecting previously unselected package libxi6:amd64.
1776333409,,ui,say,==> control-server.amazon-ebs.control_server: Preparing to unpack .../011-libxi6_2%3a1.8-1build1_amd64.deb ...
1776333409,,ui,say,==> control-server.amazon-ebs.control_server: Unpacking libxi6:amd64 (2:1.8-1build1) ...
1776333409,,ui,say,==> control-server.amazon-ebs.control_server: Selecting previously unselected package libatspi2.0-0:amd64.
1776333409,,ui,say,==> control-server.amazon-ebs.control_server: Preparing to unpack .../012-libatspi2.0-0_2.44.0-3_amd64.deb ...
1776333409,,ui,say,==> control-server.amazon-ebs.control_server: Unpacking libatspi2.0-0:amd64 (2.44.0-3) ...
1776333409,,ui,say,==> control-server.amazon-ebs.control_server: Selecting previously unselected package x11-common.
1776333409,,ui,say,==> control-server.amazon-ebs.control_server: Preparing to unpack .../013-x11-common_1%3a7.7+23ubuntu2_all.deb ...
1776333409,,ui,say,==> control-server.amazon-ebs.control_server: Unpacking x11-common (1:7.7+23ubuntu2) ...
1776333409,,ui,say,==> control-server.amazon-ebs.control_server: Selecting previously unselected package libxtst6:amd64.
1776333409,,ui,say,==> control-server.amazon-ebs.control_server: Preparing to unpack .../014-libxtst6_2%3a1.2.3-1build4_amd64.deb ...
1776333409,,ui,say,==> control-server.amazon-ebs.control_server: Unpacking libxtst6:amd64 (2:1.2.3-1build4) ...
1776333409,,ui,say,==> control-server.amazon-ebs.control_server: Selecting previously unselected package libdconf1:amd64.
1776333409,,ui,say,==> control-server.amazon-ebs.control_server: Preparing to unpack .../015-libdconf1_0.40.0-3ubuntu0.1_amd64.deb ...
1776333409,,ui,say,==> control-server.amazon-ebs.control_server: Unpacking libdconf1:amd64 (0.40.0-3ubuntu0.1) ...
1776333409,,ui,say,==> control-server.amazon-ebs.control_server: Selecting previously unselected package dconf-service.
1776333409,,ui,say,==> control-server.amazon-ebs.control_server: Preparing to unpack .../016-dconf-service_0.40.0-3ubuntu0.1_amd64.deb ...
1776333409,,ui,say,==> control-server.amazon-ebs.control_server: Unpacking dconf-service (0.40.0-3ubuntu0.1) ...
1776333410,,ui,say,==> control-server.amazon-ebs.control_server: Selecting previously unselected package dconf-gsettings-backend:amd64.
1776333410,,ui,say,==> control-server.amazon-ebs.control_server: Preparing to unpack .../017-dconf-gsettings-backend_0.40.0-3ubuntu0.1_amd64.deb ...
1776333410,,ui,say,==> control-server.amazon-ebs.control_server: Unpacking dconf-gsettings-backend:amd64 (0.40.0-3ubuntu0.1) ...
1776333410,,ui,say,==> control-server.amazon-ebs.control_server: Selecting previously unselected package session-migration.
1776333410,,ui,say,==> control-server.amazon-ebs.control_server: Preparing to unpack .../018-session-migration_0.3.6_amd64.deb ...
1776333410,,ui,say,==> control-server.amazon-ebs.control_server: Unpacking session-migration (0.3.6) ...
1776333410,,ui,say,==> control-server.amazon-ebs.control_server: Selecting previously unselected package gsettings-desktop-schemas.
1776333410,,ui,say,==> control-server.amazon-ebs.control_server: Preparing to unpack .../019-gsettings-desktop-schemas_42.0-1ubuntu1_all.deb ...
1776333410,,ui,say,==> control-server.amazon-ebs.control_server: Unpacking gsettings-desktop-schemas (42.0-1ubuntu1) ...
1776333410,,ui,say,==> control-server.amazon-ebs.control_server: Selecting previously unselected package at-spi2-core.
1776333410,,ui,say,==> control-server.amazon-ebs.control_server: Preparing to unpack .../020-at-spi2-core_2.44.0-3_amd64.deb ...
1776333410,,ui,say,==> control-server.amazon-ebs.control_server: Unpacking at-spi2-core (2.44.0-3) ...
1776333410,,ui,say,==> control-server.amazon-ebs.control_server: Selecting previously unselected package java-common.
1776333410,,ui,say,==> control-server.amazon-ebs.control_server: Preparing to unpack .../021-java-common_0.72build2_all.deb ...
1776333410,,ui,say,==> control-server.amazon-ebs.control_server: Unpacking java-common (0.72build2) ...
1776333410,,ui,say,==> control-server.amazon-ebs.control_server: Selecting previously unselected package liblcms2-2:amd64.
1776333411,,ui,say,==> control-server.amazon-ebs.control_server: Preparing to unpack .../022-liblcms2-2_2.12~rc1-2build2_amd64.deb ...
1776333411,,ui,say,==> control-server.amazon-ebs.control_server: Unpacking liblcms2-2:amd64 (2.12~rc1-2build2) ...
1776333411,,ui,say,==> control-server.amazon-ebs.control_server: Selecting previously unselected package libpcsclite1:amd64.
1776333411,,ui,say,==> control-server.amazon-ebs.control_server: Preparing to unpack .../023-libpcsclite1_1.9.5-3ubuntu1_amd64.deb ...
1776333411,,ui,say,==> control-server.amazon-ebs.control_server: Unpacking libpcsclite1:amd64 (1.9.5-3ubuntu1) ...
1776333411,,ui,say,==> control-server.amazon-ebs.control_server: Selecting previously unselected package openjdk-21-jre-headless:amd64.
1776333411,,ui,say,==> control-server.amazon-ebs.control_server: Preparing to unpack .../024-openjdk-21-jre-headless_21.0.10+7-1~22.04_amd64.deb ...
1776333411,,ui,say,==> control-server.amazon-ebs.control_server: Unpacking openjdk-21-jre-headless:amd64 (21.0.10+7-1~22.04) ...
1776333420,,ui,say,==> control-server.amazon-ebs.control_server: Selecting previously unselected package ca-certificates-java.
1776333420,,ui,say,==> control-server.amazon-ebs.control_server: Preparing to unpack .../025-ca-certificates-java_20190909ubuntu1.3_all.deb ...
1776333420,,ui,say,==> control-server.amazon-ebs.control_server: Unpacking ca-certificates-java (20190909ubuntu1.3) ...
1776333420,,ui,say,==> control-server.amazon-ebs.control_server: Selecting previously unselected package fontconfig.
1776333420,,ui,say,==> control-server.amazon-ebs.control_server: Preparing to unpack .../026-fontconfig_2.13.1-4.2ubuntu5_amd64.deb ...
1776333420,,ui,say,==> control-server.amazon-ebs.control_server: Unpacking fontconfig (2.13.1-4.2ubuntu5) ...
1776333420,,ui,say,==> control-server.amazon-ebs.control_server: Selecting previously unselected package fonts-dejavu-extra.
1776333420,,ui,say,==> control-server.amazon-ebs.control_server: Preparing to unpack .../027-fonts-dejavu-extra_2.37-2build1_all.deb ...
1776333420,,ui,say,==> control-server.amazon-ebs.control_server: Unpacking fonts-dejavu-extra (2.37-2build1) ...
1776333422,,ui,say,==> control-server.amazon-ebs.control_server: Selecting previously unselected package libatk1.0-data.
1776333422,,ui,say,==> control-server.amazon-ebs.control_server: Preparing to unpack .../028-libatk1.0-data_2.36.0-3build1_all.deb ...
1776333422,,ui,say,==> control-server.amazon-ebs.control_server: Unpacking libatk1.0-data (2.36.0-3build1) ...
1776333422,,ui,say,==> control-server.amazon-ebs.control_server: Selecting previously unselected package libatk1.0-0:amd64.
1776333422,,ui,say,==> control-server.amazon-ebs.control_server: Preparing to unpack .../029-libatk1.0-0_2.36.0-3build1_amd64.deb ...
1776333422,,ui,say,==> control-server.amazon-ebs.control_server: Unpacking libatk1.0-0:amd64 (2.36.0-3build1) ...
1776333422,,ui,say,==> control-server.amazon-ebs.control_server: Selecting previously unselected package libatk-bridge2.0-0:amd64.
1776333422,,ui,say,==> control-server.amazon-ebs.control_server: Preparing to unpack .../030-libatk-bridge2.0-0_2.38.0-3_amd64.deb ...
1776333422,,ui,say,==> control-server.amazon-ebs.control_server: Unpacking libatk-bridge2.0-0:amd64 (2.38.0-3) ...
1776333422,,ui,say,==> control-server.amazon-ebs.control_server: Selecting previously unselected package libfontenc1:amd64.
1776333422,,ui,say,==> control-server.amazon-ebs.control_server: Preparing to unpack .../031-libfontenc1_1%3a1.1.4-1build3_amd64.deb ...
1776333422,,ui,say,==> control-server.amazon-ebs.control_server: Unpacking libfontenc1:amd64 (1:1.1.4-1build3) ...
1776333423,,ui,say,==> control-server.amazon-ebs.control_server: Selecting previously unselected package libglvnd0:amd64.
1776333423,,ui,say,==> control-server.amazon-ebs.control_server: Preparing to unpack .../032-libglvnd0_1.4.0-1_amd64.deb ...
1776333423,,ui,say,==> control-server.amazon-ebs.control_server: Unpacking libglvnd0:amd64 (1.4.0-1) ...
1776333423,,ui,say,==> control-server.amazon-ebs.control_server: Selecting previously unselected package libglapi-mesa:amd64.
1776333423,,ui,say,==> control-server.amazon-ebs.control_server: Preparing to unpack .../033-libglapi-mesa_23.2.1-1ubuntu3.1~22.04.3_amd64.deb ...
1776333423,,ui,say,==> control-server.amazon-ebs.control_server: Unpacking libglapi-mesa:amd64 (23.2.1-1ubuntu3.1~22.04.3) ...
1776333423,,ui,say,==> control-server.amazon-ebs.control_server: Selecting previously unselected package libx11-xcb1:amd64.
1776333423,,ui,say,==> control-server.amazon-ebs.control_server: Preparing to unpack .../034-libx11-xcb1_2%3a1.7.5-1ubuntu0.3_amd64.deb ...
1776333423,,ui,say,==> control-server.amazon-ebs.control_server: Unpacking libx11-xcb1:amd64 (2:1.7.5-1ubuntu0.3) ...
1776333423,,ui,say,==> control-server.amazon-ebs.control_server: Selecting previously unselected package libxcb-dri2-0:amd64.
1776333423,,ui,say,==> control-server.amazon-ebs.control_server: Preparing to unpack .../035-libxcb-dri2-0_1.14-3ubuntu3_amd64.deb ...
1776333423,,ui,say,==> control-server.amazon-ebs.control_server: Unpacking libxcb-dri2-0:amd64 (1.14-3ubuntu3) ...
1776333423,,ui,say,==> control-server.amazon-ebs.control_server: Selecting previously unselected package libxcb-dri3-0:amd64.
1776333423,,ui,say,==> control-server.amazon-ebs.control_server: Preparing to unpack .../036-libxcb-dri3-0_1.14-3ubuntu3_amd64.deb ...
1776333423,,ui,say,==> control-server.amazon-ebs.control_server: Unpacking libxcb-dri3-0:amd64 (1.14-3ubuntu3) ...
1776333423,,ui,say,==> control-server.amazon-ebs.control_server: Selecting previously unselected package libxcb-glx0:amd64.
1776333423,,ui,say,==> control-server.amazon-ebs.control_server: Preparing to unpack .../037-libxcb-glx0_1.14-3ubuntu3_amd64.deb ...
1776333424,,ui,say,==> control-server.amazon-ebs.control_server: Unpacking libxcb-glx0:amd64 (1.14-3ubuntu3) ...
1776333424,,ui,say,==> control-server.amazon-ebs.control_server: Selecting previously unselected package libxcb-present0:amd64.
1776333424,,ui,say,==> control-server.amazon-ebs.control_server: Preparing to unpack .../038-libxcb-present0_1.14-3ubuntu3_amd64.deb ...
1776333424,,ui,say,==> control-server.amazon-ebs.control_server: Unpacking libxcb-present0:amd64 (1.14-3ubuntu3) ...
1776333424,,ui,say,==> control-server.amazon-ebs.control_server: Selecting previously unselected package libxcb-randr0:amd64.
1776333424,,ui,say,==> control-server.amazon-ebs.control_server: Preparing to unpack .../039-libxcb-randr0_1.14-3ubuntu3_amd64.deb ...
1776333424,,ui,say,==> control-server.amazon-ebs.control_server: Unpacking libxcb-randr0:amd64 (1.14-3ubuntu3) ...
1776333424,,ui,say,==> control-server.amazon-ebs.control_server: Selecting previously unselected package libxcb-shm0:amd64.
1776333424,,ui,say,==> control-server.amazon-ebs.control_server: Preparing to unpack .../040-libxcb-shm0_1.14-3ubuntu3_amd64.deb ...
1776333424,,ui,say,==> control-server.amazon-ebs.control_server: Unpacking libxcb-shm0:amd64 (1.14-3ubuntu3) ...
1776333424,,ui,say,==> control-server.amazon-ebs.control_server: Selecting previously unselected package libxcb-sync1:amd64.
1776333424,,ui,say,==> control-server.amazon-ebs.control_server: Preparing to unpack .../041-libxcb-sync1_1.14-3ubuntu3_amd64.deb ...
1776333424,,ui,say,==> control-server.amazon-ebs.control_server: Unpacking libxcb-sync1:amd64 (1.14-3ubuntu3) ...
1776333424,,ui,say,==> control-server.amazon-ebs.control_server: Selecting previously unselected package libxcb-xfixes0:amd64.
1776333424,,ui,say,==> control-server.amazon-ebs.control_server: Preparing to unpack .../042-libxcb-xfixes0_1.14-3ubuntu3_amd64.deb ...
1776333424,,ui,say,==> control-server.amazon-ebs.control_server: Unpacking libxcb-xfixes0:amd64 (1.14-3ubuntu3) ...
1776333425,,ui,say,==> control-server.amazon-ebs.control_server: Selecting previously unselected package libxfixes3:amd64.
1776333425,,ui,say,==> control-server.amazon-ebs.control_server: Preparing to unpack .../043-libxfixes3_1%3a6.0.0-1_amd64.deb ...
1776333425,,ui,say,==> control-server.amazon-ebs.control_server: Unpacking libxfixes3:amd64 (1:6.0.0-1) ...
1776333425,,ui,say,==> control-server.amazon-ebs.control_server: Selecting previously unselected package libxshmfence1:amd64.
1776333425,,ui,say,==> control-server.amazon-ebs.control_server: Preparing to unpack .../044-libxshmfence1_1.3-1build4_amd64.deb ...
1776333425,,ui,say,==> control-server.amazon-ebs.control_server: Unpacking libxshmfence1:amd64 (1.3-1build4) ...
1776333425,,ui,say,==> control-server.amazon-ebs.control_server: Selecting previously unselected package libxxf86vm1:amd64.
1776333425,,ui,say,==> control-server.amazon-ebs.control_server: Preparing to unpack .../045-libxxf86vm1_1%3a1.1.4-1build3_amd64.deb ...
1776333425,,ui,say,==> control-server.amazon-ebs.control_server: Unpacking libxxf86vm1:amd64 (1:1.1.4-1build3) ...
1776333425,,ui,say,==> control-server.amazon-ebs.control_server: Selecting previously unselected package libdrm-amdgpu1:amd64.
1776333425,,ui,say,==> control-server.amazon-ebs.control_server: Preparing to unpack .../046-libdrm-amdgpu1_2.4.113-2~ubuntu0.22.04.1_amd64.deb ...
1776333425,,ui,say,==> control-server.amazon-ebs.control_server: Unpacking libdrm-amdgpu1:amd64 (2.4.113-2~ubuntu0.22.04.1) ...
1776333425,,ui,say,==> control-server.amazon-ebs.control_server: Selecting previously unselected package libpciaccess0:amd64.
1776333425,,ui,say,==> control-server.amazon-ebs.control_server: Preparing to unpack .../047-libpciaccess0_0.16-3_amd64.deb ...
1776333425,,ui,say,==> control-server.amazon-ebs.control_server: Unpacking libpciaccess0:amd64 (0.16-3) ...
1776333425,,ui,say,==> control-server.amazon-ebs.control_server: Selecting previously unselected package libdrm-intel1:amd64.
1776333425,,ui,say,==> control-server.amazon-ebs.control_server: Preparing to unpack .../048-libdrm-intel1_2.4.113-2~ubuntu0.22.04.1_amd64.deb ...
1776333425,,ui,say,==> control-server.amazon-ebs.control_server: Unpacking libdrm-intel1:amd64 (2.4.113-2~ubuntu0.22.04.1) ...
1776333426,,ui,say,==> control-server.amazon-ebs.control_server: Selecting previously unselected package libdrm-nouveau2:amd64.
1776333426,,ui,say,==> control-server.amazon-ebs.control_server: Preparing to unpack .../049-libdrm-nouveau2_2.4.113-2~ubuntu0.22.04.1_amd64.deb ...
1776333426,,ui,say,==> control-server.amazon-ebs.control_server: Unpacking libdrm-nouveau2:amd64 (2.4.113-2~ubuntu0.22.04.1) ...
1776333426,,ui,say,==> control-server.amazon-ebs.control_server: Selecting previously unselected package libdrm-radeon1:amd64.
1776333426,,ui,say,==> control-server.amazon-ebs.control_server: Preparing to unpack .../050-libdrm-radeon1_2.4.113-2~ubuntu0.22.04.1_amd64.deb ...
1776333426,,ui,say,==> control-server.amazon-ebs.control_server: Unpacking libdrm-radeon1:amd64 (2.4.113-2~ubuntu0.22.04.1) ...
1776333426,,ui,say,==> control-server.amazon-ebs.control_server: Selecting previously unselected package libllvm15:amd64.
1776333426,,ui,say,==> control-server.amazon-ebs.control_server: Preparing to unpack .../051-libllvm15_1%3a15.0.7-0ubuntu0.22.04.3_amd64.deb ...
1776333426,,ui,say,==> control-server.amazon-ebs.control_server: Unpacking libllvm15:amd64 (1:15.0.7-0ubuntu0.22.04.3) ...
1776333431,,ui,say,==> control-server.amazon-ebs.control_server: Selecting previously unselected package libsensors-config.
1776333431,,ui,say,==> control-server.amazon-ebs.control_server: Preparing to unpack .../052-libsensors-config_1%3a3.6.0-7ubuntu1_all.deb ...
1776333431,,ui,say,==> control-server.amazon-ebs.control_server: Unpacking libsensors-config (1:3.6.0-7ubuntu1) ...
1776333431,,ui,say,==> control-server.amazon-ebs.control_server: Selecting previously unselected package libsensors5:amd64.
1776333431,,ui,say,==> control-server.amazon-ebs.control_server: Preparing to unpack .../053-libsensors5_1%3a3.6.0-7ubuntu1_amd64.deb ...
1776333431,,ui,say,==> control-server.amazon-ebs.control_server: Unpacking libsensors5:amd64 (1:3.6.0-7ubuntu1) ...
1776333431,,ui,say,==> control-server.amazon-ebs.control_server: Selecting previously unselected package libgl1-mesa-dri:amd64.
1776333431,,ui,say,==> control-server.amazon-ebs.control_server: Preparing to unpack .../054-libgl1-mesa-dri_23.2.1-1ubuntu3.1~22.04.3_amd64.deb ...
1776333431,,ui,say,==> control-server.amazon-ebs.control_server: Unpacking libgl1-mesa-dri:amd64 (23.2.1-1ubuntu3.1~22.04.3) ...
1776333433,,ui,say,==> control-server.amazon-ebs.control_server: Selecting previously unselected package libglx-mesa0:amd64.
1776333433,,ui,say,==> control-server.amazon-ebs.control_server: Preparing to unpack .../055-libglx-mesa0_23.2.1-1ubuntu3.1~22.04.3_amd64.deb ...
1776333433,,ui,say,==> control-server.amazon-ebs.control_server: Unpacking libglx-mesa0:amd64 (23.2.1-1ubuntu3.1~22.04.3) ...
1776333433,,ui,say,==> control-server.amazon-ebs.control_server: Selecting previously unselected package libglx0:amd64.
1776333433,,ui,say,==> control-server.amazon-ebs.control_server: Preparing to unpack .../056-libglx0_1.4.0-1_amd64.deb ...
1776333433,,ui,say,==> control-server.amazon-ebs.control_server: Unpacking libglx0:amd64 (1.4.0-1) ...
1776333433,,ui,say,==> control-server.amazon-ebs.control_server: Selecting previously unselected package libgl1:amd64.
1776333433,,ui,say,==> control-server.amazon-ebs.control_server: Preparing to unpack .../057-libgl1_1.4.0-1_amd64.deb ...
1776333433,,ui,say,==> control-server.amazon-ebs.control_server: Unpacking libgl1:amd64 (1.4.0-1) ...
1776333433,,ui,say,==> control-server.amazon-ebs.control_server: Selecting previously unselected package libice6:amd64.
1776333434,,ui,say,==> control-server.amazon-ebs.control_server: Preparing to unpack .../058-libice6_2%3a1.0.10-1build2_amd64.deb ...
1776333434,,ui,say,==> control-server.amazon-ebs.control_server: Unpacking libice6:amd64 (2:1.0.10-1build2) ...
1776333434,,ui,say,==> control-server.amazon-ebs.control_server: Selecting previously unselected package libsm6:amd64.
1776333434,,ui,say,==> control-server.amazon-ebs.control_server: Preparing to unpack .../059-libsm6_2%3a1.2.3-1build2_amd64.deb ...
1776333434,,ui,say,==> control-server.amazon-ebs.control_server: Unpacking libsm6:amd64 (2:1.2.3-1build2) ...
1776333434,,ui,say,==> control-server.amazon-ebs.control_server: Selecting previously unselected package libxt6:amd64.
1776333434,,ui,say,==> control-server.amazon-ebs.control_server: Preparing to unpack .../060-libxt6_1%3a1.2.1-1_amd64.deb ...
1776333434,,ui,say,==> control-server.amazon-ebs.control_server: Unpacking libxt6:amd64 (1:1.2.1-1) ...
1776333434,,ui,say,==> control-server.amazon-ebs.control_server: Selecting previously unselected package libxmu6:amd64.
1776333434,,ui,say,==> control-server.amazon-ebs.control_server: Preparing to unpack .../061-libxmu6_2%3a1.1.3-3_amd64.deb ...
1776333434,,ui,say,==> control-server.amazon-ebs.control_server: Unpacking libxmu6:amd64 (2:1.1.3-3) ...
1776333434,,ui,say,==> control-server.amazon-ebs.control_server: Selecting previously unselected package libxaw7:amd64.
1776333434,,ui,say,==> control-server.amazon-ebs.control_server: Preparing to unpack .../062-libxaw7_2%3a1.0.14-1_amd64.deb ...
1776333434,,ui,say,==> control-server.amazon-ebs.control_server: Unpacking libxaw7:amd64 (2:1.0.14-1) ...
1776333434,,ui,say,==> control-server.amazon-ebs.control_server: Selecting previously unselected package libxcb-shape0:amd64.
1776333434,,ui,say,==> control-server.amazon-ebs.control_server: Preparing to unpack .../063-libxcb-shape0_1.14-3ubuntu3_amd64.deb ...
1776333434,,ui,say,==> control-server.amazon-ebs.control_server: Unpacking libxcb-shape0:amd64 (1.14-3ubuntu3) ...
1776333434,,ui,say,==> control-server.amazon-ebs.control_server: Selecting previously unselected package libxcomposite1:amd64.
1776333435,,ui,say,==> control-server.amazon-ebs.control_server: Preparing to unpack .../064-libxcomposite1_1%3a0.4.5-1build2_amd64.deb ...
1776333435,,ui,say,==> control-server.amazon-ebs.control_server: Unpacking libxcomposite1:amd64 (1:0.4.5-1build2) ...
1776333435,,ui,say,==> control-server.amazon-ebs.control_server: Selecting previously unselected package libxrender1:amd64.
1776333435,,ui,say,==> control-server.amazon-ebs.control_server: Preparing to unpack .../065-libxrender1_1%3a0.9.10-1build4_amd64.deb ...
1776333435,,ui,say,==> control-server.amazon-ebs.control_server: Unpacking libxrender1:amd64 (1:0.9.10-1build4) ...
1776333435,,ui,say,==> control-server.amazon-ebs.control_server: Selecting previously unselected package libxft2:amd64.
1776333435,,ui,say,==> control-server.amazon-ebs.control_server: Preparing to unpack .../066-libxft2_2.3.4-1_amd64.deb ...
1776333435,,ui,say,==> control-server.amazon-ebs.control_server: Unpacking libxft2:amd64 (2.3.4-1) ...
1776333435,,ui,say,==> control-server.amazon-ebs.control_server: Selecting previously unselected package libxinerama1:amd64.
1776333435,,ui,say,==> control-server.amazon-ebs.control_server: Preparing to unpack .../067-libxinerama1_2%3a1.1.4-3_amd64.deb ...
1776333435,,ui,say,==> control-server.amazon-ebs.control_server: Unpacking libxinerama1:amd64 (2:1.1.4-3) ...
1776333435,,ui,say,==> control-server.amazon-ebs.control_server: Selecting previously unselected package libxkbfile1:amd64.
1776333435,,ui,say,==> control-server.amazon-ebs.control_server: Preparing to unpack .../068-libxkbfile1_1%3a1.1.0-1build3_amd64.deb ...
1776333435,,ui,say,==> control-server.amazon-ebs.control_server: Unpacking libxkbfile1:amd64 (1:1.1.0-1build3) ...
1776333435,,ui,say,==> control-server.amazon-ebs.control_server: Selecting previously unselected package libxrandr2:amd64.
1776333435,,ui,say,==> control-server.amazon-ebs.control_server: Preparing to unpack .../069-libxrandr2_2%3a1.5.2-1build1_amd64.deb ...
1776333435,,ui,say,==> control-server.amazon-ebs.control_server: Unpacking libxrandr2:amd64 (2:1.5.2-1build1) ...
1776333435,,ui,say,==> control-server.amazon-ebs.control_server: Selecting previously unselected package libxv1:amd64.
1776333436,,ui,say,==> control-server.amazon-ebs.control_server: Preparing to unpack .../070-libxv1_2%3a1.0.11-1build2_amd64.deb ...
1776333436,,ui,say,==> control-server.amazon-ebs.control_server: Unpacking libxv1:amd64 (2:1.0.11-1build2) ...
1776333436,,ui,say,==> control-server.amazon-ebs.control_server: Selecting previously unselected package libxxf86dga1:amd64.
1776333436,,ui,say,==> control-server.amazon-ebs.control_server: Preparing to unpack .../071-libxxf86dga1_2%3a1.1.5-0ubuntu3_amd64.deb ...
1776333436,,ui,say,==> control-server.amazon-ebs.control_server: Unpacking libxxf86dga1:amd64 (2:1.1.5-0ubuntu3) ...
1776333436,,ui,say,==> control-server.amazon-ebs.control_server: Selecting previously unselected package x11-utils.
1776333436,,ui,say,==> control-server.amazon-ebs.control_server: Preparing to unpack .../072-x11-utils_7.7+5build2_amd64.deb ...
1776333436,,ui,say,==> control-server.amazon-ebs.control_server: Unpacking x11-utils (7.7+5build2) ...
1776333436,,ui,say,==> control-server.amazon-ebs.control_server: Selecting previously unselected package libatk-wrapper-java.
1776333436,,ui,say,==> control-server.amazon-ebs.control_server: Preparing to unpack .../073-libatk-wrapper-java_0.38.0-5build1_all.deb ...
1776333436,,ui,say,==> control-server.amazon-ebs.control_server: Unpacking libatk-wrapper-java (0.38.0-5build1) ...
1776333436,,ui,say,==> control-server.amazon-ebs.control_server: Selecting previously unselected package libatk-wrapper-java-jni:amd64.
1776333436,,ui,say,==> control-server.amazon-ebs.control_server: Preparing to unpack .../074-libatk-wrapper-java-jni_0.38.0-5build1_amd64.deb ...
1776333436,,ui,say,==> control-server.amazon-ebs.control_server: Unpacking libatk-wrapper-java-jni:amd64 (0.38.0-5build1) ...
1776333436,,ui,say,==> control-server.amazon-ebs.control_server: Selecting previously unselected package libavahi-common-data:amd64.
1776333436,,ui,say,==> control-server.amazon-ebs.control_server: Preparing to unpack .../075-libavahi-common-data_0.8-5ubuntu5.4_amd64.deb ...
1776333436,,ui,say,==> control-server.amazon-ebs.control_server: Unpacking libavahi-common-data:amd64 (0.8-5ubuntu5.4) ...
1776333437,,ui,say,==> control-server.amazon-ebs.control_server: Selecting previously unselected package libavahi-common3:amd64.
1776333437,,ui,say,==> control-server.amazon-ebs.control_server: Preparing to unpack .../076-libavahi-common3_0.8-5ubuntu5.4_amd64.deb ...
1776333437,,ui,say,==> control-server.amazon-ebs.control_server: Unpacking libavahi-common3:amd64 (0.8-5ubuntu5.4) ...
1776333437,,ui,say,==> control-server.amazon-ebs.control_server: Selecting previously unselected package libavahi-client3:amd64.
1776333437,,ui,say,==> control-server.amazon-ebs.control_server: Preparing to unpack .../077-libavahi-client3_0.8-5ubuntu5.4_amd64.deb ...
1776333437,,ui,say,==> control-server.amazon-ebs.control_server: Unpacking libavahi-client3:amd64 (0.8-5ubuntu5.4) ...
1776333437,,ui,say,==> control-server.amazon-ebs.control_server: Selecting previously unselected package libpixman-1-0:amd64.
1776333437,,ui,say,==> control-server.amazon-ebs.control_server: Preparing to unpack .../078-libpixman-1-0_0.40.0-1ubuntu0.22.04.1_amd64.deb ...
1776333437,,ui,say,==> control-server.amazon-ebs.control_server: Unpacking libpixman-1-0:amd64 (0.40.0-1ubuntu0.22.04.1) ...
1776333437,,ui,say,==> control-server.amazon-ebs.control_server: Selecting previously unselected package libxcb-render0:amd64.
1776333437,,ui,say,==> control-server.amazon-ebs.control_server: Preparing to unpack .../079-libxcb-render0_1.14-3ubuntu3_amd64.deb ...
1776333437,,ui,say,==> control-server.amazon-ebs.control_server: Unpacking libxcb-render0:amd64 (1.14-3ubuntu3) ...
1776333437,,ui,say,==> control-server.amazon-ebs.control_server: Selecting previously unselected package libcairo2:amd64.
1776333437,,ui,say,==> control-server.amazon-ebs.control_server: Preparing to unpack .../080-libcairo2_1.16.0-5ubuntu2.1_amd64.deb ...
1776333437,,ui,say,==> control-server.amazon-ebs.control_server: Unpacking libcairo2:amd64 (1.16.0-5ubuntu2.1) ...
1776333437,,ui,say,==> control-server.amazon-ebs.control_server: Selecting previously unselected package libcairo-gobject2:amd64.
1776333437,,ui,say,==> control-server.amazon-ebs.control_server: Preparing to unpack .../081-libcairo-gobject2_1.16.0-5ubuntu2.1_amd64.deb ...
1776333438,,ui,say,==> control-server.amazon-ebs.control_server: Unpacking libcairo-gobject2:amd64 (1.16.0-5ubuntu2.1) ...
1776333438,,ui,say,==> control-server.amazon-ebs.control_server: Selecting previously unselected package libcolord2:amd64.
1776333438,,ui,say,==> control-server.amazon-ebs.control_server: Preparing to unpack .../082-libcolord2_1.4.6-1_amd64.deb ...
1776333438,,ui,say,==> control-server.amazon-ebs.control_server: Unpacking libcolord2:amd64 (1.4.6-1) ...
1776333438,,ui,say,==> control-server.amazon-ebs.control_server: Selecting previously unselected package libcups2:amd64.
1776333438,,ui,say,==> control-server.amazon-ebs.control_server: Preparing to unpack .../083-libcups2_2.4.1op1-1ubuntu4.16_amd64.deb ...
1776333438,,ui,say,==> control-server.amazon-ebs.control_server: Unpacking libcups2:amd64 (2.4.1op1-1ubuntu4.16) ...
1776333438,,ui,say,==> control-server.amazon-ebs.control_server: Selecting previously unselected package libdatrie1:amd64.
1776333438,,ui,say,==> control-server.amazon-ebs.control_server: Preparing to unpack .../084-libdatrie1_0.2.13-2_amd64.deb ...
1776333438,,ui,say,==> control-server.amazon-ebs.control_server: Unpacking libdatrie1:amd64 (0.2.13-2) ...
1776333438,,ui,say,==> control-server.amazon-ebs.control_server: Selecting previously unselected package libepoxy0:amd64.
1776333438,,ui,say,==> control-server.amazon-ebs.control_server: Preparing to unpack .../085-libepoxy0_1.5.10-1_amd64.deb ...
1776333438,,ui,say,==> control-server.amazon-ebs.control_server: Unpacking libepoxy0:amd64 (1.5.10-1) ...
1776333438,,ui,say,==> control-server.amazon-ebs.control_server: Selecting previously unselected package libgdk-pixbuf2.0-bin.
1776333438,,ui,say,==> control-server.amazon-ebs.control_server: Preparing to unpack .../086-libgdk-pixbuf2.0-bin_2.42.8+dfsg-1ubuntu0.5_amd64.deb ...
1776333438,,ui,say,==> control-server.amazon-ebs.control_server: Unpacking libgdk-pixbuf2.0-bin (2.42.8+dfsg-1ubuntu0.5) ...
1776333439,,ui,say,==> control-server.amazon-ebs.control_server: Selecting previously unselected package libgif7:amd64.
1776333439,,ui,say,==> control-server.amazon-ebs.control_server: Preparing to unpack .../087-libgif7_5.1.9-2ubuntu0.1_amd64.deb ...
1776333439,,ui,say,==> control-server.amazon-ebs.control_server: Unpacking libgif7:amd64 (5.1.9-2ubuntu0.1) ...
1776333439,,ui,say,==> control-server.amazon-ebs.control_server: Selecting previously unselected package libgl1-amber-dri:amd64.
1776333439,,ui,say,==> control-server.amazon-ebs.control_server: Preparing to unpack .../088-libgl1-amber-dri_21.3.9-0ubuntu1~22.04.1_amd64.deb ...
1776333439,,ui,say,==> control-server.amazon-ebs.control_server: Unpacking libgl1-amber-dri:amd64 (21.3.9-0ubuntu1~22.04.1) ...
1776333440,,ui,say,==> control-server.amazon-ebs.control_server: Selecting previously unselected package libgraphite2-3:amd64.
1776333440,,ui,say,==> control-server.amazon-ebs.control_server: Preparing to unpack .../089-libgraphite2-3_1.3.14-1build2_amd64.deb ...
1776333440,,ui,say,==> control-server.amazon-ebs.control_server: Unpacking libgraphite2-3:amd64 (1.3.14-1build2) ...
1776333441,,ui,say,==> control-server.amazon-ebs.control_server: Selecting previously unselected package libharfbuzz0b:amd64.
1776333441,,ui,say,==> control-server.amazon-ebs.control_server: Preparing to unpack .../090-libharfbuzz0b_2.7.4-1ubuntu3.2_amd64.deb ...
1776333441,,ui,say,==> control-server.amazon-ebs.control_server: Unpacking libharfbuzz0b:amd64 (2.7.4-1ubuntu3.2) ...
1776333441,,ui,say,==> control-server.amazon-ebs.control_server: Selecting previously unselected package libthai-data.
1776333441,,ui,say,==> control-server.amazon-ebs.control_server: Preparing to unpack .../091-libthai-data_0.1.29-1build1_all.deb ...
1776333441,,ui,say,==> control-server.amazon-ebs.control_server: Unpacking libthai-data (0.1.29-1build1) ...
1776333441,,ui,say,==> control-server.amazon-ebs.control_server: Selecting previously unselected package libthai0:amd64.
1776333441,,ui,say,==> control-server.amazon-ebs.control_server: Preparing to unpack .../092-libthai0_0.1.29-1build1_amd64.deb ...
1776333441,,ui,say,==> control-server.amazon-ebs.control_server: Unpacking libthai0:amd64 (0.1.29-1build1) ...
1776333441,,ui,say,==> control-server.amazon-ebs.control_server: Selecting previously unselected package libpango-1.0-0:amd64.
1776333441,,ui,say,==> control-server.amazon-ebs.control_server: Preparing to unpack .../093-libpango-1.0-0_1.50.6+ds-2ubuntu1_amd64.deb ...
1776333441,,ui,say,==> control-server.amazon-ebs.control_server: Unpacking libpango-1.0-0:amd64 (1.50.6+ds-2ubuntu1) ...
1776333441,,ui,say,==> control-server.amazon-ebs.control_server: Selecting previously unselected package libpangoft2-1.0-0:amd64.
1776333441,,ui,say,==> control-server.amazon-ebs.control_server: Preparing to unpack .../094-libpangoft2-1.0-0_1.50.6+ds-2ubuntu1_amd64.deb ...
1776333441,,ui,say,==> control-server.amazon-ebs.control_server: Unpacking libpangoft2-1.0-0:amd64 (1.50.6+ds-2ubuntu1) ...
1776333442,,ui,say,==> control-server.amazon-ebs.control_server: Selecting previously unselected package libpangocairo-1.0-0:amd64.
1776333442,,ui,say,==> control-server.amazon-ebs.control_server: Preparing to unpack .../095-libpangocairo-1.0-0_1.50.6+ds-2ubuntu1_amd64.deb ...
1776333442,,ui,say,==> control-server.amazon-ebs.control_server: Unpacking libpangocairo-1.0-0:amd64 (1.50.6+ds-2ubuntu1) ...
1776333442,,ui,say,==> control-server.amazon-ebs.control_server: Selecting previously unselected package libwayland-client0:amd64.
1776333442,,ui,say,==> control-server.amazon-ebs.control_server: Preparing to unpack .../096-libwayland-client0_1.20.0-1ubuntu0.1_amd64.deb ...
1776333442,,ui,say,==> control-server.amazon-ebs.control_server: Unpacking libwayland-client0:amd64 (1.20.0-1ubuntu0.1) ...
1776333442,,ui,say,==> control-server.amazon-ebs.control_server: Selecting previously unselected package libwayland-cursor0:amd64.
1776333442,,ui,say,==> control-server.amazon-ebs.control_server: Preparing to unpack .../097-libwayland-cursor0_1.20.0-1ubuntu0.1_amd64.deb ...
1776333442,,ui,say,==> control-server.amazon-ebs.control_server: Unpacking libwayland-cursor0:amd64 (1.20.0-1ubuntu0.1) ...
1776333442,,ui,say,==> control-server.amazon-ebs.control_server: Selecting previously unselected package libwayland-egl1:amd64.
1776333442,,ui,say,==> control-server.amazon-ebs.control_server: Preparing to unpack .../098-libwayland-egl1_1.20.0-1ubuntu0.1_amd64.deb ...
1776333442,,ui,say,==> control-server.amazon-ebs.control_server: Unpacking libwayland-egl1:amd64 (1.20.0-1ubuntu0.1) ...
1776333442,,ui,say,==> control-server.amazon-ebs.control_server: Selecting previously unselected package libxcursor1:amd64.
1776333442,,ui,say,==> control-server.amazon-ebs.control_server: Preparing to unpack .../099-libxcursor1_1%3a1.2.0-2build4_amd64.deb ...
1776333442,,ui,say,==> control-server.amazon-ebs.control_server: Unpacking libxcursor1:amd64 (1:1.2.0-2build4) ...
1776333442,,ui,say,==> control-server.amazon-ebs.control_server: Selecting previously unselected package libxdamage1:amd64.
1776333442,,ui,say,==> control-server.amazon-ebs.control_server: Preparing to unpack .../100-libxdamage1_1%3a1.1.5-2build2_amd64.deb ...
1776333442,,ui,say,==> control-server.amazon-ebs.control_server: Unpacking libxdamage1:amd64 (1:1.1.5-2build2) ...
1776333442,,ui,say,==> control-server.amazon-ebs.control_server: Selecting previously unselected package libxkbcommon0:amd64.
1776333442,,ui,say,==> control-server.amazon-ebs.control_server: Preparing to unpack .../101-libxkbcommon0_1.4.0-1_amd64.deb ...
1776333442,,ui,say,==> control-server.amazon-ebs.control_server: Unpacking libxkbcommon0:amd64 (1.4.0-1) ...
1776333443,,ui,say,==> control-server.amazon-ebs.control_server: Selecting previously unselected package libgtk-3-common.
1776333443,,ui,say,==> control-server.amazon-ebs.control_server: Preparing to unpack .../102-libgtk-3-common_3.24.33-1ubuntu2.2_all.deb ...
1776333443,,ui,say,==> control-server.amazon-ebs.control_server: Unpacking libgtk-3-common (3.24.33-1ubuntu2.2) ...
1776333443,,ui,say,==> control-server.amazon-ebs.control_server: Selecting previously unselected package libgtk-3-0:amd64.
1776333443,,ui,say,==> control-server.amazon-ebs.control_server: Preparing to unpack .../103-libgtk-3-0_3.24.33-1ubuntu2.2_amd64.deb ...
1776333443,,ui,say,==> control-server.amazon-ebs.control_server: Unpacking libgtk-3-0:amd64 (3.24.33-1ubuntu2.2) ...
1776333443,,ui,say,==> control-server.amazon-ebs.control_server: Selecting previously unselected package libgtk-3-bin.
1776333444,,ui,say,==> control-server.amazon-ebs.control_server: Preparing to unpack .../104-libgtk-3-bin_3.24.33-1ubuntu2.2_amd64.deb ...
1776333444,,ui,say,==> control-server.amazon-ebs.control_server: Unpacking libgtk-3-bin (3.24.33-1ubuntu2.2) ...
1776333444,,ui,say,==> control-server.amazon-ebs.control_server: Selecting previously unselected package librsvg2-2:amd64.
1776333444,,ui,say,==> control-server.amazon-ebs.control_server: Preparing to unpack .../105-librsvg2-2_2.52.5+dfsg-3ubuntu0.2_amd64.deb ...
1776333444,,ui,say,==> control-server.amazon-ebs.control_server: Unpacking librsvg2-2:amd64 (2.52.5+dfsg-3ubuntu0.2) ...
1776333444,,ui,say,==> control-server.amazon-ebs.control_server: Selecting previously unselected package librsvg2-common:amd64.
1776333444,,ui,say,==> control-server.amazon-ebs.control_server: Preparing to unpack .../106-librsvg2-common_2.52.5+dfsg-3ubuntu0.2_amd64.deb ...
1776333444,,ui,say,==> control-server.amazon-ebs.control_server: Unpacking librsvg2-common:amd64 (2.52.5+dfsg-3ubuntu0.2) ...
1776333444,,ui,say,==> control-server.amazon-ebs.control_server: Selecting previously unselected package openjdk-21-jre:amd64.
1776333445,,ui,say,==> control-server.amazon-ebs.control_server: Preparing to unpack .../107-openjdk-21-jre_21.0.10+7-1~22.04_amd64.deb ...
1776333445,,ui,say,==> control-server.amazon-ebs.control_server: Unpacking openjdk-21-jre:amd64 (21.0.10+7-1~22.04) ...
1776333445,,ui,say,==> control-server.amazon-ebs.control_server: Setting up libgraphite2-3:amd64 (1.3.14-1build2) ...
1776333445,,ui,say,==> control-server.amazon-ebs.control_server: Setting up libxcb-dri3-0:amd64 (1.14-3ubuntu3) ...
1776333445,,ui,say,==> control-server.amazon-ebs.control_server: Setting up liblcms2-2:amd64 (2.12~rc1-2build2) ...
1776333445,,ui,say,==> control-server.amazon-ebs.control_server: Setting up libpixman-1-0:amd64 (0.40.0-1ubuntu0.22.04.1) ...
1776333445,,ui,say,==> control-server.amazon-ebs.control_server: Setting up libx11-xcb1:amd64 (2:1.7.5-1ubuntu0.3) ...
1776333445,,ui,say,==> control-server.amazon-ebs.control_server: Setting up libpciaccess0:amd64 (0.16-3) ...
1776333445,,ui,say,==> control-server.amazon-ebs.control_server: Setting up session-migration (0.3.6) ...
1776333446,,ui,say,==> control-server.amazon-ebs.control_server: Created symlink /etc/systemd/user/graphical-session-pre.target.wants/session-migration.service → /usr/lib/systemd/user/session-migration.service.
1776333446,,ui,say,==> control-server.amazon-ebs.control_server: Setting up fontconfig (2.13.1-4.2ubuntu5) ...
1776333448,,ui,say,==> control-server.amazon-ebs.control_server: Regenerating fonts cache... done.
1776333448,,ui,say,==> control-server.amazon-ebs.control_server: Setting up libdrm-nouveau2:amd64 (2.4.113-2~ubuntu0.22.04.1) ...
1776333448,,ui,say,==> control-server.amazon-ebs.control_server: Setting up libxdamage1:amd64 (1:1.1.5-2build2) ...
1776333448,,ui,say,==> control-server.amazon-ebs.control_server: Setting up libxcb-xfixes0:amd64 (1.14-3ubuntu3) ...
1776333448,,ui,say,==> control-server.amazon-ebs.control_server: Setting up hicolor-icon-theme (0.17-2) ...
1776333448,,ui,say,==> control-server.amazon-ebs.control_server: Setting up libxi6:amd64 (2:1.8-1build1) ...
1776333448,,ui,say,==> control-server.amazon-ebs.control_server: Setting up java-common (0.72build2) ...
1776333448,,ui,say,==> control-server.amazon-ebs.control_server: Setting up libxrender1:amd64 (1:0.9.10-1build4) ...
1776333448,,ui,say,==> control-server.amazon-ebs.control_server: Setting up libdatrie1:amd64 (0.2.13-2) ...
1776333448,,ui,say,==> control-server.amazon-ebs.control_server: Setting up libxcb-render0:amd64 (1.14-3ubuntu3) ...
1776333448,,ui,say,==> control-server.amazon-ebs.control_server: Setting up libdrm-radeon1:amd64 (2.4.113-2~ubuntu0.22.04.1) ...
1776333448,,ui,say,==> control-server.amazon-ebs.control_server: Setting up libglvnd0:amd64 (1.4.0-1) ...
1776333448,,ui,say,==> control-server.amazon-ebs.control_server: Setting up libxcb-glx0:amd64 (1.14-3ubuntu3) ...
1776333448,,ui,say,==> control-server.amazon-ebs.control_server: Setting up libdrm-intel1:amd64 (2.4.113-2~ubuntu0.22.04.1) ...
1776333448,,ui,say,==> control-server.amazon-ebs.control_server: Setting up libgdk-pixbuf2.0-common (2.42.8+dfsg-1ubuntu0.5) ...
1776333448,,ui,say,==> control-server.amazon-ebs.control_server: Setting up libxcb-shape0:amd64 (1.14-3ubuntu3) ...
1776333448,,ui,say,==> control-server.amazon-ebs.control_server: Setting up x11-common (1:7.7+23ubuntu2) ...
1776333448,,ui,say,==> control-server.amazon-ebs.control_server: debconf: unable to initialize frontend: Dialog
1776333448,,ui,say,==> control-server.amazon-ebs.control_server: debconf: (Dialog frontend will not work on a dumb terminal%!(PACKER_COMMA) an emacs shell buffer%!(PACKER_COMMA) or without a controlling terminal.)
1776333448,,ui,say,==> control-server.amazon-ebs.control_server: debconf: falling back to frontend: Readline
1776333449,,ui,say,==> control-server.amazon-ebs.control_server: Setting up libsensors-config (1:3.6.0-7ubuntu1) ...
1776333449,,ui,say,==> control-server.amazon-ebs.control_server: Setting up libxxf86dga1:amd64 (2:1.1.5-0ubuntu3) ...
1776333449,,ui,say,==> control-server.amazon-ebs.control_server: Setting up libxcb-shm0:amd64 (1.14-3ubuntu3) ...
1776333449,,ui,say,==> control-server.amazon-ebs.control_server: Setting up libatspi2.0-0:amd64 (2.44.0-3) ...
1776333449,,ui,say,==> control-server.amazon-ebs.control_server: Setting up libcairo2:amd64 (1.16.0-5ubuntu2.1) ...
1776333449,,ui,say,==> control-server.amazon-ebs.control_server: Setting up libcolord2:amd64 (1.4.6-1) ...
1776333449,,ui,say,==> control-server.amazon-ebs.control_server: Setting up libxxf86vm1:amd64 (1:1.1.4-1build3) ...
1776333449,,ui,say,==> control-server.amazon-ebs.control_server: Setting up libxcb-present0:amd64 (1.14-3ubuntu3) ...
1776333449,,ui,say,==> control-server.amazon-ebs.control_server: Setting up libdconf1:amd64 (0.40.0-3ubuntu0.1) ...
1776333449,,ui,say,==> control-server.amazon-ebs.control_server: Setting up libasound2-data (1.2.6.1-1ubuntu1.1) ...
1776333449,,ui,say,==> control-server.amazon-ebs.control_server: Setting up libfontenc1:amd64 (1:1.1.4-1build3) ...
1776333449,,ui,say,==> control-server.amazon-ebs.control_server: Setting up libepoxy0:amd64 (1.5.10-1) ...
1776333449,,ui,say,==> control-server.amazon-ebs.control_server: Setting up libxfixes3:amd64 (1:6.0.0-1) ...
1776333449,,ui,say,==> control-server.amazon-ebs.control_server: Setting up libxcb-sync1:amd64 (1.14-3ubuntu3) ...
1776333449,,ui,say,==> control-server.amazon-ebs.control_server: Setting up libavahi-common-data:amd64 (0.8-5ubuntu5.4) ...
1776333449,,ui,say,==> control-server.amazon-ebs.control_server: Setting up libxinerama1:amd64 (2:1.1.4-3) ...
1776333449,,ui,say,==> control-server.amazon-ebs.control_server: Setting up libxv1:amd64 (2:1.0.11-1build2) ...
1776333449,,ui,say,==> control-server.amazon-ebs.control_server: Setting up libxrandr2:amd64 (2:1.5.2-1build1) ...
1776333449,,ui,say,==> control-server.amazon-ebs.control_server: Setting up libpcsclite1:amd64 (1.9.5-3ubuntu1) ...
1776333449,,ui,say,==> control-server.amazon-ebs.control_server: Setting up libsensors5:amd64 (1:3.6.0-7ubuntu1) ...
1776333449,,ui,say,==> control-server.amazon-ebs.control_server: Setting up libglapi-mesa:amd64 (23.2.1-1ubuntu3.1~22.04.3) ...
1776333449,,ui,say,==> control-server.amazon-ebs.control_server: Setting up libxcb-dri2-0:amd64 (1.14-3ubuntu3) ...
1776333449,,ui,say,==> control-server.amazon-ebs.control_server: Setting up libgif7:amd64 (5.1.9-2ubuntu0.1) ...
1776333449,,ui,say,==> control-server.amazon-ebs.control_server: Setting up libatk1.0-data (2.36.0-3build1) ...
1776333449,,ui,say,==> control-server.amazon-ebs.control_server: Setting up fonts-dejavu-extra (2.37-2build1) ...
1776333449,,ui,say,==> control-server.amazon-ebs.control_server: Setting up alsa-topology-conf (1.2.5.1-2) ...
1776333449,,ui,say,==> control-server.amazon-ebs.control_server: Setting up libxshmfence1:amd64 (1.3-1build4) ...
1776333449,,ui,say,==> control-server.amazon-ebs.control_server: Setting up libxcb-randr0:amd64 (1.14-3ubuntu3) ...
1776333449,,ui,say,==> control-server.amazon-ebs.control_server: Setting up libllvm15:amd64 (1:15.0.7-0ubuntu0.22.04.3) ...
1776333449,,ui,say,==> control-server.amazon-ebs.control_server: Setting up libasound2:amd64 (1.2.6.1-1ubuntu1.1) ...
1776333449,,ui,say,==> control-server.amazon-ebs.control_server: Setting up libharfbuzz0b:amd64 (2.7.4-1ubuntu3.2) ...
1776333449,,ui,say,==> control-server.amazon-ebs.control_server: Setting up libthai-data (0.1.29-1build1) ...
1776333450,,ui,say,==> control-server.amazon-ebs.control_server: Setting up libgdk-pixbuf-2.0-0:amd64 (2.42.8+dfsg-1ubuntu0.5) ...
1776333450,,ui,say,==> control-server.amazon-ebs.control_server: Setting up libcairo-gobject2:amd64 (1.16.0-5ubuntu2.1) ...
1776333450,,ui,say,==> control-server.amazon-ebs.control_server: Setting up libatk1.0-0:amd64 (2.36.0-3build1) ...
1776333450,,ui,say,==> control-server.amazon-ebs.control_server: Setting up libwayland-egl1:amd64 (1.20.0-1ubuntu0.1) ...
1776333450,,ui,say,==> control-server.amazon-ebs.control_server: Setting up libxkbfile1:amd64 (1:1.1.0-1build3) ...
1776333450,,ui,say,==> control-server.amazon-ebs.control_server: Setting up libxcomposite1:amd64 (1:0.4.5-1build2) ...
1776333450,,ui,say,==> control-server.amazon-ebs.control_server: Setting up libdrm-amdgpu1:amd64 (2.4.113-2~ubuntu0.22.04.1) ...
1776333450,,ui,say,==> control-server.amazon-ebs.control_server: Setting up libxkbcommon0:amd64 (1.4.0-1) ...
1776333450,,ui,say,==> control-server.amazon-ebs.control_server: Setting up libwayland-client0:amd64 (1.20.0-1ubuntu0.1) ...
1776333450,,ui,say,==> control-server.amazon-ebs.control_server: Setting up libgl1-amber-dri:amd64 (21.3.9-0ubuntu1~22.04.1) ...
1776333450,,ui,say,==> control-server.amazon-ebs.control_server: Setting up gtk-update-icon-cache (3.24.33-1ubuntu2.2) ...
1776333450,,ui,say,==> control-server.amazon-ebs.control_server: Setting up libice6:amd64 (2:1.0.10-1build2) ...
1776333450,,ui,say,==> control-server.amazon-ebs.control_server: Setting up libxft2:amd64 (2.3.4-1) ...
1776333450,,ui,say,==> control-server.amazon-ebs.control_server: Setting up alsa-ucm-conf (1.2.6.3-1ubuntu1.12) ...
1776333450,,ui,say,==> control-server.amazon-ebs.control_server: Setting up libxtst6:amd64 (2:1.2.3-1build4) ...
1776333450,,ui,say,==> control-server.amazon-ebs.control_server: Setting up libxcursor1:amd64 (1:1.2.0-2build4) ...
1776333450,,ui,say,==> control-server.amazon-ebs.control_server: Setting up libgl1-mesa-dri:amd64 (23.2.1-1ubuntu3.1~22.04.3) ...
1776333450,,ui,say,==> control-server.amazon-ebs.control_server: Setting up libavahi-common3:amd64 (0.8-5ubuntu5.4) ...
1776333450,,ui,say,==> control-server.amazon-ebs.control_server: Setting up dconf-service (0.40.0-3ubuntu0.1) ...
1776333450,,ui,say,==> control-server.amazon-ebs.control_server: Setting up libatk-bridge2.0-0:amd64 (2.38.0-3) ...
1776333450,,ui,say,==> control-server.amazon-ebs.control_server: Setting up libthai0:amd64 (0.1.29-1build1) ...
1776333450,,ui,say,==> control-server.amazon-ebs.control_server: Setting up libgdk-pixbuf2.0-bin (2.42.8+dfsg-1ubuntu0.5) ...
1776333450,,ui,say,==> control-server.amazon-ebs.control_server: Setting up libwayland-cursor0:amd64 (1.20.0-1ubuntu0.1) ...
1776333450,,ui,say,==> control-server.amazon-ebs.control_server: Setting up libsm6:amd64 (2:1.2.3-1build2) ...
1776333450,,ui,say,==> control-server.amazon-ebs.control_server: Setting up libavahi-client3:amd64 (0.8-5ubuntu5.4) ...
1776333450,,ui,say,==> control-server.amazon-ebs.control_server: Setting up libglx-mesa0:amd64 (23.2.1-1ubuntu3.1~22.04.3) ...
1776333450,,ui,say,==> control-server.amazon-ebs.control_server: Setting up libglx0:amd64 (1.4.0-1) ...
1776333450,,ui,say,==> control-server.amazon-ebs.control_server: Setting up dconf-gsettings-backend:amd64 (0.40.0-3ubuntu0.1) ...
1776333450,,ui,say,==> control-server.amazon-ebs.control_server: Setting up libpango-1.0-0:amd64 (1.50.6+ds-2ubuntu1) ...
1776333450,,ui,say,==> control-server.amazon-ebs.control_server: Setting up libgl1:amd64 (1.4.0-1) ...
1776333450,,ui,say,==> control-server.amazon-ebs.control_server: Setting up libxt6:amd64 (1:1.2.1-1) ...
1776333450,,ui,say,==> control-server.amazon-ebs.control_server: Setting up libcups2:amd64 (2.4.1op1-1ubuntu4.16) ...
1776333450,,ui,say,==> control-server.amazon-ebs.control_server: Setting up libpangoft2-1.0-0:amd64 (1.50.6+ds-2ubuntu1) ...
1776333450,,ui,say,==> control-server.amazon-ebs.control_server: Setting up libgtk-3-common (3.24.33-1ubuntu2.2) ...
1776333450,,ui,say,==> control-server.amazon-ebs.control_server: Setting up libpangocairo-1.0-0:amd64 (1.50.6+ds-2ubuntu1) ...
1776333450,,ui,say,==> control-server.amazon-ebs.control_server: Setting up gsettings-desktop-schemas (42.0-1ubuntu1) ...
1776333450,,ui,say,==> control-server.amazon-ebs.control_server: Setting up libxmu6:amd64 (2:1.1.3-3) ...
1776333450,,ui,say,==> control-server.amazon-ebs.control_server: Setting up libxaw7:amd64 (2:1.0.14-1) ...
1776333450,,ui,say,==> control-server.amazon-ebs.control_server: Setting up librsvg2-2:amd64 (2.52.5+dfsg-3ubuntu0.2) ...
1776333450,,ui,say,==> control-server.amazon-ebs.control_server: Setting up librsvg2-common:amd64 (2.52.5+dfsg-3ubuntu0.2) ...
1776333450,,ui,say,==> control-server.amazon-ebs.control_server: Setting up x11-utils (7.7+5build2) ...
1776333450,,ui,say,==> control-server.amazon-ebs.control_server: Setting up libatk-wrapper-java (0.38.0-5build1) ...
1776333450,,ui,say,==> control-server.amazon-ebs.control_server: Setting up libatk-wrapper-java-jni:amd64 (0.38.0-5build1) ...
1776333450,,ui,say,==> control-server.amazon-ebs.control_server: Setting up adwaita-icon-theme (41.0-1ubuntu1) ...
1776333451,,ui,say,==> control-server.amazon-ebs.control_server: update-alternatives: using /usr/share/icons/Adwaita/cursor.theme to provide /usr/share/icons/default/index.theme (x-cursor-theme) in auto mode
1776333451,,ui,say,==> control-server.amazon-ebs.control_server: Setting up ca-certificates-java (20190909ubuntu1.3) ...
1776333451,,ui,say,==> control-server.amazon-ebs.control_server: head: cannot open '/etc/ssl/certs/java/cacerts' for reading: No such file or directory
1776333454,,ui,say,==> control-server.amazon-ebs.control_server: Adding debian:GTS_Root_R3.pem
1776333454,,ui,say,==> control-server.amazon-ebs.control_server: Adding debian:Secure_Global_CA.pem
1776333454,,ui,say,==> control-server.amazon-ebs.control_server: Adding debian:DigiCert_Assured_ID_Root_G3.pem
1776333455,,ui,say,==> control-server.amazon-ebs.control_server: Adding debian:Security_Communication_RootCA2.pem
1776333455,,ui,say,==> control-server.amazon-ebs.control_server: Adding debian:COMODO_Certification_Authority.pem
1776333455,,ui,say,==> control-server.amazon-ebs.control_server: Adding debian:Starfield_Root_Certificate_Authority_-_G2.pem
1776333455,,ui,say,==> control-server.amazon-ebs.control_server: Adding debian:OISTE_WISeKey_Global_Root_GC_CA.pem
1776333455,,ui,say,==> control-server.amazon-ebs.control_server: Adding debian:AffirmTrust_Premium.pem
1776333455,,ui,say,==> control-server.amazon-ebs.control_server: Adding debian:ANF_Secure_Server_Root_CA.pem
1776333455,,ui,say,==> control-server.amazon-ebs.control_server: Adding debian:D-TRUST_EV_Root_CA_1_2020.pem
1776333455,,ui,say,==> control-server.amazon-ebs.control_server: Adding debian:emSign_ECC_Root_CA_-_C3.pem
1776333455,,ui,say,==> control-server.amazon-ebs.control_server: Adding debian:emSign_ECC_Root_CA_-_G3.pem
1776333455,,ui,say,==> control-server.amazon-ebs.control_server: Adding debian:CFCA_EV_ROOT.pem
1776333455,,ui,say,==> control-server.amazon-ebs.control_server: Adding debian:Trustwave_Global_ECC_P256_Certification_Authority.pem
1776333455,,ui,say,==> control-server.amazon-ebs.control_server: Adding debian:Certum_Trusted_Network_CA.pem
1776333455,,ui,say,==> control-server.amazon-ebs.control_server: Adding debian:Certainly_Root_R1.pem
1776333455,,ui,say,==> control-server.amazon-ebs.control_server: Adding debian:GlobalSign_Root_E46.pem
1776333455,,ui,say,==> control-server.amazon-ebs.control_server: Adding debian:QuoVadis_Root_CA_1_G3.pem
1776333455,,ui,say,==> control-server.amazon-ebs.control_server: Adding debian:Amazon_Root_CA_3.pem
1776333455,,ui,say,==> control-server.amazon-ebs.control_server: Adding debian:T-TeleSec_GlobalRoot_Class_2.pem
1776333455,,ui,say,==> control-server.amazon-ebs.control_server: Adding debian:OISTE_WISeKey_Global_Root_GB_CA.pem
1776333455,,ui,say,==> control-server.amazon-ebs.control_server: Adding debian:DigiCert_TLS_RSA4096_Root_G5.pem
1776333455,,ui,say,==> control-server.amazon-ebs.control_server: Adding debian:Microsoft_ECC_Root_Certificate_Authority_2017.pem
1776333455,,ui,say,==> control-server.amazon-ebs.control_server: Adding debian:COMODO_ECC_Certification_Authority.pem
1776333455,,ui,say,==> control-server.amazon-ebs.control_server: Adding debian:Certum_EC-384_CA.pem
1776333455,,ui,say,==> control-server.amazon-ebs.control_server: Adding debian:TeliaSonera_Root_CA_v1.pem
1776333456,,ui,say,==> control-server.amazon-ebs.control_server: Adding debian:Entrust_Root_Certification_Authority.pem
1776333456,,ui,say,==> control-server.amazon-ebs.control_server: Adding debian:Trustwave_Global_ECC_P384_Certification_Authority.pem
1776333456,,ui,say,==> control-server.amazon-ebs.control_server: Adding debian:BJCA_Global_Root_CA2.pem
1776333456,,ui,say,==> control-server.amazon-ebs.control_server: Adding debian:D-TRUST_BR_Root_CA_1_2020.pem
1776333456,,ui,say,==> control-server.amazon-ebs.control_server: Adding debian:TUBITAK_Kamu_SM_SSL_Kok_Sertifikasi_-_Surum_1.pem
1776333456,,ui,say,==> control-server.amazon-ebs.control_server: Adding debian:SecureSign_RootCA11.pem
1776333456,,ui,say,==> control-server.amazon-ebs.control_server: Adding debian:Hellenic_Academic_and_Research_Institutions_RootCA_2015.pem
1776333456,,ui,say,==> control-server.amazon-ebs.control_server: Adding debian:ssl-cert-snakeoil.pem
1776333456,,ui,say,==> control-server.amazon-ebs.control_server: Adding debian:NAVER_Global_Root_Certification_Authority.pem
1776333456,,ui,say,==> control-server.amazon-ebs.control_server: Adding debian:QuoVadis_Root_CA_2.pem
1776333456,,ui,say,==> control-server.amazon-ebs.control_server: Adding debian:vTrus_ECC_Root_CA.pem
1776333456,,ui,say,==> control-server.amazon-ebs.control_server: Adding debian:GTS_Root_R1.pem
1776333456,,ui,say,==> control-server.amazon-ebs.control_server: Adding debian:SZAFIR_ROOT_CA2.pem
1776333456,,ui,say,==> control-server.amazon-ebs.control_server: Adding debian:CommScope_Public_Trust_ECC_Root-02.pem
1776333456,,ui,say,==> control-server.amazon-ebs.control_server: Adding debian:GlobalSign_Root_CA_-_R3.pem
1776333456,,ui,say,==> control-server.amazon-ebs.control_server: Adding debian:Microsec_e-Szigno_Root_CA_2009.pem
1776333457,,ui,say,==> control-server.amazon-ebs.control_server: Adding debian:Sectigo_Public_Server_Authentication_Root_R46.pem
1776333457,,ui,say,==> control-server.amazon-ebs.control_server: Adding debian:Go_Daddy_Root_Certificate_Authority_-_G2.pem
1776333457,,ui,say,==> control-server.amazon-ebs.control_server: Adding debian:Baltimore_CyberTrust_Root.pem
1776333457,,ui,say,==> control-server.amazon-ebs.control_server: Adding debian:Buypass_Class_2_Root_CA.pem
1776333457,,ui,say,==> control-server.amazon-ebs.control_server: Adding debian:AC_RAIZ_FNMT-RCM.pem
1776333457,,ui,say,==> control-server.amazon-ebs.control_server: Adding debian:TWCA_Root_Certification_Authority.pem
1776333457,,ui,say,==> control-server.amazon-ebs.control_server: Adding debian:QuoVadis_Root_CA_3.pem
1776333457,,ui,say,==> control-server.amazon-ebs.control_server: Adding debian:Certum_Trusted_Network_CA_2.pem
1776333457,,ui,say,==> control-server.amazon-ebs.control_server: Adding debian:BJCA_Global_Root_CA1.pem
1776333457,,ui,say,==> control-server.amazon-ebs.control_server: Adding debian:Certainly_Root_E1.pem
1776333457,,ui,say,==> control-server.amazon-ebs.control_server: Adding debian:Microsoft_RSA_Root_Certificate_Authority_2017.pem
1776333457,,ui,say,==> control-server.amazon-ebs.control_server: Adding debian:TrustAsia_Global_Root_CA_G3.pem
1776333457,,ui,say,==> control-server.amazon-ebs.control_server: Adding debian:Security_Communication_RootCA3.pem
1776333457,,ui,say,==> control-server.amazon-ebs.control_server: Adding debian:CommScope_Public_Trust_RSA_Root-02.pem
1776333457,,ui,say,==> control-server.amazon-ebs.control_server: Adding debian:Atos_TrustedRoot_Root_CA_ECC_TLS_2021.pem
1776333457,,ui,say,==> control-server.amazon-ebs.control_server: Adding debian:SSL.com_TLS_RSA_Root_CA_2022.pem
1776333457,,ui,say,==> control-server.amazon-ebs.control_server: Adding debian:Starfield_Services_Root_Certificate_Authority_-_G2.pem
1776333457,,ui,say,==> control-server.amazon-ebs.control_server: Adding debian:SwissSign_Silver_CA_-_G2.pem
1776333457,,ui,say,==> control-server.amazon-ebs.control_server: Adding debian:Hongkong_Post_Root_CA_3.pem
1776333457,,ui,say,==> control-server.amazon-ebs.control_server: Adding debian:CA_Disig_Root_R2.pem
1776333457,,ui,say,==> control-server.amazon-ebs.control_server: Adding debian:e-Szigno_Root_CA_2017.pem
1776333457,,ui,say,==> control-server.amazon-ebs.control_server: Adding debian:DigiCert_Global_Root_G3.pem
1776333458,,ui,say,==> control-server.amazon-ebs.control_server: Adding debian:Entrust_Root_Certification_Authority_-_G4.pem
1776333458,,ui,say,==> control-server.amazon-ebs.control_server: Adding debian:Izenpe.com.pem
1776333458,,ui,say,==> control-server.amazon-ebs.control_server: Adding debian:NetLock_Arany_=Class_Gold=_Főtanúsítvány.pem
1776333458,,ui,say,==> control-server.amazon-ebs.control_server: Adding debian:Buypass_Class_3_Root_CA.pem
1776333458,,ui,say,==> control-server.amazon-ebs.control_server: Adding debian:SSL.com_EV_Root_Certification_Authority_ECC.pem
1776333458,,ui,say,==> control-server.amazon-ebs.control_server: Adding debian:Telia_Root_CA_v2.pem
1776333458,,ui,say,==> control-server.amazon-ebs.control_server: Adding debian:AffirmTrust_Premium_ECC.pem
1776333458,,ui,say,==> control-server.amazon-ebs.control_server: Adding debian:Certum_Trusted_Root_CA.pem
1776333458,,ui,say,==> control-server.amazon-ebs.control_server: Adding debian:AffirmTrust_Commercial.pem
1776333458,,ui,say,==> control-server.amazon-ebs.control_server: Adding debian:IdenTrust_Commercial_Root_CA_1.pem
1776333458,,ui,say,==> control-server.amazon-ebs.control_server: Adding debian:SSL.com_EV_Root_Certification_Authority_RSA_R2.pem
1776333458,,ui,say,==> control-server.amazon-ebs.control_server: Adding debian:DigiCert_Global_Root_CA.pem
1776333458,,ui,say,==> control-server.amazon-ebs.control_server: Adding debian:GLOBALTRUST_2020.pem
1776333458,,ui,say,==> control-server.amazon-ebs.control_server: Adding debian:IdenTrust_Public_Sector_Root_CA_1.pem
1776333458,,ui,say,==> control-server.amazon-ebs.control_server: Adding debian:certSIGN_ROOT_CA.pem
1776333458,,ui,say,==> control-server.amazon-ebs.control_server: Adding debian:SwissSign_Gold_CA_-_G2.pem
1776333458,,ui,say,==> control-server.amazon-ebs.control_server: Adding debian:DigiCert_TLS_ECC_P384_Root_G5.pem
1776333459,,ui,say,==> control-server.amazon-ebs.control_server: Adding debian:emSign_Root_CA_-_G1.pem
1776333459,,ui,say,==> control-server.amazon-ebs.control_server: Adding debian:TWCA_Global_Root_CA.pem
1776333459,,ui,say,==> control-server.amazon-ebs.control_server: Adding debian:ACCVRAIZ1.pem
1776333459,,ui,say,==> control-server.amazon-ebs.control_server: Adding debian:HiPKI_Root_CA_-_G1.pem
1776333459,,ui,say,==> control-server.amazon-ebs.control_server: Adding debian:Comodo_AAA_Services_root.pem
1776333459,,ui,say,==> control-server.amazon-ebs.control_server: Adding debian:Hellenic_Academic_and_Research_Institutions_ECC_RootCA_2015.pem
1776333459,,ui,say,==> control-server.amazon-ebs.control_server: Adding debian:HARICA_TLS_RSA_Root_CA_2021.pem
1776333459,,ui,say,==> control-server.amazon-ebs.control_server: Adding debian:DigiCert_High_Assurance_EV_Root_CA.pem
1776333459,,ui,say,==> control-server.amazon-ebs.control_server: Adding debian:AffirmTrust_Networking.pem
1776333459,,ui,say,==> control-server.amazon-ebs.control_server: Adding debian:Sectigo_Public_Server_Authentication_Root_E46.pem
1776333459,,ui,say,==> control-server.amazon-ebs.control_server: Adding debian:Atos_TrustedRoot_Root_CA_RSA_TLS_2021.pem
1776333459,,ui,say,==> control-server.amazon-ebs.control_server: Adding debian:GlobalSign_Root_CA_-_R6.pem
1776333459,,ui,say,==> control-server.amazon-ebs.control_server: Adding debian:GTS_Root_R4.pem
1776333460,,ui,say,==> control-server.amazon-ebs.control_server: Adding debian:TunTrust_Root_CA.pem
1776333460,,ui,say,==> control-server.amazon-ebs.control_server: Adding debian:DigiCert_Global_Root_G2.pem
1776333460,,ui,say,==> control-server.amazon-ebs.control_server: Adding debian:Certigna.pem
1776333460,,ui,say,==> control-server.amazon-ebs.control_server: Adding debian:HARICA_TLS_ECC_Root_CA_2021.pem
1776333460,,ui,say,==> control-server.amazon-ebs.control_server: Adding debian:Go_Daddy_Class_2_CA.pem
1776333460,,ui,say,==> control-server.amazon-ebs.control_server: Adding debian:D-TRUST_Root_Class_3_CA_2_EV_2009.pem
1776333460,,ui,say,==> control-server.amazon-ebs.control_server: Adding debian:Starfield_Class_2_CA.pem
1776333460,,ui,say,==> control-server.amazon-ebs.control_server: Adding debian:T-TeleSec_GlobalRoot_Class_3.pem
1776333460,,ui,say,==> control-server.amazon-ebs.control_server: Adding debian:GTS_Root_R2.pem
1776333460,,ui,say,==> control-server.amazon-ebs.control_server: Adding debian:Entrust.net_Premium_2048_Secure_Server_CA.pem
1776333460,,ui,say,==> control-server.amazon-ebs.control_server: Adding debian:SSL.com_Root_Certification_Authority_ECC.pem
1776333460,,ui,say,==> control-server.amazon-ebs.control_server: Adding debian:QuoVadis_Root_CA_3_G3.pem
1776333460,,ui,say,==> control-server.amazon-ebs.control_server: Adding debian:Entrust_Root_Certification_Authority_-_G2.pem
1776333460,,ui,say,==> control-server.amazon-ebs.control_server: Adding debian:TrustAsia_Global_Root_CA_G4.pem
1776333460,,ui,say,==> control-server.amazon-ebs.control_server: Adding debian:Security_Communication_Root_CA.pem
1776333460,,ui,say,==> control-server.amazon-ebs.control_server: Adding debian:Amazon_Root_CA_2.pem
1776333460,,ui,say,==> control-server.amazon-ebs.control_server: Adding debian:vTrus_Root_CA.pem
1776333460,,ui,say,==> control-server.amazon-ebs.control_server: Adding debian:UCA_Extended_Validation_Root.pem
1776333460,,ui,say,==> control-server.amazon-ebs.control_server: Adding debian:Security_Communication_ECC_RootCA1.pem
1776333460,,ui,say,==> control-server.amazon-ebs.control_server: Adding debian:Actalis_Authentication_Root_CA.pem
1776333461,,ui,say,==> control-server.amazon-ebs.control_server: Adding debian:Amazon_Root_CA_4.pem
1776333461,,ui,say,==> control-server.amazon-ebs.control_server: Adding debian:Certigna_Root_CA.pem
1776333461,,ui,say,==> control-server.amazon-ebs.control_server: Adding debian:DigiCert_Assured_ID_Root_CA.pem
1776333461,,ui,say,==> control-server.amazon-ebs.control_server: Adding debian:QuoVadis_Root_CA_2_G3.pem
1776333461,,ui,say,==> control-server.amazon-ebs.control_server: Adding debian:USERTrust_ECC_Certification_Authority.pem
1776333461,,ui,say,==> control-server.amazon-ebs.control_server: Adding debian:Entrust_Root_Certification_Authority_-_EC1.pem
1776333461,,ui,say,==> control-server.amazon-ebs.control_server: Adding debian:ePKI_Root_Certification_Authority.pem
1776333461,,ui,say,==> control-server.amazon-ebs.control_server: Adding debian:ISRG_Root_X1.pem
1776333461,,ui,say,==> control-server.amazon-ebs.control_server: Adding debian:GlobalSign_ECC_Root_CA_-_R5.pem
1776333461,,ui,say,==> control-server.amazon-ebs.control_server: Adding debian:GlobalSign_ECC_Root_CA_-_R4.pem
1776333461,,ui,say,==> control-server.amazon-ebs.control_server: Adding debian:DigiCert_Trusted_Root_G4.pem
1776333461,,ui,say,==> control-server.amazon-ebs.control_server: Adding debian:ISRG_Root_X2.pem
1776333461,,ui,say,==> control-server.amazon-ebs.control_server: Adding debian:SSL.com_Root_Certification_Authority_RSA.pem
1776333461,,ui,say,==> control-server.amazon-ebs.control_server: Adding debian:emSign_Root_CA_-_C1.pem
1776333461,,ui,say,==> control-server.amazon-ebs.control_server: Adding debian:Atos_TrustedRoot_2011.pem
1776333461,,ui,say,==> control-server.amazon-ebs.control_server: Adding debian:SSL.com_TLS_ECC_Root_CA_2022.pem
1776333461,,ui,say,==> control-server.amazon-ebs.control_server: Adding debian:DigiCert_Assured_ID_Root_G2.pem
1776333461,,ui,say,==> control-server.amazon-ebs.control_server: Adding debian:USERTrust_RSA_Certification_Authority.pem
1776333461,,ui,say,==> control-server.amazon-ebs.control_server: Adding debian:AC_RAIZ_FNMT-RCM_SERVIDORES_SEGUROS.pem
1776333461,,ui,say,==> control-server.amazon-ebs.control_server: Adding debian:Autoridad_de_Certificacion_Firmaprofesional_CIF_A62634068.pem
1776333461,,ui,say,==> control-server.amazon-ebs.control_server: Adding debian:UCA_Global_G2_Root.pem
1776333461,,ui,say,==> control-server.amazon-ebs.control_server: Adding debian:XRamp_Global_CA_Root.pem
1776333461,,ui,say,==> control-server.amazon-ebs.control_server: Adding debian:GlobalSign_Root_R46.pem
1776333461,,ui,say,==> control-server.amazon-ebs.control_server: Adding debian:COMODO_RSA_Certification_Authority.pem
1776333461,,ui,say,==> control-server.amazon-ebs.control_server: Adding debian:CommScope_Public_Trust_RSA_Root-01.pem
1776333461,,ui,say,==> control-server.amazon-ebs.control_server: Adding debian:Amazon_Root_CA_1.pem
1776333461,,ui,say,==> control-server.amazon-ebs.control_server: Adding debian:GlobalSign_Root_CA.pem
1776333461,,ui,say,==> control-server.amazon-ebs.control_server: Adding debian:Trustwave_Global_Certification_Authority.pem
1776333461,,ui,say,==> control-server.amazon-ebs.control_server: Adding debian:D-TRUST_Root_Class_3_CA_2_2009.pem
1776333461,,ui,say,==> control-server.amazon-ebs.control_server: Adding debian:CommScope_Public_Trust_ECC_Root-01.pem
1776333461,,ui,say,==> control-server.amazon-ebs.control_server: Adding debian:GDCA_TrustAUTH_R5_ROOT.pem
1776333461,,ui,say,==> control-server.amazon-ebs.control_server: Adding debian:SecureTrust_CA.pem
1776333461,,ui,say,==> control-server.amazon-ebs.control_server: Adding debian:certSIGN_Root_CA_G2.pem
1776333461,,ui,say,==> control-server.amazon-ebs.control_server: done.
1776333461,,ui,say,==> control-server.amazon-ebs.control_server: Setting up openjdk-21-jre-headless:amd64 (21.0.10+7-1~22.04) ...
1776333461,,ui,say,==> control-server.amazon-ebs.control_server: update-alternatives: using /usr/lib/jvm/java-21-openjdk-amd64/bin/java to provide /usr/bin/java (java) in auto mode
1776333461,,ui,say,==> control-server.amazon-ebs.control_server: update-alternatives: using /usr/lib/jvm/java-21-openjdk-amd64/bin/jpackage to provide /usr/bin/jpackage (jpackage) in auto mode
1776333461,,ui,say,==> control-server.amazon-ebs.control_server: update-alternatives: using /usr/lib/jvm/java-21-openjdk-amd64/bin/keytool to provide /usr/bin/keytool (keytool) in auto mode
1776333461,,ui,say,==> control-server.amazon-ebs.control_server: update-alternatives: using /usr/lib/jvm/java-21-openjdk-amd64/bin/rmiregistry to provide /usr/bin/rmiregistry (rmiregistry) in auto mode
1776333461,,ui,say,==> control-server.amazon-ebs.control_server: update-alternatives: using /usr/lib/jvm/java-21-openjdk-amd64/lib/jexec to provide /usr/bin/jexec (jexec) in auto mode
1776333461,,ui,say,==> control-server.amazon-ebs.control_server: Setting up humanity-icon-theme (0.6.16) ...
1776333462,,ui,say,==> control-server.amazon-ebs.control_server: Setting up ubuntu-mono (20.10-0ubuntu2) ...
1776333463,,ui,say,==> control-server.amazon-ebs.control_server: Processing triggers for man-db (2.10.2-1) ...
1776333463,,ui,say,==> control-server.amazon-ebs.control_server: Processing triggers for ca-certificates (20240203~22.04.1) ...
1776333463,,ui,say,==> control-server.amazon-ebs.control_server: Updating certificates in /etc/ssl/certs...
1776333468,,ui,say,==> control-server.amazon-ebs.control_server: 0 added%!(PACKER_COMMA) 0 removed; done.
1776333468,,ui,say,==> control-server.amazon-ebs.control_server: Running hooks in /etc/ca-certificates/update.d...
1776333468,,ui,say,==> control-server.amazon-ebs.control_server:
1776333471,,ui,say,==> control-server.amazon-ebs.control_server: done.
1776333471,,ui,say,==> control-server.amazon-ebs.control_server: done.
1776333471,,ui,say,==> control-server.amazon-ebs.control_server: Processing triggers for libglib2.0-0:amd64 (2.72.4-0ubuntu2.9) ...
1776333471,,ui,say,==> control-server.amazon-ebs.control_server: Setting up libgtk-3-0:amd64 (3.24.33-1ubuntu2.2) ...
1776333471,,ui,say,==> control-server.amazon-ebs.control_server: Processing triggers for libc-bin (2.35-0ubuntu3.13) ...
1776333471,,ui,say,==> control-server.amazon-ebs.control_server: Setting up libgtk-3-bin (3.24.33-1ubuntu2.2) ...
1776333471,,ui,say,==> control-server.amazon-ebs.control_server: Setting up openjdk-21-jre:amd64 (21.0.10+7-1~22.04) ...
1776333471,,ui,say,==> control-server.amazon-ebs.control_server: Setting up at-spi2-core (2.44.0-3) ...
1776333471,,ui,say,==> control-server.amazon-ebs.control_server: Processing triggers for libgdk-pixbuf-2.0-0:amd64 (2.42.8+dfsg-1ubuntu0.5) ...
1776333475,,ui,say,==> control-server.amazon-ebs.control_server:
1776333475,,ui,say,==> control-server.amazon-ebs.control_server: Running kernel seems to be up-to-date.
1776333475,,ui,say,==> control-server.amazon-ebs.control_server:
1776333475,,ui,say,==> control-server.amazon-ebs.control_server: Services to be restarted:
1776333475,,ui,say,==> control-server.amazon-ebs.control_server:  systemctl restart packagekit.service
1776333475,,ui,say,==> control-server.amazon-ebs.control_server:
1776333475,,ui,say,==> control-server.amazon-ebs.control_server: No containers need to be restarted.
1776333475,,ui,say,==> control-server.amazon-ebs.control_server:
1776333475,,ui,say,==> control-server.amazon-ebs.control_server: No user sessions are running outdated binaries.
1776333475,,ui,say,==> control-server.amazon-ebs.control_server:
1776333475,,ui,say,==> control-server.amazon-ebs.control_server: No VM guests are running outdated hypervisor (qemu) binaries on this host.
1776333490,,ui,say,==> control-server.amazon-ebs.control_server: -rw-r--r-- 1 root root 96M Apr  7 07:59 /usr/share/java/jenkins.war
1776333490,,ui,say,==> control-server.amazon-ebs.control_server: [Unit]
1776333490,,ui,say,==> control-server.amazon-ebs.control_server: Description=Jenkins Automation Server
1776333490,,ui,say,==> control-server.amazon-ebs.control_server: After=network.target
1776333490,,ui,say,==> control-server.amazon-ebs.control_server:
1776333490,,ui,say,==> control-server.amazon-ebs.control_server: [Service]
1776333490,,ui,say,==> control-server.amazon-ebs.control_server: Type=simple
1776333490,,ui,say,==> control-server.amazon-ebs.control_server: User=jenkins
1776333490,,ui,say,==> control-server.amazon-ebs.control_server: Environment=JENKINS_HOME=/var/lib/jenkins
1776333490,,ui,say,==> control-server.amazon-ebs.control_server: ExecStart=/usr/bin/java -jar /usr/share/java/jenkins.war --httpPort=8080
1776333490,,ui,say,==> control-server.amazon-ebs.control_server: Restart=on-failure
1776333490,,ui,say,==> control-server.amazon-ebs.control_server:
1776333490,,ui,say,==> control-server.amazon-ebs.control_server: [Install]
1776333490,,ui,say,==> control-server.amazon-ebs.control_server: WantedBy=multi-user.target
1776333492,,ui,error,==> control-server.amazon-ebs.control_server: Created symlink /etc/systemd/system/multi-user.target.wants/jenkins.service → /etc/systemd/system/jenkins.service.
1776333493,,ui,say,==> control-server.amazon-ebs.control_server: Provisioning with shell script: /var/folders/5s/5htvl7wx4_3551yjw2wzpxr80000gn/T/packer-shell1262666829
1776333494,,ui,say,==> control-server.amazon-ebs.control_server: >>> Phase 6: Hardening & cleanup
1776333494,,ui,say,==> control-server.amazon-ebs.control_server: Rules updated
1776333494,,ui,say,==> control-server.amazon-ebs.control_server: Rules updated (v6)
1776333495,,ui,say,==> control-server.amazon-ebs.control_server: Rules updated
1776333495,,ui,say,==> control-server.amazon-ebs.control_server: Rules updated (v6)
1776333495,,ui,say,==> control-server.amazon-ebs.control_server: Rules updated
1776333495,,ui,say,==> control-server.amazon-ebs.control_server: Rules updated (v6)
1776333497,,ui,say,==> control-server.amazon-ebs.control_server: Command may disrupt existing ssh connections. Proceed with operation (y|n)? Firewall is active and enabled on system startup
1776333498,,ui,say,==> control-server.amazon-ebs.control_server: Reading package lists...
1776333500,,ui,say,==> control-server.amazon-ebs.control_server: Building dependency tree...
1776333500,,ui,say,==> control-server.amazon-ebs.control_server: Reading state information...
1776333502,,ui,say,==> control-server.amazon-ebs.control_server: unattended-upgrades is already the newest version (2.8ubuntu1).
1776333502,,ui,say,==> control-server.amazon-ebs.control_server: unattended-upgrades set to manually installed.
1776333502,,ui,say,==> control-server.amazon-ebs.control_server: 0 upgraded%!(PACKER_COMMA) 0 newly installed%!(PACKER_COMMA) 0 to remove and 5 not upgraded.
1776333509,,ui,say,==> control-server.amazon-ebs.control_server: Reading package lists...
1776333511,,ui,say,==> control-server.amazon-ebs.control_server: Building dependency tree...
1776333511,,ui,say,==> control-server.amazon-ebs.control_server: Reading state information...
1776333513,,ui,say,==> control-server.amazon-ebs.control_server: 0 upgraded%!(PACKER_COMMA) 0 newly installed%!(PACKER_COMMA) 0 to remove and 5 not upgraded.
1776333515,,ui,say,==> control-server.amazon-ebs.control_server: >>> Build complete!
1776333515,,ui,say,==> control-server.amazon-ebs.control_server: Stopping the source instance...
1776333515,,ui,say,==> control-server.amazon-ebs.control_server: Stopping instance
1776333516,,ui,say,==> control-server.amazon-ebs.control_server: Waiting for the instance to stop...
1776333555,,ui,say,==> control-server.amazon-ebs.control_server: Creating AMI control-server-20260416-094955 from instance i-0ad3d7c70799497bd
1776333555,,ui,say,==> control-server.amazon-ebs.control_server: Attaching run tags to AMI...
1776333556,,ui,say,==> control-server.amazon-ebs.control_server: AMI: ami-02571aec275e8e1d7
1776333556,,ui,say,==> control-server.amazon-ebs.control_server: Waiting for AMI to become ready...
1776333934,,ui,say,==> control-server.amazon-ebs.control_server: Skipping Enable AMI deprecation...
1776333934,,ui,say,==> control-server.amazon-ebs.control_server: Skipping Enable AMI deregistration protection...
1776333934,,ui,say,==> control-server.amazon-ebs.control_server: Adding tags to AMI (ami-02571aec275e8e1d7)...
1776333934,,ui,say,==> control-server.amazon-ebs.control_server: Tagging snapshot: snap-00d200f267fff312a
1776333934,,ui,say,==> control-server.amazon-ebs.control_server: Creating AMI tags
1776333934,,ui,say,==> control-server.amazon-ebs.control_server: Adding tag: "Environment": "production"
1776333934,,ui,say,==> control-server.amazon-ebs.control_server: Adding tag: "ManagedBy": "Packer"
1776333934,,ui,say,==> control-server.amazon-ebs.control_server: Adding tag: "Name": "control-server-20260416-094955"
1776333934,,ui,say,==> control-server.amazon-ebs.control_server: Adding tag: "OS": "Ubuntu 22.04"
1776333934,,ui,say,==> control-server.amazon-ebs.control_server: Adding tag: "BuildTime": "20260416-094955"
1776333934,,ui,say,==> control-server.amazon-ebs.control_server: Creating snapshot tags
1776333934,,ui,say,==> control-server.amazon-ebs.control_server: Terminating the source AWS instance...
1776333950,,ui,say,==> control-server.amazon-ebs.control_server: Cleaning up any extra volumes...
1776333950,,ui,say,==> control-server.amazon-ebs.control_server: No volumes to clean up%!(PACKER_COMMA) skipping
1776333950,,ui,say,==> control-server.amazon-ebs.control_server: Deleting temporary security group...
1776333950,,ui,say,==> control-server.amazon-ebs.control_server: Deleting temporary keypair...
1776333951,,ui,say,==> control-server.amazon-ebs.control_server: Running post-processor:  (type manifest)
1776333951,,ui,say,Build 'control-server.amazon-ebs.control_server' finished after 15 minutes 53 seconds.
1776333951,,ui,say,\n==> Wait completed after 15 minutes 53 seconds
1776333951,,ui,say,\n==> Builds finished. The artifacts of successful builds are:
1776333951,control-server.amazon-ebs.control_server,artifact-count,2
1776333951,control-server.amazon-ebs.control_server,artifact,0,builder-id,mitchellh.amazonebs
1776333951,control-server.amazon-ebs.control_server,artifact,0,id,us-east-1:ami-02571aec275e8e1d7
1776333951,control-server.amazon-ebs.control_server,artifact,0,string,AMIs were created:\nus-east-1: ami-02571aec275e8e1d7\n
1776333951,control-server.amazon-ebs.control_server,artifact,0,files-count,0
1776333951,control-server.amazon-ebs.control_server,artifact,0,end
1776333951,,ui,say,--> control-server.amazon-ebs.control_server: AMIs were created:\nus-east-1: ami-02571aec275e8e1d7\n
1776333951,control-server.amazon-ebs.control_server,artifact,1,builder-id,mitchellh.amazonebs
1776333951,control-server.amazon-ebs.control_server,artifact,1,id,us-east-1:ami-02571aec275e8e1d7
1776333951,control-server.amazon-ebs.control_server,artifact,1,string,AMIs were created:\nus-east-1: ami-02571aec275e8e1d7\n
1776333951,control-server.amazon-ebs.control_server,artifact,1,files-count,0
1776333951,control-server.amazon-ebs.control_server,artifact,1,end
1776333951,,ui,say,--> control-server.amazon-ebs.control_server: AMIs were created:\nus-east-1: ami-02571aec275e8e1d7\n
